siteID,plotID,nlcdClass,elevation,collectDate,individualCount,testResult,testPathogenName,subsampleID,month,year
HARV,HARV_022,evergreenForest,185.9,2016-07-07,1,Negative,Ehrlichia muris-like,HARV_022.20160707.IXOSCA.N,7,2016
HARV,HARV_022,evergreenForest,185.9,2016-07-07,1,Negative,Anaplasma phagocytophilum,HARV_022.20160707.IXOSCA.N,7,2016
HARV,HARV_022,evergreenForest,185.9,2016-07-07,1,Negative,Babesia microti,HARV_022.20160707.IXOSCA.N,7,2016
HARV,HARV_022,evergreenForest,185.9,2016-07-07,1,Negative,Borrelia sp.,HARV_022.20160707.IXOSCA.N,7,2016
HARV,HARV_022,evergreenForest,185.9,2016-07-07,1,Negative,Ehrlichia muris-like,HARV_022.20160707.IXOSCA.N,7,2016
HARV,HARV_022,evergreenForest,185.9,2016-07-07,1,Negative,Borrelia miyamotoi,HARV_022.20160707.IXOSCA.N,7,2016
HARV,HARV_022,evergreenForest,185.9,2016-07-07,1,Negative,Borrelia sp.,HARV_022.20160707.IXOSCA.N,7,2016
HARV,HARV_022,evergreenForest,185.9,2016-07-07,1,Negative,Ehrlichia muris-like,HARV_022.20160707.IXOSCA.N,7,2016
HARV,HARV_022,evergreenForest,185.9,2016-07-07,1,Negative,Borrelia burgdorferi sensu lato,HARV_022.20160707.IXOSCA.N,7,2016
HARV,HARV_022,evergreenForest,185.9,2016-07-07,1,Positive,Borrelia sp.,HARV_022.20160707.IXOSCA.N,7,2016
HARV,HARV_022,evergreenForest,185.9,2016-07-07,1,Negative,Babesia microti,HARV_022.20160707.IXOSCA.N,7,2016
HARV,HARV_022,evergreenForest,185.9,2016-07-07,1,Negative,Anaplasma phagocytophilum,HARV_022.20160707.IXOSCA.N,7,2016
HARV,HARV_022,evergreenForest,185.9,2016-07-07,1,Negative,Ehrlichia muris-like,HARV_022.20160707.IXOSCA.N,7,2016
HARV,HARV_022,evergreenForest,185.9,2016-07-07,1,Negative,Borrelia mayonii,HARV_022.20160707.IXOSCA.N,7,2016
HARV,HARV_022,evergreenForest,185.9,2016-07-07,1,Negative,Ixodes pacificus,HARV_022.20160707.IXOSCA.N,7,2016
HARV,HARV_022,evergreenForest,185.9,2016-07-07,1,Negative,Anaplasma phagocytophilum,HARV_022.20160707.IXOSCA.N,7,2016
HARV,HARV_022,evergreenForest,185.9,2016-07-07,1,Negative,Borrelia mayonii,HARV_022.20160707.IXOSCA.N,7,2016
HARV,HARV_022,evergreenForest,185.9,2016-07-07,1,Negative,Borrelia mayonii,HARV_022.20160707.IXOSCA.N,7,2016
HARV,HARV_022,evergreenForest,185.9,2016-07-07,1,Negative,Borrelia burgdorferi sensu lato,HARV_022.20160707.IXOSCA.N,7,2016
HARV,HARV_022,evergreenForest,185.9,2016-07-07,1,Negative,Borrelia mayonii,HARV_022.20160707.IXOSCA.N,7,2016
HARV,HARV_022,evergreenForest,185.9,2016-07-07,1,Negative,Ixodes pacificus,HARV_022.20160707.IXOSCA.N,7,2016
HARV,HARV_022,evergreenForest,185.9,2016-07-07,1,Negative,Borrelia miyamotoi,HARV_022.20160707.IXOSCA.N,7,2016
HARV,HARV_022,evergreenForest,185.9,2016-07-07,1,Negative,Borrelia sp.,HARV_022.20160707.IXOSCA.N,7,2016
HARV,HARV_022,evergreenForest,185.9,2016-07-07,1,Negative,Borrelia miyamotoi,HARV_022.20160707.IXOSCA.N,7,2016
HARV,HARV_022,evergreenForest,185.9,2016-07-07,1,Positive,Borrelia burgdorferi sensu lato,HARV_022.20160707.IXOSCA.N,7,2016
HARV,HARV_022,evergreenForest,185.9,2016-07-07,1,Negative,Ixodes pacificus,HARV_022.20160707.IXOSCA.N,7,2016
HARV,HARV_022,evergreenForest,185.9,2016-07-07,1,Negative,Ixodes pacificus,HARV_022.20160707.IXOSCA.N,7,2016
HARV,HARV_022,evergreenForest,185.9,2016-07-07,1,Negative,Babesia microti,HARV_022.20160707.IXOSCA.N,7,2016
HARV,HARV_022,evergreenForest,185.9,2016-07-07,1,Negative,Babesia microti,HARV_022.20160707.IXOSCA.N,7,2016
HARV,HARV_022,evergreenForest,185.9,2016-07-07,1,Negative,Anaplasma phagocytophilum,HARV_022.20160707.IXOSCA.N,7,2016
HARV,HARV_022,evergreenForest,185.9,2016-07-07,1,Negative,Borrelia miyamotoi,HARV_022.20160707.IXOSCA.N,7,2016
HARV,HARV_022,evergreenForest,185.9,2016-07-07,1,Negative,Borrelia burgdorferi sensu lato,HARV_022.20160707.IXOSCA.N,7,2016
HARV,HARV_001,deciduousForest,202.1,2016-07-07,1,Negative,Anaplasma phagocytophilum,HARV_001.20160707.IXOSCA.N,7,2016
HARV,HARV_001,deciduousForest,202.1,2016-07-07,1,Negative,Borrelia burgdorferi sensu lato,HARV_001.20160707.IXOSCA.N,7,2016
HARV,HARV_001,deciduousForest,202.1,2016-07-07,1,Negative,Borrelia sp.,HARV_001.20160707.IXOSCA.N,7,2016
HARV,HARV_001,deciduousForest,202.1,2016-07-07,1,Negative,Borrelia miyamotoi,HARV_001.20160707.IXOSCA.N,7,2016
HARV,HARV_001,deciduousForest,202.1,2016-07-07,1,Negative,Babesia microti,HARV_001.20160707.IXOSCA.N,7,2016
HARV,HARV_001,deciduousForest,202.1,2016-07-07,1,Negative,Borrelia mayonii,HARV_001.20160707.IXOSCA.N,7,2016
HARV,HARV_001,deciduousForest,202.1,2016-07-07,1,Negative,Ehrlichia muris-like,HARV_001.20160707.IXOSCA.N,7,2016
HARV,HARV_001,deciduousForest,202.1,2016-07-07,1,Negative,Ixodes pacificus,HARV_001.20160707.IXOSCA.N,7,2016
HARV,HARV_020,woodyWetlands,228.3,2016-07-07,1,Negative,Borrelia sp.,HARV_020.20160707.IXOSCA.N,7,2016
HARV,HARV_020,woodyWetlands,228.3,2016-07-07,1,Negative,Anaplasma phagocytophilum,HARV_020.20160707.IXOSCA.N,7,2016
HARV,HARV_020,woodyWetlands,228.3,2016-07-07,1,Negative,Ixodes pacificus,HARV_020.20160707.IXOSCA.N,7,2016
HARV,HARV_020,woodyWetlands,228.3,2016-07-07,1,Negative,Borrelia mayonii,HARV_020.20160707.IXOSCA.N,7,2016
HARV,HARV_020,woodyWetlands,228.3,2016-07-07,1,Negative,Borrelia miyamotoi,HARV_020.20160707.IXOSCA.N,7,2016
HARV,HARV_020,woodyWetlands,228.3,2016-07-07,1,Negative,Borrelia burgdorferi sensu lato,HARV_020.20160707.IXOSCA.N,7,2016
HARV,HARV_020,woodyWetlands,228.3,2016-07-07,1,Negative,Borrelia miyamotoi,HARV_020.20160707.IXOSCA.N,7,2016
HARV,HARV_020,woodyWetlands,228.3,2016-07-07,1,Negative,Borrelia mayonii,HARV_020.20160707.IXOSCA.N,7,2016
HARV,HARV_020,woodyWetlands,228.3,2016-07-07,1,Negative,Borrelia sp.,HARV_020.20160707.IXOSCA.N,7,2016
HARV,HARV_020,woodyWetlands,228.3,2016-07-07,1,Positive,Borrelia sp.,HARV_020.20160707.IXOSCA.N,7,2016
HARV,HARV_020,woodyWetlands,228.3,2016-07-07,1,Negative,Borrelia miyamotoi,HARV_020.20160707.IXOSCA.N,7,2016
HARV,HARV_020,woodyWetlands,228.3,2016-07-07,1,Negative,Babesia microti,HARV_020.20160707.IXOSCA.N,7,2016
HARV,HARV_020,woodyWetlands,228.3,2016-07-07,1,Negative,Babesia microti,HARV_020.20160707.IXOSCA.N,7,2016
HARV,HARV_020,woodyWetlands,228.3,2016-07-07,1,Negative,Borrelia mayonii,HARV_020.20160707.IXOSCA.N,7,2016
HARV,HARV_020,woodyWetlands,228.3,2016-07-07,1,Negative,Ixodes pacificus,HARV_020.20160707.IXOSCA.N,7,2016
HARV,HARV_020,woodyWetlands,228.3,2016-07-07,1,Negative,Ehrlichia muris-like,HARV_020.20160707.IXOSCA.N,7,2016
HARV,HARV_020,woodyWetlands,228.3,2016-07-07,1,Negative,Babesia microti,HARV_020.20160707.IXOSCA.N,7,2016
HARV,HARV_020,woodyWetlands,228.3,2016-07-07,1,Negative,Anaplasma phagocytophilum,HARV_020.20160707.IXOSCA.N,7,2016
HARV,HARV_020,woodyWetlands,228.3,2016-07-07,1,Negative,Babesia microti,HARV_020.20160707.IXOSCA.N,7,2016
HARV,HARV_020,woodyWetlands,228.3,2016-07-07,1,Negative,Borrelia burgdorferi sensu lato,HARV_020.20160707.IXOSCA.N,7,2016
HARV,HARV_020,woodyWetlands,228.3,2016-07-07,1,Negative,Ehrlichia muris-like,HARV_020.20160707.IXOSCA.N,7,2016
HARV,HARV_020,woodyWetlands,228.3,2016-07-07,1,Negative,Borrelia mayonii,HARV_020.20160707.IXOSCA.N,7,2016
HARV,HARV_020,woodyWetlands,228.3,2016-07-07,1,Negative,Anaplasma phagocytophilum,HARV_020.20160707.IXOSCA.N,7,2016
HARV,HARV_020,woodyWetlands,228.3,2016-07-07,1,Negative,Anaplasma phagocytophilum,HARV_020.20160707.IXOSCA.N,7,2016
HARV,HARV_020,woodyWetlands,228.3,2016-07-07,1,Positive,Borrelia burgdorferi sensu lato,HARV_020.20160707.IXOSCA.N,7,2016
HARV,HARV_020,woodyWetlands,228.3,2016-07-07,1,Negative,Ixodes pacificus,HARV_020.20160707.IXOSCA.N,7,2016
HARV,HARV_020,woodyWetlands,228.3,2016-07-07,1,Negative,Ehrlichia muris-like,HARV_020.20160707.IXOSCA.N,7,2016
HARV,HARV_020,woodyWetlands,228.3,2016-07-07,1,Negative,Ixodes pacificus,HARV_020.20160707.IXOSCA.N,7,2016
HARV,HARV_020,woodyWetlands,228.3,2016-07-07,1,Negative,Ehrlichia muris-like,HARV_020.20160707.IXOSCA.N,7,2016
HARV,HARV_020,woodyWetlands,228.3,2016-07-07,1,Negative,Borrelia sp.,HARV_020.20160707.IXOSCA.N,7,2016
HARV,HARV_020,woodyWetlands,228.3,2016-07-07,1,Negative,Borrelia burgdorferi sensu lato,HARV_020.20160707.IXOSCA.N,7,2016
HARV,HARV_020,woodyWetlands,228.3,2016-07-07,1,Negative,Borrelia miyamotoi,HARV_020.20160707.IXOSCA.N,7,2016
HARV,HARV_004,mixedForest,182.6,2016-07-07,1,Negative,Ixodes pacificus,HARV_004.20160707.IXOSCA.N,7,2016
HARV,HARV_004,mixedForest,182.6,2016-07-07,1,Negative,Borrelia mayonii,HARV_004.20160707.IXOSCA.N,7,2016
HARV,HARV_004,mixedForest,182.6,2016-07-07,1,Negative,Ehrlichia muris-like,HARV_004.20160707.IXOSCA.N,7,2016
HARV,HARV_004,mixedForest,182.6,2016-07-07,1,Negative,Ehrlichia muris-like,HARV_004.20160707.IXOSCA.N,7,2016
HARV,HARV_004,mixedForest,182.6,2016-07-07,1,Negative,Borrelia sp.,HARV_004.20160707.IXOSCA.N,7,2016
HARV,HARV_004,mixedForest,182.6,2016-07-07,1,Positive,Borrelia burgdorferi sensu lato,HARV_004.20160707.IXOSCA.N,7,2016
HARV,HARV_004,mixedForest,182.6,2016-07-07,1,Negative,Babesia microti,HARV_004.20160707.IXOSCA.N,7,2016
HARV,HARV_004,mixedForest,182.6,2016-07-07,1,Negative,Anaplasma phagocytophilum,HARV_004.20160707.IXOSCA.N,7,2016
HARV,HARV_004,mixedForest,182.6,2016-07-07,1,Negative,Babesia microti,HARV_004.20160707.IXOSCA.N,7,2016
HARV,HARV_004,mixedForest,182.6,2016-07-07,1,Negative,Borrelia mayonii,HARV_004.20160707.IXOSCA.N,7,2016
HARV,HARV_004,mixedForest,182.6,2016-07-07,1,Positive,Borrelia sp.,HARV_004.20160707.IXOSCA.N,7,2016
HARV,HARV_004,mixedForest,182.6,2016-07-07,1,Negative,Borrelia burgdorferi sensu lato,HARV_004.20160707.IXOSCA.N,7,2016
HARV,HARV_004,mixedForest,182.6,2016-07-07,1,Negative,Borrelia miyamotoi,HARV_004.20160707.IXOSCA.N,7,2016
HARV,HARV_004,mixedForest,182.6,2016-07-07,1,Negative,Borrelia miyamotoi,HARV_004.20160707.IXOSCA.N,7,2016
HARV,HARV_004,mixedForest,182.6,2016-07-07,1,Negative,Anaplasma phagocytophilum,HARV_004.20160707.IXOSCA.N,7,2016
HARV,HARV_004,mixedForest,182.6,2016-07-07,1,Negative,Ixodes pacificus,HARV_004.20160707.IXOSCA.N,7,2016
HARV,HARV_022,evergreenForest,185.9,2016-06-16,1,Negative,Borrelia burgdorferi sensu lato,HARV_022.20160616.IXOSCA.N,6,2016
HARV,HARV_022,evergreenForest,185.9,2016-06-16,1,Negative,Ixodes pacificus,HARV_022.20160616.IXOSCA.N,6,2016
HARV,HARV_022,evergreenForest,185.9,2016-06-16,1,Positive,Borrelia burgdorferi sensu lato,HARV_022.20160616.IXOSCA.N,6,2016
HARV,HARV_022,evergreenForest,185.9,2016-06-16,1,Negative,Borrelia mayonii,HARV_022.20160616.IXOSCA.N,6,2016
HARV,HARV_022,evergreenForest,185.9,2016-06-16,1,Negative,Anaplasma phagocytophilum,HARV_022.20160616.IXOSCA.N,6,2016
HARV,HARV_022,evergreenForest,185.9,2016-06-16,1,Negative,Ehrlichia muris-like,HARV_022.20160616.IXOSCA.N,6,2016
HARV,HARV_022,evergreenForest,185.9,2016-06-16,1,Negative,Ehrlichia muris-like,HARV_022.20160616.IXOSCA.N,6,2016
HARV,HARV_022,evergreenForest,185.9,2016-06-16,1,Negative,Babesia microti,HARV_022.20160616.IXOSCA.N,6,2016
HARV,HARV_022,evergreenForest,185.9,2016-06-16,1,Negative,Anaplasma phagocytophilum,HARV_022.20160616.IXOSCA.N,6,2016
HARV,HARV_022,evergreenForest,185.9,2016-06-16,1,Negative,Anaplasma phagocytophilum,HARV_022.20160616.IXOSCA.N,6,2016
HARV,HARV_022,evergreenForest,185.9,2016-06-16,1,Negative,Borrelia burgdorferi sensu lato,HARV_022.20160616.IXOSCA.N,6,2016
HARV,HARV_022,evergreenForest,185.9,2016-06-16,1,Negative,Ixodes pacificus,HARV_022.20160616.IXOSCA.N,6,2016
HARV,HARV_022,evergreenForest,185.9,2016-06-16,1,Positive,Borrelia sp.,HARV_022.20160616.IXOSCA.N,6,2016
HARV,HARV_022,evergreenForest,185.9,2016-06-16,1,Negative,Borrelia miyamotoi,HARV_022.20160616.IXOSCA.N,6,2016
HARV,HARV_022,evergreenForest,185.9,2016-06-16,1,Negative,Babesia microti,HARV_022.20160616.IXOSCA.N,6,2016
HARV,HARV_022,evergreenForest,185.9,2016-06-16,1,Negative,Borrelia mayonii,HARV_022.20160616.IXOSCA.N,6,2016
HARV,HARV_022,evergreenForest,185.9,2016-06-16,1,Negative,Borrelia sp.,HARV_022.20160616.IXOSCA.N,6,2016
HARV,HARV_022,evergreenForest,185.9,2016-06-16,1,Negative,Ehrlichia muris-like,HARV_022.20160616.IXOSCA.N,6,2016
HARV,HARV_022,evergreenForest,185.9,2016-06-16,1,Negative,Borrelia mayonii,HARV_022.20160616.IXOSCA.N,6,2016
HARV,HARV_022,evergreenForest,185.9,2016-06-16,1,Negative,Babesia microti,HARV_022.20160616.IXOSCA.N,6,2016
HARV,HARV_022,evergreenForest,185.9,2016-06-16,1,Negative,Borrelia sp.,HARV_022.20160616.IXOSCA.N,6,2016
HARV,HARV_022,evergreenForest,185.9,2016-06-16,1,Negative,Ixodes pacificus,HARV_022.20160616.IXOSCA.N,6,2016
HARV,HARV_022,evergreenForest,185.9,2016-06-16,1,Negative,Borrelia miyamotoi,HARV_022.20160616.IXOSCA.N,6,2016
HARV,HARV_022,evergreenForest,185.9,2016-06-16,1,Negative,Borrelia miyamotoi,HARV_022.20160616.IXOSCA.N,6,2016
HARV,HARV_004,mixedForest,182.6,2016-06-16,1,Positive,Borrelia sp.,HARV_004.20160616.IXOSCA.N,6,2016
HARV,HARV_004,mixedForest,182.6,2016-06-16,1,Negative,Ehrlichia muris-like,HARV_004.20160616.IXOSCA.N,6,2016
HARV,HARV_004,mixedForest,182.6,2016-06-16,1,Negative,Babesia microti,HARV_004.20160616.IXOSCA.N,6,2016
HARV,HARV_004,mixedForest,182.6,2016-06-16,1,Negative,Borrelia miyamotoi,HARV_004.20160616.IXOSCA.N,6,2016
HARV,HARV_004,mixedForest,182.6,2016-06-16,1,Negative,Ehrlichia muris-like,HARV_004.20160616.IXOSCA.N,6,2016
HARV,HARV_004,mixedForest,182.6,2016-06-16,1,Negative,Anaplasma phagocytophilum,HARV_004.20160616.IXOSCA.N,6,2016
HARV,HARV_004,mixedForest,182.6,2016-06-16,1,Negative,Borrelia miyamotoi,HARV_004.20160616.IXOSCA.N,6,2016
HARV,HARV_004,mixedForest,182.6,2016-06-16,1,Negative,Borrelia sp.,HARV_004.20160616.IXOSCA.N,6,2016
HARV,HARV_004,mixedForest,182.6,2016-06-16,1,Negative,Borrelia burgdorferi sensu lato,HARV_004.20160616.IXOSCA.N,6,2016
HARV,HARV_004,mixedForest,182.6,2016-06-16,1,Negative,Borrelia mayonii,HARV_004.20160616.IXOSCA.N,6,2016
HARV,HARV_004,mixedForest,182.6,2016-06-16,1,Negative,Borrelia mayonii,HARV_004.20160616.IXOSCA.N,6,2016
HARV,HARV_004,mixedForest,182.6,2016-06-16,1,Negative,Ixodes pacificus,HARV_004.20160616.IXOSCA.N,6,2016
HARV,HARV_004,mixedForest,182.6,2016-06-16,1,Negative,Borrelia burgdorferi sensu lato,HARV_004.20160616.IXOSCA.N,6,2016
HARV,HARV_004,mixedForest,182.6,2016-06-16,1,Negative,Borrelia mayonii,HARV_004.20160616.IXOSCA.N,6,2016
HARV,HARV_004,mixedForest,182.6,2016-06-16,1,Negative,Borrelia miyamotoi,HARV_004.20160616.IXOSCA.N,6,2016
HARV,HARV_004,mixedForest,182.6,2016-06-16,1,Negative,Ehrlichia muris-like,HARV_004.20160616.IXOSCA.N,6,2016
HARV,HARV_004,mixedForest,182.6,2016-06-16,1,Negative,Ixodes pacificus,HARV_004.20160616.IXOSCA.N,6,2016
HARV,HARV_004,mixedForest,182.6,2016-06-16,1,Negative,Ixodes pacificus,HARV_004.20160616.IXOSCA.N,6,2016
HARV,HARV_004,mixedForest,182.6,2016-06-16,1,Negative,Borrelia mayonii,HARV_004.20160616.IXOSCA.N,6,2016
HARV,HARV_004,mixedForest,182.6,2016-06-16,1,Negative,Borrelia miyamotoi,HARV_004.20160616.IXOSCA.N,6,2016
HARV,HARV_004,mixedForest,182.6,2016-06-16,1,Negative,Borrelia miyamotoi,HARV_004.20160616.IXOSCA.N,6,2016
HARV,HARV_004,mixedForest,182.6,2016-06-16,1,Negative,Borrelia mayonii,HARV_004.20160616.IXOSCA.N,6,2016
HARV,HARV_004,mixedForest,182.6,2016-06-16,1,Negative,Anaplasma phagocytophilum,HARV_004.20160616.IXOSCA.N,6,2016
HARV,HARV_004,mixedForest,182.6,2016-06-16,1,Negative,Anaplasma phagocytophilum,HARV_004.20160616.IXOSCA.N,6,2016
HARV,HARV_004,mixedForest,182.6,2016-06-16,1,Negative,Borrelia sp.,HARV_004.20160616.IXOSCA.N,6,2016
HARV,HARV_004,mixedForest,182.6,2016-06-16,1,Negative,Babesia microti,HARV_004.20160616.IXOSCA.N,6,2016
HARV,HARV_004,mixedForest,182.6,2016-06-16,1,Negative,Ixodes pacificus,HARV_004.20160616.IXOSCA.N,6,2016
HARV,HARV_004,mixedForest,182.6,2016-06-16,1,Negative,Borrelia miyamotoi,HARV_004.20160616.IXOSCA.N,6,2016
HARV,HARV_004,mixedForest,182.6,2016-06-16,1,Negative,Babesia microti,HARV_004.20160616.IXOSCA.N,6,2016
HARV,HARV_004,mixedForest,182.6,2016-06-16,1,Negative,Babesia microti,HARV_004.20160616.IXOSCA.N,6,2016
HARV,HARV_004,mixedForest,182.6,2016-06-16,1,Negative,Borrelia burgdorferi sensu lato,HARV_004.20160616.IXOSCA.N,6,2016
HARV,HARV_004,mixedForest,182.6,2016-06-16,1,Negative,Borrelia sp.,HARV_004.20160616.IXOSCA.N,6,2016
HARV,HARV_004,mixedForest,182.6,2016-06-16,1,Negative,Borrelia mayonii,HARV_004.20160616.IXOSCA.N,6,2016
HARV,HARV_004,mixedForest,182.6,2016-06-16,1,Negative,Borrelia burgdorferi sensu lato,HARV_004.20160616.IXOSCA.N,6,2016
HARV,HARV_004,mixedForest,182.6,2016-06-16,1,Negative,Borrelia burgdorferi sensu lato,HARV_004.20160616.IXOSCA.N,6,2016
HARV,HARV_004,mixedForest,182.6,2016-06-16,1,Negative,Ehrlichia muris-like,HARV_004.20160616.IXOSCA.N,6,2016
HARV,HARV_004,mixedForest,182.6,2016-06-16,1,Negative,Ixodes pacificus,HARV_004.20160616.IXOSCA.N,6,2016
HARV,HARV_004,mixedForest,182.6,2016-06-16,1,Negative,Ixodes pacificus,HARV_004.20160616.IXOSCA.N,6,2016
HARV,HARV_004,mixedForest,182.6,2016-06-16,1,Negative,Babesia microti,HARV_004.20160616.IXOSCA.N,6,2016
HARV,HARV_004,mixedForest,182.6,2016-06-16,1,Negative,Babesia microti,HARV_004.20160616.IXOSCA.N,6,2016
HARV,HARV_004,mixedForest,182.6,2016-06-16,1,Negative,Borrelia sp.,HARV_004.20160616.IXOSCA.N,6,2016
HARV,HARV_004,mixedForest,182.6,2016-06-16,1,Negative,Anaplasma phagocytophilum,HARV_004.20160616.IXOSCA.N,6,2016
HARV,HARV_004,mixedForest,182.6,2016-06-16,1,Negative,Anaplasma phagocytophilum,HARV_004.20160616.IXOSCA.N,6,2016
HARV,HARV_004,mixedForest,182.6,2016-06-16,1,Negative,Ehrlichia muris-like,HARV_004.20160616.IXOSCA.N,6,2016
HARV,HARV_004,mixedForest,182.6,2016-06-16,1,Negative,Borrelia miyamotoi,HARV_004.20160616.IXOSCA.N,6,2016
HARV,HARV_004,mixedForest,182.6,2016-06-16,1,Negative,Ehrlichia muris-like,HARV_004.20160616.IXOSCA.N,6,2016
HARV,HARV_004,mixedForest,182.6,2016-06-16,1,Negative,Borrelia burgdorferi sensu lato,HARV_004.20160616.IXOSCA.N,6,2016
HARV,HARV_004,mixedForest,182.6,2016-06-16,1,Negative,Ixodes pacificus,HARV_004.20160616.IXOSCA.N,6,2016
HARV,HARV_004,mixedForest,182.6,2016-06-16,1,Positive,Borrelia burgdorferi sensu lato,HARV_004.20160616.IXOSCA.N,6,2016
HARV,HARV_004,mixedForest,182.6,2016-06-16,1,Negative,Babesia microti,HARV_004.20160616.IXOSCA.N,6,2016
HARV,HARV_004,mixedForest,182.6,2016-06-16,1,Negative,Ehrlichia muris-like,HARV_004.20160616.IXOSCA.N,6,2016
HARV,HARV_004,mixedForest,182.6,2016-06-16,1,Negative,Borrelia mayonii,HARV_004.20160616.IXOSCA.N,6,2016
HARV,HARV_004,mixedForest,182.6,2016-06-16,1,Negative,Anaplasma phagocytophilum,HARV_004.20160616.IXOSCA.N,6,2016
HARV,HARV_004,mixedForest,182.6,2016-06-16,1,Negative,Anaplasma phagocytophilum,HARV_004.20160616.IXOSCA.N,6,2016
HARV,HARV_004,mixedForest,182.6,2016-06-16,1,Negative,Borrelia sp.,HARV_004.20160616.IXOSCA.N,6,2016
HARV,HARV_004,mixedForest,182.6,2016-06-16,1,Negative,Borrelia sp.,HARV_004.20160616.IXOSCA.N,6,2016
HARV,HARV_020,woodyWetlands,228.3,2016-06-16,1,Negative,Borrelia burgdorferi sensu lato,HARV_020.20160616.IXOSCA.N,6,2016
HARV,HARV_020,woodyWetlands,228.3,2016-06-16,1,Negative,Borrelia sp.,HARV_020.20160616.IXOSCA.N,6,2016
HARV,HARV_020,woodyWetlands,228.3,2016-06-16,1,Negative,Ehrlichia muris-like,HARV_020.20160616.IXOSCA.N,6,2016
HARV,HARV_020,woodyWetlands,228.3,2016-06-16,1,Negative,Anaplasma phagocytophilum,HARV_020.20160616.IXOSCA.N,6,2016
HARV,HARV_020,woodyWetlands,228.3,2016-06-16,1,Negative,Ixodes pacificus,HARV_020.20160616.IXOSCA.N,6,2016
HARV,HARV_020,woodyWetlands,228.3,2016-06-16,1,Negative,Borrelia miyamotoi,HARV_020.20160616.IXOSCA.N,6,2016
HARV,HARV_020,woodyWetlands,228.3,2016-06-16,1,Negative,Babesia microti,HARV_020.20160616.IXOSCA.N,6,2016
HARV,HARV_020,woodyWetlands,228.3,2016-06-16,1,Negative,Borrelia mayonii,HARV_020.20160616.IXOSCA.N,6,2016
HARV,HARV_001,deciduousForest,202.1,2016-06-16,1,Negative,Ixodes pacificus,HARV_001.20160616.IXOSCA.N,6,2016
HARV,HARV_001,deciduousForest,202.1,2016-06-16,1,Negative,Borrelia sp.,HARV_001.20160616.IXOSCA.N,6,2016
HARV,HARV_001,deciduousForest,202.1,2016-06-16,1,Negative,Ehrlichia muris-like,HARV_001.20160616.IXOSCA.N,6,2016
HARV,HARV_001,deciduousForest,202.1,2016-06-16,1,Negative,Ixodes pacificus,HARV_001.20160616.IXOSCA.N,6,2016
HARV,HARV_001,deciduousForest,202.1,2016-06-16,1,Negative,Anaplasma phagocytophilum,HARV_001.20160616.IXOSCA.N,6,2016
HARV,HARV_001,deciduousForest,202.1,2016-06-16,1,Negative,Ixodes pacificus,HARV_001.20160616.IXOSCA.N,6,2016
HARV,HARV_001,deciduousForest,202.1,2016-06-16,1,Negative,Borrelia mayonii,HARV_001.20160616.IXOSCA.N,6,2016
HARV,HARV_001,deciduousForest,202.1,2016-06-16,1,Negative,Babesia microti,HARV_001.20160616.IXOSCA.N,6,2016
HARV,HARV_001,deciduousForest,202.1,2016-06-16,1,Negative,Anaplasma phagocytophilum,HARV_001.20160616.IXOSCA.N,6,2016
HARV,HARV_001,deciduousForest,202.1,2016-06-16,1,Negative,Borrelia mayonii,HARV_001.20160616.IXOSCA.N,6,2016
HARV,HARV_001,deciduousForest,202.1,2016-06-16,1,Negative,Borrelia miyamotoi,HARV_001.20160616.IXOSCA.N,6,2016
HARV,HARV_001,deciduousForest,202.1,2016-06-16,1,Negative,Borrelia miyamotoi,HARV_001.20160616.IXOSCA.N,6,2016
HARV,HARV_001,deciduousForest,202.1,2016-06-16,1,Negative,Borrelia burgdorferi sensu lato,HARV_001.20160616.IXOSCA.N,6,2016
HARV,HARV_001,deciduousForest,202.1,2016-06-16,1,Negative,Anaplasma phagocytophilum,HARV_001.20160616.IXOSCA.N,6,2016
HARV,HARV_001,deciduousForest,202.1,2016-06-16,1,Negative,Borrelia sp.,HARV_001.20160616.IXOSCA.N,6,2016
HARV,HARV_001,deciduousForest,202.1,2016-06-16,1,Negative,Babesia microti,HARV_001.20160616.IXOSCA.N,6,2016
HARV,HARV_001,deciduousForest,202.1,2016-06-16,1,Negative,Borrelia sp.,HARV_001.20160616.IXOSCA.N,6,2016
HARV,HARV_001,deciduousForest,202.1,2016-06-16,1,Negative,Borrelia miyamotoi,HARV_001.20160616.IXOSCA.N,6,2016
HARV,HARV_001,deciduousForest,202.1,2016-06-16,1,Negative,Babesia microti,HARV_001.20160616.IXOSCA.N,6,2016
HARV,HARV_001,deciduousForest,202.1,2016-06-16,1,Negative,Ehrlichia muris-like,HARV_001.20160616.IXOSCA.N,6,2016
HARV,HARV_001,deciduousForest,202.1,2016-06-16,1,Negative,Borrelia burgdorferi sensu lato,HARV_001.20160616.IXOSCA.N,6,2016
HARV,HARV_001,deciduousForest,202.1,2016-06-16,1,Negative,Borrelia mayonii,HARV_001.20160616.IXOSCA.N,6,2016
HARV,HARV_001,deciduousForest,202.1,2016-06-16,1,Negative,Borrelia burgdorferi sensu lato,HARV_001.20160616.IXOSCA.N,6,2016
HARV,HARV_001,deciduousForest,202.1,2016-06-16,1,Negative,Ehrlichia muris-like,HARV_001.20160616.IXOSCA.N,6,2016
HARV,HARV_001,deciduousForest,202.1,2017-05-30,1,Negative,Ehrlichia muris-like,HARV_001.20170530.IXOSCA.N,5,2017
HARV,HARV_001,deciduousForest,202.1,2017-05-30,1,Negative,Ixodes pacificus,HARV_001.20170530.IXOSCA.N,5,2017
HARV,HARV_001,deciduousForest,202.1,2017-05-30,1,Negative,Anaplasma phagocytophilum,HARV_001.20170530.IXOSCA.N,5,2017
HARV,HARV_001,deciduousForest,202.1,2017-05-30,1,Positive,Borrelia sp.,HARV_001.20170530.IXOSCA.N,5,2017
HARV,HARV_001,deciduousForest,202.1,2017-05-30,1,Negative,Borrelia miyamotoi,HARV_001.20170530.IXOSCA.N,5,2017
HARV,HARV_001,deciduousForest,202.1,2017-05-30,1,Negative,Ixodes pacificus,HARV_001.20170530.IXOSCA.N,5,2017
HARV,HARV_001,deciduousForest,202.1,2017-05-30,1,Negative,Ixodes pacificus,HARV_001.20170530.IXOSCA.N,5,2017
HARV,HARV_001,deciduousForest,202.1,2017-05-30,1,Negative,Ixodes pacificus,HARV_001.20170530.IXOSCA.N,5,2017
HARV,HARV_001,deciduousForest,202.1,2017-05-30,1,Negative,Anaplasma phagocytophilum,HARV_001.20170530.IXOSCA.N,5,2017
HARV,HARV_001,deciduousForest,202.1,2017-05-30,1,Positive,Borrelia burgdorferi sensu lato,HARV_001.20170530.IXOSCA.N,5,2017
HARV,HARV_001,deciduousForest,202.1,2017-05-30,1,Negative,Borrelia mayonii,HARV_001.20170530.IXOSCA.N,5,2017
HARV,HARV_001,deciduousForest,202.1,2017-05-30,1,Negative,Babesia microti,HARV_001.20170530.IXOSCA.N,5,2017
HARV,HARV_001,deciduousForest,202.1,2017-05-30,1,Negative,Borrelia miyamotoi,HARV_001.20170530.IXOSCA.N,5,2017
HARV,HARV_001,deciduousForest,202.1,2017-05-30,1,Negative,Borrelia mayonii,HARV_001.20170530.IXOSCA.N,5,2017
HARV,HARV_001,deciduousForest,202.1,2017-05-30,1,Negative,Borrelia burgdorferi sensu lato,HARV_001.20170530.IXOSCA.N,5,2017
HARV,HARV_001,deciduousForest,202.1,2017-05-30,1,Negative,Borrelia miyamotoi,HARV_001.20170530.IXOSCA.N,5,2017
HARV,HARV_001,deciduousForest,202.1,2017-05-30,1,Negative,Babesia microti,HARV_001.20170530.IXOSCA.N,5,2017
HARV,HARV_001,deciduousForest,202.1,2017-05-30,1,Negative,Ehrlichia muris-like,HARV_001.20170530.IXOSCA.N,5,2017
HARV,HARV_001,deciduousForest,202.1,2017-05-30,1,Negative,Ixodes pacificus,HARV_001.20170530.IXOSCA.N,5,2017
HARV,HARV_001,deciduousForest,202.1,2017-05-30,1,Negative,Borrelia miyamotoi,HARV_001.20170530.IXOSCA.N,5,2017
HARV,HARV_001,deciduousForest,202.1,2017-05-30,1,Negative,Borrelia mayonii,HARV_001.20170530.IXOSCA.N,5,2017
HARV,HARV_001,deciduousForest,202.1,2017-05-30,1,Positive,Borrelia burgdorferi sensu lato,HARV_001.20170530.IXOSCA.N,5,2017
HARV,HARV_001,deciduousForest,202.1,2017-05-30,1,Negative,Babesia microti,HARV_001.20170530.IXOSCA.N,5,2017
HARV,HARV_001,deciduousForest,202.1,2017-05-30,1,Negative,Ehrlichia muris-like,HARV_001.20170530.IXOSCA.N,5,2017
HARV,HARV_001,deciduousForest,202.1,2017-05-30,1,Negative,Babesia microti,HARV_001.20170530.IXOSCA.N,5,2017
HARV,HARV_001,deciduousForest,202.1,2017-05-30,1,Negative,Borrelia mayonii,HARV_001.20170530.IXOSCA.N,5,2017
HARV,HARV_001,deciduousForest,202.1,2017-05-30,1,Negative,Borrelia sp.,HARV_001.20170530.IXOSCA.N,5,2017
HARV,HARV_001,deciduousForest,202.1,2017-05-30,1,Negative,Ixodes pacificus,HARV_001.20170530.IXOSCA.N,5,2017
HARV,HARV_001,deciduousForest,202.1,2017-05-30,1,Negative,Ehrlichia muris-like,HARV_001.20170530.IXOSCA.N,5,2017
HARV,HARV_001,deciduousForest,202.1,2017-05-30,1,Negative,Babesia microti,HARV_001.20170530.IXOSCA.N,5,2017
HARV,HARV_001,deciduousForest,202.1,2017-05-30,1,Positive,Borrelia burgdorferi sensu lato,HARV_001.20170530.IXOSCA.N,5,2017
HARV,HARV_001,deciduousForest,202.1,2017-05-30,1,Negative,Borrelia sp.,HARV_001.20170530.IXOSCA.N,5,2017
HARV,HARV_001,deciduousForest,202.1,2017-05-30,1,Negative,Ixodes pacificus,HARV_001.20170530.IXOSCA.N,5,2017
HARV,HARV_001,deciduousForest,202.1,2017-05-30,1,Negative,Borrelia mayonii,HARV_001.20170530.IXOSCA.N,5,2017
HARV,HARV_001,deciduousForest,202.1,2017-05-30,1,Negative,Anaplasma phagocytophilum,HARV_001.20170530.IXOSCA.N,5,2017
HARV,HARV_001,deciduousForest,202.1,2017-05-30,1,Negative,Borrelia burgdorferi sensu lato,HARV_001.20170530.IXOSCA.N,5,2017
HARV,HARV_001,deciduousForest,202.1,2017-05-30,1,Positive,Borrelia sp.,HARV_001.20170530.IXOSCA.N,5,2017
HARV,HARV_001,deciduousForest,202.1,2017-05-30,1,Negative,Ixodes pacificus,HARV_001.20170530.IXOSCA.N,5,2017
HARV,HARV_001,deciduousForest,202.1,2017-05-30,1,Negative,Borrelia mayonii,HARV_001.20170530.IXOSCA.N,5,2017
HARV,HARV_001,deciduousForest,202.1,2017-05-30,1,Negative,Borrelia mayonii,HARV_001.20170530.IXOSCA.N,5,2017
HARV,HARV_001,deciduousForest,202.1,2017-05-30,1,Positive,Borrelia sp.,HARV_001.20170530.IXOSCA.N,5,2017
HARV,HARV_001,deciduousForest,202.1,2017-05-30,1,Positive,Borrelia burgdorferi sensu lato,HARV_001.20170530.IXOSCA.N,5,2017
HARV,HARV_001,deciduousForest,202.1,2017-05-30,1,Positive,Borrelia burgdorferi sensu lato,HARV_001.20170530.IXOSCA.N,5,2017
HARV,HARV_001,deciduousForest,202.1,2017-05-30,1,Negative,Borrelia mayonii,HARV_001.20170530.IXOSCA.N,5,2017
HARV,HARV_001,deciduousForest,202.1,2017-05-30,1,Negative,Borrelia burgdorferi sensu lato,HARV_001.20170530.IXOSCA.N,5,2017
HARV,HARV_001,deciduousForest,202.1,2017-05-30,1,Negative,Borrelia sp.,HARV_001.20170530.IXOSCA.N,5,2017
HARV,HARV_001,deciduousForest,202.1,2017-05-30,1,Negative,Ehrlichia muris-like,HARV_001.20170530.IXOSCA.N,5,2017
HARV,HARV_001,deciduousForest,202.1,2017-05-30,1,Negative,Ehrlichia muris-like,HARV_001.20170530.IXOSCA.N,5,2017
HARV,HARV_001,deciduousForest,202.1,2017-05-30,1,Negative,Anaplasma phagocytophilum,HARV_001.20170530.IXOSCA.N,5,2017
HARV,HARV_001,deciduousForest,202.1,2017-05-30,1,Negative,Borrelia miyamotoi,HARV_001.20170530.IXOSCA.N,5,2017
HARV,HARV_001,deciduousForest,202.1,2017-05-30,1,Negative,Ehrlichia muris-like,HARV_001.20170530.IXOSCA.N,5,2017
HARV,HARV_001,deciduousForest,202.1,2017-05-30,1,Negative,Borrelia mayonii,HARV_001.20170530.IXOSCA.N,5,2017
HARV,HARV_001,deciduousForest,202.1,2017-05-30,1,Negative,Borrelia burgdorferi sensu lato,HARV_001.20170530.IXOSCA.N,5,2017
HARV,HARV_001,deciduousForest,202.1,2017-05-30,1,Negative,Borrelia mayonii,HARV_001.20170530.IXOSCA.N,5,2017
HARV,HARV_001,deciduousForest,202.1,2017-05-30,1,Negative,Borrelia miyamotoi,HARV_001.20170530.IXOSCA.N,5,2017
HARV,HARV_001,deciduousForest,202.1,2017-05-30,1,Negative,Babesia microti,HARV_001.20170530.IXOSCA.N,5,2017
HARV,HARV_001,deciduousForest,202.1,2017-05-30,1,Negative,Ixodes pacificus,HARV_001.20170530.IXOSCA.N,5,2017
HARV,HARV_001,deciduousForest,202.1,2017-05-30,1,Positive,Borrelia burgdorferi sensu lato,HARV_001.20170530.IXOSCA.N,5,2017
HARV,HARV_001,deciduousForest,202.1,2017-05-30,1,Negative,Babesia microti,HARV_001.20170530.IXOSCA.N,5,2017
HARV,HARV_001,deciduousForest,202.1,2017-05-30,1,Negative,Borrelia burgdorferi sensu lato,HARV_001.20170530.IXOSCA.N,5,2017
HARV,HARV_001,deciduousForest,202.1,2017-05-30,1,Negative,Anaplasma phagocytophilum,HARV_001.20170530.IXOSCA.N,5,2017
HARV,HARV_001,deciduousForest,202.1,2017-05-30,1,Negative,Ehrlichia muris-like,HARV_001.20170530.IXOSCA.N,5,2017
HARV,HARV_001,deciduousForest,202.1,2017-05-30,1,Negative,Anaplasma phagocytophilum,HARV_001.20170530.IXOSCA.N,5,2017
HARV,HARV_001,deciduousForest,202.1,2017-05-30,1,Negative,Anaplasma phagocytophilum,HARV_001.20170530.IXOSCA.N,5,2017
HARV,HARV_001,deciduousForest,202.1,2017-05-30,1,Negative,Borrelia miyamotoi,HARV_001.20170530.IXOSCA.N,5,2017
HARV,HARV_001,deciduousForest,202.1,2017-05-30,1,Negative,Ehrlichia muris-like,HARV_001.20170530.IXOSCA.N,5,2017
HARV,HARV_001,deciduousForest,202.1,2017-05-30,1,Positive,Anaplasma phagocytophilum,HARV_001.20170530.IXOSCA.N,5,2017
HARV,HARV_001,deciduousForest,202.1,2017-05-30,1,Negative,Ixodes pacificus,HARV_001.20170530.IXOSCA.N,5,2017
HARV,HARV_001,deciduousForest,202.1,2017-05-30,1,Negative,Anaplasma phagocytophilum,HARV_001.20170530.IXOSCA.N,5,2017
HARV,HARV_001,deciduousForest,202.1,2017-05-30,1,Negative,Borrelia sp.,HARV_001.20170530.IXOSCA.N,5,2017
HARV,HARV_001,deciduousForest,202.1,2017-05-30,1,Negative,Anaplasma phagocytophilum,HARV_001.20170530.IXOSCA.N,5,2017
HARV,HARV_001,deciduousForest,202.1,2017-05-30,1,Negative,Borrelia miyamotoi,HARV_001.20170530.IXOSCA.N,5,2017
HARV,HARV_001,deciduousForest,202.1,2017-05-30,1,Negative,Ehrlichia muris-like,HARV_001.20170530.IXOSCA.N,5,2017
HARV,HARV_001,deciduousForest,202.1,2017-05-30,1,Negative,Ixodes pacificus,HARV_001.20170530.IXOSCA.N,5,2017
HARV,HARV_001,deciduousForest,202.1,2017-05-30,1,Negative,Anaplasma phagocytophilum,HARV_001.20170530.IXOSCA.N,5,2017
HARV,HARV_001,deciduousForest,202.1,2017-05-30,1,Positive,Borrelia sp.,HARV_001.20170530.IXOSCA.N,5,2017
HARV,HARV_001,deciduousForest,202.1,2017-05-30,1,Negative,Borrelia sp.,HARV_001.20170530.IXOSCA.N,5,2017
HARV,HARV_001,deciduousForest,202.1,2017-05-30,1,Positive,Borrelia sp.,HARV_001.20170530.IXOSCA.N,5,2017
HARV,HARV_001,deciduousForest,202.1,2017-05-30,1,Negative,Anaplasma phagocytophilum,HARV_001.20170530.IXOSCA.N,5,2017
HARV,HARV_001,deciduousForest,202.1,2017-05-30,1,Negative,Borrelia mayonii,HARV_001.20170530.IXOSCA.N,5,2017
HARV,HARV_001,deciduousForest,202.1,2017-05-30,1,Negative,Borrelia miyamotoi,HARV_001.20170530.IXOSCA.N,5,2017
HARV,HARV_001,deciduousForest,202.1,2017-05-30,1,Negative,Ehrlichia muris-like,HARV_001.20170530.IXOSCA.N,5,2017
HARV,HARV_001,deciduousForest,202.1,2017-05-30,1,Negative,Ixodes pacificus,HARV_001.20170530.IXOSCA.N,5,2017
HARV,HARV_001,deciduousForest,202.1,2017-05-30,1,Negative,Ixodes pacificus,HARV_001.20170530.IXOSCA.N,5,2017
HARV,HARV_001,deciduousForest,202.1,2017-05-30,1,Negative,Borrelia miyamotoi,HARV_001.20170530.IXOSCA.N,5,2017
HARV,HARV_001,deciduousForest,202.1,2017-05-30,1,Positive,Babesia microti,HARV_001.20170530.IXOSCA.N,5,2017
HARV,HARV_001,deciduousForest,202.1,2017-05-30,1,Positive,Borrelia burgdorferi sensu lato,HARV_001.20170530.IXOSCA.N,5,2017
HARV,HARV_001,deciduousForest,202.1,2017-05-30,1,Positive,Borrelia sp.,HARV_001.20170530.IXOSCA.N,5,2017
HARV,HARV_001,deciduousForest,202.1,2017-05-30,1,Negative,Anaplasma phagocytophilum,HARV_001.20170530.IXOSCA.N,5,2017
HARV,HARV_001,deciduousForest,202.1,2017-05-30,1,Negative,Ehrlichia muris-like,HARV_001.20170530.IXOSCA.N,5,2017
HARV,HARV_001,deciduousForest,202.1,2017-05-30,1,Negative,Babesia microti,HARV_001.20170530.IXOSCA.N,5,2017
HARV,HARV_001,deciduousForest,202.1,2017-05-30,1,Negative,Borrelia miyamotoi,HARV_001.20170530.IXOSCA.N,5,2017
HARV,HARV_001,deciduousForest,202.1,2017-05-30,1,Negative,Babesia microti,HARV_001.20170530.IXOSCA.N,5,2017
HARV,HARV_001,deciduousForest,202.1,2017-05-30,1,Negative,Borrelia mayonii,HARV_001.20170530.IXOSCA.N,5,2017
HARV,HARV_001,deciduousForest,202.1,2017-05-30,1,Positive,Borrelia sp.,HARV_001.20170530.IXOSCA.N,5,2017
HARV,HARV_001,deciduousForest,202.1,2017-05-30,1,Negative,Borrelia miyamotoi,HARV_001.20170530.IXOSCA.N,5,2017
HARV,HARV_001,deciduousForest,202.1,2017-05-30,1,Positive,Borrelia burgdorferi sensu lato,HARV_001.20170530.IXOSCA.N,5,2017
HARV,HARV_001,deciduousForest,202.1,2017-05-30,1,Positive,Borrelia sp.,HARV_001.20170530.IXOSCA.N,5,2017
HARV,HARV_001,deciduousForest,202.1,2017-05-30,1,Negative,Babesia microti,HARV_001.20170530.IXOSCA.N,5,2017
HARV,HARV_001,deciduousForest,202.1,2017-05-30,1,Negative,Babesia microti,HARV_001.20170530.IXOSCA.N,5,2017
HARV,HARV_001,deciduousForest,202.1,2017-05-30,1,Negative,Borrelia burgdorferi sensu lato,HARV_001.20170530.IXOSCA.N,5,2017
HARV,HARV_001,deciduousForest,202.1,2017-05-30,1,Negative,Borrelia mayonii,HARV_001.20170530.IXOSCA.N,5,2017
HARV,HARV_001,deciduousForest,202.1,2017-05-30,1,Negative,Ehrlichia muris-like,HARV_001.20170530.IXOSCA.N,5,2017
HARV,HARV_001,deciduousForest,202.1,2017-05-30,1,Negative,Borrelia mayonii,HARV_001.20170530.IXOSCA.N,5,2017
HARV,HARV_001,deciduousForest,202.1,2017-05-30,1,Negative,Borrelia miyamotoi,HARV_001.20170530.IXOSCA.N,5,2017
HARV,HARV_001,deciduousForest,202.1,2017-05-30,1,Negative,Borrelia miyamotoi,HARV_001.20170530.IXOSCA.N,5,2017
HARV,HARV_001,deciduousForest,202.1,2017-05-30,1,Negative,Anaplasma phagocytophilum,HARV_001.20170530.IXOSCA.N,5,2017
HARV,HARV_001,deciduousForest,202.1,2017-05-30,1,Negative,Babesia microti,HARV_001.20170530.IXOSCA.N,5,2017
HARV,HARV_001,deciduousForest,202.1,2017-05-30,1,Positive,Babesia microti,HARV_001.20170530.IXOSCA.N,5,2017
HARV,HARV_001,deciduousForest,202.1,2017-05-30,1,Negative,Borrelia sp.,HARV_001.20170530.IXOSCA.N,5,2017
HARV,HARV_001,deciduousForest,202.1,2017-05-30,1,Negative,Ixodes pacificus,HARV_001.20170530.IXOSCA.N,5,2017
HARV,HARV_001,deciduousForest,202.1,2017-05-30,1,Negative,Ehrlichia muris-like,HARV_001.20170530.IXOSCA.N,5,2017
HARV,HARV_004,mixedForest,182.6,2017-05-30,1,Negative,Ixodes pacificus,HARV_004.20170530.IXOSCA.N,5,2017
HARV,HARV_004,mixedForest,182.6,2017-05-30,1,Negative,Ixodes pacificus,HARV_004.20170530.IXOSCA.N,5,2017
HARV,HARV_004,mixedForest,182.6,2017-05-30,1,Negative,Borrelia sp.,HARV_004.20170530.IXOSCA.N,5,2017
HARV,HARV_004,mixedForest,182.6,2017-05-30,1,Positive,Borrelia burgdorferi sensu lato,HARV_004.20170530.IXOSCA.N,5,2017
HARV,HARV_004,mixedForest,182.6,2017-05-30,1,Negative,Borrelia miyamotoi,HARV_004.20170530.IXOSCA.N,5,2017
HARV,HARV_004,mixedForest,182.6,2017-05-30,1,Negative,Ixodes pacificus,HARV_004.20170530.IXOSCA.N,5,2017
HARV,HARV_004,mixedForest,182.6,2017-05-30,1,Positive,Borrelia sp.,HARV_004.20170530.IXOSCA.N,5,2017
HARV,HARV_004,mixedForest,182.6,2017-05-30,1,Negative,Ixodes pacificus,HARV_004.20170530.IXOSCA.N,5,2017
HARV,HARV_004,mixedForest,182.6,2017-05-30,1,Negative,Ehrlichia muris-like,HARV_004.20170530.IXOSCA.N,5,2017
HARV,HARV_004,mixedForest,182.6,2017-05-30,1,Negative,Babesia microti,HARV_004.20170530.IXOSCA.N,5,2017
HARV,HARV_004,mixedForest,182.6,2017-05-30,1,Negative,Anaplasma phagocytophilum,HARV_004.20170530.IXOSCA.N,5,2017
HARV,HARV_004,mixedForest,182.6,2017-05-30,1,Negative,Borrelia burgdorferi sensu lato,HARV_004.20170530.IXOSCA.N,5,2017
HARV,HARV_004,mixedForest,182.6,2017-05-30,1,Negative,Babesia microti,HARV_004.20170530.IXOSCA.N,5,2017
HARV,HARV_004,mixedForest,182.6,2017-05-30,1,Negative,Anaplasma phagocytophilum,HARV_004.20170530.IXOSCA.N,5,2017
HARV,HARV_004,mixedForest,182.6,2017-05-30,1,Negative,Ehrlichia muris-like,HARV_004.20170530.IXOSCA.N,5,2017
HARV,HARV_004,mixedForest,182.6,2017-05-30,1,Negative,Borrelia burgdorferi sensu lato,HARV_004.20170530.IXOSCA.N,5,2017
HARV,HARV_004,mixedForest,182.6,2017-05-30,1,Negative,Borrelia burgdorferi sensu lato,HARV_004.20170530.IXOSCA.N,5,2017
HARV,HARV_004,mixedForest,182.6,2017-05-30,1,Negative,Borrelia mayonii,HARV_004.20170530.IXOSCA.N,5,2017
HARV,HARV_004,mixedForest,182.6,2017-05-30,1,Negative,Babesia microti,HARV_004.20170530.IXOSCA.N,5,2017
HARV,HARV_004,mixedForest,182.6,2017-05-30,1,Negative,Borrelia miyamotoi,HARV_004.20170530.IXOSCA.N,5,2017
HARV,HARV_004,mixedForest,182.6,2017-05-30,1,Negative,Ixodes pacificus,HARV_004.20170530.IXOSCA.N,5,2017
HARV,HARV_004,mixedForest,182.6,2017-05-30,1,Negative,Borrelia mayonii,HARV_004.20170530.IXOSCA.N,5,2017
HARV,HARV_004,mixedForest,182.6,2017-05-30,1,Negative,Borrelia sp.,HARV_004.20170530.IXOSCA.N,5,2017
HARV,HARV_004,mixedForest,182.6,2017-05-30,1,Negative,Anaplasma phagocytophilum,HARV_004.20170530.IXOSCA.N,5,2017
HARV,HARV_004,mixedForest,182.6,2017-05-30,1,Negative,Borrelia miyamotoi,HARV_004.20170530.IXOSCA.N,5,2017
HARV,HARV_004,mixedForest,182.6,2017-05-30,1,Negative,Borrelia burgdorferi sensu lato,HARV_004.20170530.IXOSCA.N,5,2017
HARV,HARV_004,mixedForest,182.6,2017-05-30,1,Negative,Borrelia miyamotoi,HARV_004.20170530.IXOSCA.N,5,2017
HARV,HARV_004,mixedForest,182.6,2017-05-30,1,Negative,Anaplasma phagocytophilum,HARV_004.20170530.IXOSCA.N,5,2017
HARV,HARV_004,mixedForest,182.6,2017-05-30,1,Negative,Borrelia miyamotoi,HARV_004.20170530.IXOSCA.N,5,2017
HARV,HARV_004,mixedForest,182.6,2017-05-30,1,Negative,Borrelia sp.,HARV_004.20170530.IXOSCA.N,5,2017
HARV,HARV_004,mixedForest,182.6,2017-05-30,1,Negative,Babesia microti,HARV_004.20170530.IXOSCA.N,5,2017
HARV,HARV_004,mixedForest,182.6,2017-05-30,1,Negative,Anaplasma phagocytophilum,HARV_004.20170530.IXOSCA.N,5,2017
HARV,HARV_004,mixedForest,182.6,2017-05-30,1,Negative,Borrelia sp.,HARV_004.20170530.IXOSCA.N,5,2017
HARV,HARV_004,mixedForest,182.6,2017-05-30,1,Negative,Borrelia mayonii,HARV_004.20170530.IXOSCA.N,5,2017
HARV,HARV_004,mixedForest,182.6,2017-05-30,1,Negative,Ixodes pacificus,HARV_004.20170530.IXOSCA.N,5,2017
HARV,HARV_004,mixedForest,182.6,2017-05-30,1,Negative,Borrelia burgdorferi sensu lato,HARV_004.20170530.IXOSCA.N,5,2017
HARV,HARV_004,mixedForest,182.6,2017-05-30,1,Negative,Babesia microti,HARV_004.20170530.IXOSCA.N,5,2017
HARV,HARV_004,mixedForest,182.6,2017-05-30,1,Negative,Ehrlichia muris-like,HARV_004.20170530.IXOSCA.N,5,2017
HARV,HARV_004,mixedForest,182.6,2017-05-30,1,Negative,Ixodes pacificus,HARV_004.20170530.IXOSCA.N,5,2017
HARV,HARV_004,mixedForest,182.6,2017-05-30,1,Negative,Borrelia miyamotoi,HARV_004.20170530.IXOSCA.N,5,2017
HARV,HARV_004,mixedForest,182.6,2017-05-30,1,Negative,Babesia microti,HARV_004.20170530.IXOSCA.N,5,2017
HARV,HARV_004,mixedForest,182.6,2017-05-30,1,Negative,Borrelia mayonii,HARV_004.20170530.IXOSCA.N,5,2017
HARV,HARV_004,mixedForest,182.6,2017-05-30,1,Negative,Ehrlichia muris-like,HARV_004.20170530.IXOSCA.N,5,2017
HARV,HARV_004,mixedForest,182.6,2017-05-30,1,Negative,Ehrlichia muris-like,HARV_004.20170530.IXOSCA.N,5,2017
HARV,HARV_004,mixedForest,182.6,2017-05-30,1,Negative,Ehrlichia muris-like,HARV_004.20170530.IXOSCA.N,5,2017
HARV,HARV_004,mixedForest,182.6,2017-05-30,1,Negative,Anaplasma phagocytophilum,HARV_004.20170530.IXOSCA.N,5,2017
HARV,HARV_004,mixedForest,182.6,2017-05-30,1,Negative,Anaplasma phagocytophilum,HARV_004.20170530.IXOSCA.N,5,2017
HARV,HARV_004,mixedForest,182.6,2017-05-30,1,Negative,Borrelia mayonii,HARV_004.20170530.IXOSCA.N,5,2017
HARV,HARV_004,mixedForest,182.6,2017-05-30,1,Negative,Babesia microti,HARV_004.20170530.IXOSCA.N,5,2017
HARV,HARV_004,mixedForest,182.6,2017-05-30,1,Negative,Borrelia mayonii,HARV_004.20170530.IXOSCA.N,5,2017
HARV,HARV_004,mixedForest,182.6,2017-05-30,1,Negative,Anaplasma phagocytophilum,HARV_004.20170530.IXOSCA.N,5,2017
HARV,HARV_004,mixedForest,182.6,2017-05-30,1,Negative,Borrelia mayonii,HARV_004.20170530.IXOSCA.N,5,2017
HARV,HARV_004,mixedForest,182.6,2017-05-30,1,Negative,Ehrlichia muris-like,HARV_004.20170530.IXOSCA.N,5,2017
HARV,HARV_004,mixedForest,182.6,2017-05-30,1,Negative,Borrelia sp.,HARV_004.20170530.IXOSCA.N,5,2017
HARV,HARV_004,mixedForest,182.6,2017-05-30,1,Negative,Borrelia miyamotoi,HARV_004.20170530.IXOSCA.N,5,2017
HARV,HARV_004,mixedForest,182.6,2017-05-30,1,Negative,Borrelia miyamotoi,HARV_004.20170530.IXOSCA.N,5,2017
HARV,HARV_004,mixedForest,182.6,2017-05-30,1,Negative,Ehrlichia muris-like,HARV_004.20170530.IXOSCA.N,5,2017
HARV,HARV_004,mixedForest,182.6,2017-05-30,1,Negative,Ixodes pacificus,HARV_004.20170530.IXOSCA.N,5,2017
HARV,HARV_004,mixedForest,182.6,2017-05-30,1,Negative,Borrelia burgdorferi sensu lato,HARV_004.20170530.IXOSCA.N,5,2017
HARV,HARV_004,mixedForest,182.6,2017-05-30,1,Positive,Borrelia burgdorferi sensu lato,HARV_004.20170530.IXOSCA.N,5,2017
HARV,HARV_004,mixedForest,182.6,2017-05-30,1,Negative,Borrelia mayonii,HARV_004.20170530.IXOSCA.N,5,2017
HARV,HARV_004,mixedForest,182.6,2017-05-30,1,Negative,Babesia microti,HARV_004.20170530.IXOSCA.N,5,2017
HARV,HARV_004,mixedForest,182.6,2017-05-30,1,Positive,Borrelia sp.,HARV_004.20170530.IXOSCA.N,5,2017
HARV,HARV_004,mixedForest,182.6,2017-05-30,1,Negative,Borrelia sp.,HARV_004.20170530.IXOSCA.N,5,2017
HARV,HARV_022,evergreenForest,185.9,2016-05-26,1,Positive,Borrelia sp.,HARV_022.20160526.IXOSCA.N,5,2016
HARV,HARV_022,evergreenForest,185.9,2016-05-26,1,Negative,Babesia microti,HARV_022.20160526.IXOSCA.N,5,2016
HARV,HARV_022,evergreenForest,185.9,2016-05-26,1,Negative,Borrelia miyamotoi,HARV_022.20160526.IXOSCA.N,5,2016
HARV,HARV_022,evergreenForest,185.9,2016-05-26,1,Positive,Borrelia burgdorferi sensu lato,HARV_022.20160526.IXOSCA.N,5,2016
HARV,HARV_022,evergreenForest,185.9,2016-05-26,1,Negative,Anaplasma phagocytophilum,HARV_022.20160526.IXOSCA.N,5,2016
HARV,HARV_022,evergreenForest,185.9,2016-05-26,1,Negative,Borrelia mayonii,HARV_022.20160526.IXOSCA.N,5,2016
HARV,HARV_022,evergreenForest,185.9,2016-05-26,1,Negative,Borrelia mayonii,HARV_022.20160526.IXOSCA.N,5,2016
HARV,HARV_022,evergreenForest,185.9,2016-05-26,1,Negative,Borrelia miyamotoi,HARV_022.20160526.IXOSCA.N,5,2016
HARV,HARV_022,evergreenForest,185.9,2016-05-26,1,Negative,Anaplasma phagocytophilum,HARV_022.20160526.IXOSCA.N,5,2016
HARV,HARV_022,evergreenForest,185.9,2016-05-26,1,Negative,Ixodes pacificus,HARV_022.20160526.IXOSCA.N,5,2016
HARV,HARV_022,evergreenForest,185.9,2016-05-26,1,Negative,Ixodes pacificus,HARV_022.20160526.IXOSCA.N,5,2016
HARV,HARV_022,evergreenForest,185.9,2016-05-26,1,Negative,Ixodes pacificus,HARV_022.20160526.IXOSCA.N,5,2016
HARV,HARV_022,evergreenForest,185.9,2016-05-26,1,Negative,Borrelia miyamotoi,HARV_022.20160526.IXOSCA.N,5,2016
HARV,HARV_022,evergreenForest,185.9,2016-05-26,1,Negative,Borrelia sp.,HARV_022.20160526.IXOSCA.N,5,2016
HARV,HARV_022,evergreenForest,185.9,2016-05-26,1,Negative,Anaplasma phagocytophilum,HARV_022.20160526.IXOSCA.N,5,2016
HARV,HARV_022,evergreenForest,185.9,2016-05-26,1,Negative,Ehrlichia muris-like,HARV_022.20160526.IXOSCA.N,5,2016
HARV,HARV_022,evergreenForest,185.9,2016-05-26,1,Positive,Borrelia sp.,HARV_022.20160526.IXOSCA.N,5,2016
HARV,HARV_022,evergreenForest,185.9,2016-05-26,1,Negative,Anaplasma phagocytophilum,HARV_022.20160526.IXOSCA.N,5,2016
HARV,HARV_022,evergreenForest,185.9,2016-05-26,1,Negative,Anaplasma phagocytophilum,HARV_022.20160526.IXOSCA.N,5,2016
HARV,HARV_022,evergreenForest,185.9,2016-05-26,1,Negative,Anaplasma phagocytophilum,HARV_022.20160526.IXOSCA.N,5,2016
HARV,HARV_022,evergreenForest,185.9,2016-05-26,1,Positive,Borrelia burgdorferi sensu lato,HARV_022.20160526.IXOSCA.N,5,2016
HARV,HARV_022,evergreenForest,185.9,2016-05-26,1,Negative,Borrelia sp.,HARV_022.20160526.IXOSCA.N,5,2016
HARV,HARV_022,evergreenForest,185.9,2016-05-26,1,Negative,Babesia microti,HARV_022.20160526.IXOSCA.N,5,2016
HARV,HARV_022,evergreenForest,185.9,2016-05-26,1,Negative,Ixodes pacificus,HARV_022.20160526.IXOSCA.N,5,2016
HARV,HARV_022,evergreenForest,185.9,2016-05-26,1,Negative,Borrelia sp.,HARV_022.20160526.IXOSCA.N,5,2016
HARV,HARV_022,evergreenForest,185.9,2016-05-26,1,Positive,Borrelia burgdorferi sensu lato,HARV_022.20160526.IXOSCA.N,5,2016
HARV,HARV_022,evergreenForest,185.9,2016-05-26,1,Negative,Ehrlichia muris-like,HARV_022.20160526.IXOSCA.N,5,2016
HARV,HARV_022,evergreenForest,185.9,2016-05-26,1,Negative,Ixodes pacificus,HARV_022.20160526.IXOSCA.N,5,2016
HARV,HARV_022,evergreenForest,185.9,2016-05-26,1,Negative,Borrelia mayonii,HARV_022.20160526.IXOSCA.N,5,2016
HARV,HARV_022,evergreenForest,185.9,2016-05-26,1,Negative,Borrelia mayonii,HARV_022.20160526.IXOSCA.N,5,2016
HARV,HARV_022,evergreenForest,185.9,2016-05-26,1,Negative,Ehrlichia muris-like,HARV_022.20160526.IXOSCA.N,5,2016
HARV,HARV_022,evergreenForest,185.9,2016-05-26,1,Negative,Borrelia burgdorferi sensu lato,HARV_022.20160526.IXOSCA.N,5,2016
HARV,HARV_022,evergreenForest,185.9,2016-05-26,1,Negative,Babesia microti,HARV_022.20160526.IXOSCA.N,5,2016
HARV,HARV_022,evergreenForest,185.9,2016-05-26,1,Negative,Borrelia miyamotoi,HARV_022.20160526.IXOSCA.N,5,2016
HARV,HARV_022,evergreenForest,185.9,2016-05-26,1,Negative,Babesia microti,HARV_022.20160526.IXOSCA.N,5,2016
HARV,HARV_022,evergreenForest,185.9,2016-05-26,1,Negative,Borrelia miyamotoi,HARV_022.20160526.IXOSCA.N,5,2016
HARV,HARV_022,evergreenForest,185.9,2016-05-26,1,Negative,Borrelia burgdorferi sensu lato,HARV_022.20160526.IXOSCA.N,5,2016
HARV,HARV_022,evergreenForest,185.9,2016-05-26,1,Negative,Borrelia mayonii,HARV_022.20160526.IXOSCA.N,5,2016
HARV,HARV_022,evergreenForest,185.9,2016-05-26,1,Negative,Ixodes pacificus,HARV_022.20160526.IXOSCA.N,5,2016
HARV,HARV_022,evergreenForest,185.9,2016-05-26,1,Negative,Borrelia burgdorferi sensu lato,HARV_022.20160526.IXOSCA.N,5,2016
HARV,HARV_022,evergreenForest,185.9,2016-05-26,1,Positive,Borrelia sp.,HARV_022.20160526.IXOSCA.N,5,2016
HARV,HARV_022,evergreenForest,185.9,2016-05-26,1,Negative,Ehrlichia muris-like,HARV_022.20160526.IXOSCA.N,5,2016
HARV,HARV_022,evergreenForest,185.9,2016-05-26,1,Negative,Babesia microti,HARV_022.20160526.IXOSCA.N,5,2016
HARV,HARV_022,evergreenForest,185.9,2016-05-26,1,Negative,Ehrlichia muris-like,HARV_022.20160526.IXOSCA.N,5,2016
HARV,HARV_022,evergreenForest,185.9,2016-05-26,1,Negative,Borrelia miyamotoi,HARV_022.20160526.IXOSCA.N,5,2016
HARV,HARV_022,evergreenForest,185.9,2016-05-26,1,Negative,Borrelia mayonii,HARV_022.20160526.IXOSCA.N,5,2016
HARV,HARV_022,evergreenForest,185.9,2016-05-26,1,Negative,Babesia microti,HARV_022.20160526.IXOSCA.N,5,2016
HARV,HARV_022,evergreenForest,185.9,2016-05-26,1,Negative,Ehrlichia muris-like,HARV_022.20160526.IXOSCA.N,5,2016
HARV,HARV_004,mixedForest,182.6,2016-05-26,1,Negative,Borrelia burgdorferi sensu lato,HARV_004.20160526.IXOSCA.N,5,2016
HARV,HARV_004,mixedForest,182.6,2016-05-26,1,Negative,Borrelia sp.,HARV_004.20160526.IXOSCA.N,5,2016
HARV,HARV_004,mixedForest,182.6,2016-05-26,1,Negative,Ixodes pacificus,HARV_004.20160526.IXOSCA.N,5,2016
HARV,HARV_004,mixedForest,182.6,2016-05-26,1,Negative,Ehrlichia muris-like,HARV_004.20160526.IXOSCA.N,5,2016
HARV,HARV_004,mixedForest,182.6,2016-05-26,1,Negative,Borrelia burgdorferi sensu lato,HARV_004.20160526.IXOSCA.N,5,2016
HARV,HARV_004,mixedForest,182.6,2016-05-26,1,Negative,Anaplasma phagocytophilum,HARV_004.20160526.IXOSCA.N,5,2016
HARV,HARV_004,mixedForest,182.6,2016-05-26,1,Negative,Anaplasma phagocytophilum,HARV_004.20160526.IXOSCA.N,5,2016
HARV,HARV_004,mixedForest,182.6,2016-05-26,1,Negative,Anaplasma phagocytophilum,HARV_004.20160526.IXOSCA.N,5,2016
HARV,HARV_004,mixedForest,182.6,2016-05-26,1,Negative,Borrelia burgdorferi sensu lato,HARV_004.20160526.IXOSCA.N,5,2016
HARV,HARV_004,mixedForest,182.6,2016-05-26,1,Negative,Babesia microti,HARV_004.20160526.IXOSCA.N,5,2016
HARV,HARV_004,mixedForest,182.6,2016-05-26,1,Negative,Borrelia miyamotoi,HARV_004.20160526.IXOSCA.N,5,2016
HARV,HARV_004,mixedForest,182.6,2016-05-26,1,Negative,Babesia microti,HARV_004.20160526.IXOSCA.N,5,2016
HARV,HARV_004,mixedForest,182.6,2016-05-26,1,Negative,Babesia microti,HARV_004.20160526.IXOSCA.N,5,2016
HARV,HARV_004,mixedForest,182.6,2016-05-26,1,Negative,Borrelia mayonii,HARV_004.20160526.IXOSCA.N,5,2016
HARV,HARV_004,mixedForest,182.6,2016-05-26,1,Negative,Anaplasma phagocytophilum,HARV_004.20160526.IXOSCA.N,5,2016
HARV,HARV_004,mixedForest,182.6,2016-05-26,1,Positive,Borrelia burgdorferi sensu lato,HARV_004.20160526.IXOSCA.N,5,2016
HARV,HARV_004,mixedForest,182.6,2016-05-26,1,Negative,Borrelia burgdorferi sensu lato,HARV_004.20160526.IXOSCA.N,5,2016
HARV,HARV_004,mixedForest,182.6,2016-05-26,1,Negative,Ehrlichia muris-like,HARV_004.20160526.IXOSCA.N,5,2016
HARV,HARV_004,mixedForest,182.6,2016-05-26,1,Negative,Borrelia burgdorferi sensu lato,HARV_004.20160526.IXOSCA.N,5,2016
HARV,HARV_004,mixedForest,182.6,2016-05-26,1,Negative,Ixodes pacificus,HARV_004.20160526.IXOSCA.N,5,2016
HARV,HARV_004,mixedForest,182.6,2016-05-26,1,Negative,Ixodes pacificus,HARV_004.20160526.IXOSCA.N,5,2016
HARV,HARV_004,mixedForest,182.6,2016-05-26,1,Negative,Babesia microti,HARV_004.20160526.IXOSCA.N,5,2016
HARV,HARV_004,mixedForest,182.6,2016-05-26,1,Negative,Borrelia sp.,HARV_004.20160526.IXOSCA.N,5,2016
HARV,HARV_004,mixedForest,182.6,2016-05-26,1,Negative,Borrelia mayonii,HARV_004.20160526.IXOSCA.N,5,2016
HARV,HARV_004,mixedForest,182.6,2016-05-26,1,Negative,Borrelia mayonii,HARV_004.20160526.IXOSCA.N,5,2016
HARV,HARV_004,mixedForest,182.6,2016-05-26,1,Negative,Borrelia miyamotoi,HARV_004.20160526.IXOSCA.N,5,2016
HARV,HARV_004,mixedForest,182.6,2016-05-26,1,Negative,Borrelia sp.,HARV_004.20160526.IXOSCA.N,5,2016
HARV,HARV_004,mixedForest,182.6,2016-05-26,1,Negative,Babesia microti,HARV_004.20160526.IXOSCA.N,5,2016
HARV,HARV_004,mixedForest,182.6,2016-05-26,1,Negative,Borrelia miyamotoi,HARV_004.20160526.IXOSCA.N,5,2016
HARV,HARV_004,mixedForest,182.6,2016-05-26,1,Negative,Borrelia mayonii,HARV_004.20160526.IXOSCA.N,5,2016
HARV,HARV_004,mixedForest,182.6,2016-05-26,1,Negative,Borrelia miyamotoi,HARV_004.20160526.IXOSCA.N,5,2016
HARV,HARV_004,mixedForest,182.6,2016-05-26,1,Negative,Anaplasma phagocytophilum,HARV_004.20160526.IXOSCA.N,5,2016
HARV,HARV_004,mixedForest,182.6,2016-05-26,1,Negative,Ixodes pacificus,HARV_004.20160526.IXOSCA.N,5,2016
HARV,HARV_004,mixedForest,182.6,2016-05-26,1,Negative,Borrelia sp.,HARV_004.20160526.IXOSCA.N,5,2016
HARV,HARV_004,mixedForest,182.6,2016-05-26,1,Negative,Anaplasma phagocytophilum,HARV_004.20160526.IXOSCA.N,5,2016
HARV,HARV_004,mixedForest,182.6,2016-05-26,1,Negative,Borrelia miyamotoi,HARV_004.20160526.IXOSCA.N,5,2016
HARV,HARV_004,mixedForest,182.6,2016-05-26,1,Negative,Borrelia burgdorferi sensu lato,HARV_004.20160526.IXOSCA.N,5,2016
HARV,HARV_004,mixedForest,182.6,2016-05-26,1,Negative,Borrelia sp.,HARV_004.20160526.IXOSCA.N,5,2016
HARV,HARV_004,mixedForest,182.6,2016-05-26,1,Negative,Ixodes pacificus,HARV_004.20160526.IXOSCA.N,5,2016
HARV,HARV_004,mixedForest,182.6,2016-05-26,1,Negative,Borrelia miyamotoi,HARV_004.20160526.IXOSCA.N,5,2016
HARV,HARV_004,mixedForest,182.6,2016-05-26,1,Negative,Anaplasma phagocytophilum,HARV_004.20160526.IXOSCA.N,5,2016
HARV,HARV_004,mixedForest,182.6,2016-05-26,1,Negative,Borrelia mayonii,HARV_004.20160526.IXOSCA.N,5,2016
HARV,HARV_004,mixedForest,182.6,2016-05-26,1,Negative,Babesia microti,HARV_004.20160526.IXOSCA.N,5,2016
HARV,HARV_004,mixedForest,182.6,2016-05-26,1,Negative,Ehrlichia muris-like,HARV_004.20160526.IXOSCA.N,5,2016
HARV,HARV_004,mixedForest,182.6,2016-05-26,1,Positive,Borrelia sp.,HARV_004.20160526.IXOSCA.N,5,2016
HARV,HARV_004,mixedForest,182.6,2016-05-26,1,Negative,Borrelia mayonii,HARV_004.20160526.IXOSCA.N,5,2016
HARV,HARV_004,mixedForest,182.6,2016-05-26,1,Negative,Borrelia sp.,HARV_004.20160526.IXOSCA.N,5,2016
HARV,HARV_004,mixedForest,182.6,2016-05-26,1,Negative,Anaplasma phagocytophilum,HARV_004.20160526.IXOSCA.N,5,2016
HARV,HARV_004,mixedForest,182.6,2016-05-26,1,Negative,Babesia microti,HARV_004.20160526.IXOSCA.N,5,2016
HARV,HARV_004,mixedForest,182.6,2016-05-26,1,Negative,Borrelia sp.,HARV_004.20160526.IXOSCA.N,5,2016
HARV,HARV_004,mixedForest,182.6,2016-05-26,1,Negative,Borrelia burgdorferi sensu lato,HARV_004.20160526.IXOSCA.N,5,2016
HARV,HARV_004,mixedForest,182.6,2016-05-26,1,Negative,Ehrlichia muris-like,HARV_004.20160526.IXOSCA.N,5,2016
HARV,HARV_004,mixedForest,182.6,2016-05-26,1,Negative,Ehrlichia muris-like,HARV_004.20160526.IXOSCA.N,5,2016
HARV,HARV_004,mixedForest,182.6,2016-05-26,1,Negative,Ixodes pacificus,HARV_004.20160526.IXOSCA.N,5,2016
HARV,HARV_004,mixedForest,182.6,2016-05-26,1,Negative,Babesia microti,HARV_004.20160526.IXOSCA.N,5,2016
HARV,HARV_004,mixedForest,182.6,2016-05-26,1,Negative,Babesia microti,HARV_004.20160526.IXOSCA.N,5,2016
HARV,HARV_004,mixedForest,182.6,2016-05-26,1,Negative,Borrelia miyamotoi,HARV_004.20160526.IXOSCA.N,5,2016
HARV,HARV_004,mixedForest,182.6,2016-05-26,1,Negative,Borrelia mayonii,HARV_004.20160526.IXOSCA.N,5,2016
HARV,HARV_004,mixedForest,182.6,2016-05-26,1,Negative,Ehrlichia muris-like,HARV_004.20160526.IXOSCA.N,5,2016
HARV,HARV_004,mixedForest,182.6,2016-05-26,1,Negative,Ehrlichia muris-like,HARV_004.20160526.IXOSCA.N,5,2016
HARV,HARV_004,mixedForest,182.6,2016-05-26,1,Negative,Ixodes pacificus,HARV_004.20160526.IXOSCA.N,5,2016
HARV,HARV_004,mixedForest,182.6,2016-05-26,1,Negative,Borrelia sp.,HARV_004.20160526.IXOSCA.N,5,2016
HARV,HARV_004,mixedForest,182.6,2016-05-26,1,Negative,Ixodes pacificus,HARV_004.20160526.IXOSCA.N,5,2016
HARV,HARV_004,mixedForest,182.6,2016-05-26,1,Negative,Borrelia mayonii,HARV_004.20160526.IXOSCA.N,5,2016
HARV,HARV_004,mixedForest,182.6,2016-05-26,1,Negative,Ehrlichia muris-like,HARV_004.20160526.IXOSCA.N,5,2016
HARV,HARV_004,mixedForest,182.6,2016-05-26,1,Negative,Borrelia burgdorferi sensu lato,HARV_004.20160526.IXOSCA.N,5,2016
HARV,HARV_004,mixedForest,182.6,2016-05-26,1,Negative,Borrelia miyamotoi,HARV_004.20160526.IXOSCA.N,5,2016
HARV,HARV_004,mixedForest,182.6,2016-05-26,1,Negative,Borrelia mayonii,HARV_004.20160526.IXOSCA.N,5,2016
HARV,HARV_004,mixedForest,182.6,2016-05-26,1,Negative,Ixodes pacificus,HARV_004.20160526.IXOSCA.N,5,2016
HARV,HARV_004,mixedForest,182.6,2016-05-26,1,Negative,Ehrlichia muris-like,HARV_004.20160526.IXOSCA.N,5,2016
HARV,HARV_004,mixedForest,182.6,2016-05-26,1,Negative,Borrelia miyamotoi,HARV_004.20160526.IXOSCA.N,5,2016
HARV,HARV_004,mixedForest,182.6,2016-05-26,1,Negative,Anaplasma phagocytophilum,HARV_004.20160526.IXOSCA.N,5,2016
HARV,HARV_020,woodyWetlands,228.3,2016-05-26,1,Negative,Borrelia miyamotoi,HARV_020.20160526.IXOSCA.N,5,2016
HARV,HARV_020,woodyWetlands,228.3,2016-05-26,1,Negative,Borrelia burgdorferi sensu lato,HARV_020.20160526.IXOSCA.N,5,2016
HARV,HARV_020,woodyWetlands,228.3,2016-05-26,1,Negative,Babesia microti,HARV_020.20160526.IXOSCA.N,5,2016
HARV,HARV_020,woodyWetlands,228.3,2016-05-26,1,Negative,Ehrlichia muris-like,HARV_020.20160526.IXOSCA.N,5,2016
HARV,HARV_020,woodyWetlands,228.3,2016-05-26,1,Negative,Ixodes pacificus,HARV_020.20160526.IXOSCA.N,5,2016
HARV,HARV_020,woodyWetlands,228.3,2016-05-26,1,Negative,Borrelia mayonii,HARV_020.20160526.IXOSCA.N,5,2016
HARV,HARV_020,woodyWetlands,228.3,2016-05-26,1,Negative,Ehrlichia muris-like,HARV_020.20160526.IXOSCA.N,5,2016
HARV,HARV_020,woodyWetlands,228.3,2016-05-26,1,Negative,Borrelia burgdorferi sensu lato,HARV_020.20160526.IXOSCA.N,5,2016
HARV,HARV_020,woodyWetlands,228.3,2016-05-26,1,Negative,Borrelia mayonii,HARV_020.20160526.IXOSCA.N,5,2016
HARV,HARV_020,woodyWetlands,228.3,2016-05-26,1,Negative,Babesia microti,HARV_020.20160526.IXOSCA.N,5,2016
HARV,HARV_020,woodyWetlands,228.3,2016-05-26,1,Negative,Ixodes pacificus,HARV_020.20160526.IXOSCA.N,5,2016
HARV,HARV_020,woodyWetlands,228.3,2016-05-26,1,Negative,Ixodes pacificus,HARV_020.20160526.IXOSCA.N,5,2016
HARV,HARV_020,woodyWetlands,228.3,2016-05-26,1,Negative,Borrelia burgdorferi sensu lato,HARV_020.20160526.IXOSCA.N,5,2016
HARV,HARV_020,woodyWetlands,228.3,2016-05-26,1,Negative,Anaplasma phagocytophilum,HARV_020.20160526.IXOSCA.N,5,2016
HARV,HARV_020,woodyWetlands,228.3,2016-05-26,1,Negative,Anaplasma phagocytophilum,HARV_020.20160526.IXOSCA.N,5,2016
HARV,HARV_020,woodyWetlands,228.3,2016-05-26,1,Negative,Borrelia sp.,HARV_020.20160526.IXOSCA.N,5,2016
HARV,HARV_020,woodyWetlands,228.3,2016-05-26,1,Negative,Babesia microti,HARV_020.20160526.IXOSCA.N,5,2016
HARV,HARV_020,woodyWetlands,228.3,2016-05-26,1,Negative,Borrelia mayonii,HARV_020.20160526.IXOSCA.N,5,2016
HARV,HARV_020,woodyWetlands,228.3,2016-05-26,1,Negative,Ehrlichia muris-like,HARV_020.20160526.IXOSCA.N,5,2016
HARV,HARV_020,woodyWetlands,228.3,2016-05-26,1,Negative,Anaplasma phagocytophilum,HARV_020.20160526.IXOSCA.N,5,2016
HARV,HARV_020,woodyWetlands,228.3,2016-05-26,1,Negative,Borrelia sp.,HARV_020.20160526.IXOSCA.N,5,2016
HARV,HARV_020,woodyWetlands,228.3,2016-05-26,1,Negative,Borrelia miyamotoi,HARV_020.20160526.IXOSCA.N,5,2016
HARV,HARV_020,woodyWetlands,228.3,2016-05-26,1,Negative,Borrelia sp.,HARV_020.20160526.IXOSCA.N,5,2016
HARV,HARV_020,woodyWetlands,228.3,2016-05-26,1,Negative,Borrelia miyamotoi,HARV_020.20160526.IXOSCA.N,5,2016
HARV,HARV_001,deciduousForest,202.1,2016-05-26,1,Negative,Anaplasma phagocytophilum,HARV_001.20160526.IXOSCA.N,5,2016
HARV,HARV_001,deciduousForest,202.1,2016-05-26,1,Negative,Borrelia burgdorferi sensu lato,HARV_001.20160526.IXOSCA.N,5,2016
HARV,HARV_001,deciduousForest,202.1,2016-05-26,1,Negative,Borrelia burgdorferi sensu lato,HARV_001.20160526.IXOSCA.N,5,2016
HARV,HARV_001,deciduousForest,202.1,2016-05-26,1,Negative,Ehrlichia muris-like,HARV_001.20160526.IXOSCA.N,5,2016
HARV,HARV_001,deciduousForest,202.1,2016-05-26,1,Negative,Borrelia mayonii,HARV_001.20160526.IXOSCA.N,5,2016
HARV,HARV_001,deciduousForest,202.1,2016-05-26,1,Negative,Borrelia burgdorferi sensu lato,HARV_001.20160526.IXOSCA.N,5,2016
HARV,HARV_001,deciduousForest,202.1,2016-05-26,1,Negative,Ehrlichia muris-like,HARV_001.20160526.IXOSCA.N,5,2016
HARV,HARV_001,deciduousForest,202.1,2016-05-26,1,Negative,Ehrlichia muris-like,HARV_001.20160526.IXOSCA.N,5,2016
HARV,HARV_001,deciduousForest,202.1,2016-05-26,1,Negative,Borrelia miyamotoi,HARV_001.20160526.IXOSCA.N,5,2016
HARV,HARV_001,deciduousForest,202.1,2016-05-26,1,Negative,Borrelia mayonii,HARV_001.20160526.IXOSCA.N,5,2016
HARV,HARV_001,deciduousForest,202.1,2016-05-26,1,Negative,Anaplasma phagocytophilum,HARV_001.20160526.IXOSCA.N,5,2016
HARV,HARV_001,deciduousForest,202.1,2016-05-26,1,Negative,Ehrlichia muris-like,HARV_001.20160526.IXOSCA.N,5,2016
HARV,HARV_001,deciduousForest,202.1,2016-05-26,1,Negative,Ixodes pacificus,HARV_001.20160526.IXOSCA.N,5,2016
HARV,HARV_001,deciduousForest,202.1,2016-05-26,1,Negative,Borrelia miyamotoi,HARV_001.20160526.IXOSCA.N,5,2016
HARV,HARV_001,deciduousForest,202.1,2016-05-26,1,Negative,Borrelia mayonii,HARV_001.20160526.IXOSCA.N,5,2016
HARV,HARV_001,deciduousForest,202.1,2016-05-26,1,Negative,Babesia microti,HARV_001.20160526.IXOSCA.N,5,2016
HARV,HARV_001,deciduousForest,202.1,2016-05-26,1,Negative,Borrelia mayonii,HARV_001.20160526.IXOSCA.N,5,2016
HARV,HARV_001,deciduousForest,202.1,2016-05-26,1,Negative,Anaplasma phagocytophilum,HARV_001.20160526.IXOSCA.N,5,2016
HARV,HARV_001,deciduousForest,202.1,2016-05-26,1,Negative,Anaplasma phagocytophilum,HARV_001.20160526.IXOSCA.N,5,2016
HARV,HARV_001,deciduousForest,202.1,2016-05-26,1,Negative,Babesia microti,HARV_001.20160526.IXOSCA.N,5,2016
HARV,HARV_001,deciduousForest,202.1,2016-05-26,1,Negative,Borrelia sp.,HARV_001.20160526.IXOSCA.N,5,2016
HARV,HARV_001,deciduousForest,202.1,2016-05-26,1,Negative,Ixodes pacificus,HARV_001.20160526.IXOSCA.N,5,2016
HARV,HARV_001,deciduousForest,202.1,2016-05-26,1,Negative,Ixodes pacificus,HARV_001.20160526.IXOSCA.N,5,2016
HARV,HARV_001,deciduousForest,202.1,2016-05-26,1,Positive,Borrelia sp.,HARV_001.20160526.IXOSCA.N,5,2016
HARV,HARV_001,deciduousForest,202.1,2016-05-26,1,Negative,Borrelia sp.,HARV_001.20160526.IXOSCA.N,5,2016
HARV,HARV_001,deciduousForest,202.1,2016-05-26,1,Negative,Borrelia mayonii,HARV_001.20160526.IXOSCA.N,5,2016
HARV,HARV_001,deciduousForest,202.1,2016-05-26,1,Negative,Borrelia sp.,HARV_001.20160526.IXOSCA.N,5,2016
HARV,HARV_001,deciduousForest,202.1,2016-05-26,1,Negative,Babesia microti,HARV_001.20160526.IXOSCA.N,5,2016
HARV,HARV_001,deciduousForest,202.1,2016-05-26,1,Negative,Ixodes pacificus,HARV_001.20160526.IXOSCA.N,5,2016
HARV,HARV_001,deciduousForest,202.1,2016-05-26,1,Negative,Borrelia sp.,HARV_001.20160526.IXOSCA.N,5,2016
HARV,HARV_001,deciduousForest,202.1,2016-05-26,1,Negative,Babesia microti,HARV_001.20160526.IXOSCA.N,5,2016
HARV,HARV_001,deciduousForest,202.1,2016-05-26,1,Negative,Ehrlichia muris-like,HARV_001.20160526.IXOSCA.N,5,2016
HARV,HARV_001,deciduousForest,202.1,2016-05-26,1,Negative,Babesia microti,HARV_001.20160526.IXOSCA.N,5,2016
HARV,HARV_001,deciduousForest,202.1,2016-05-26,1,Negative,Anaplasma phagocytophilum,HARV_001.20160526.IXOSCA.N,5,2016
HARV,HARV_001,deciduousForest,202.1,2016-05-26,1,Negative,Borrelia miyamotoi,HARV_001.20160526.IXOSCA.N,5,2016
HARV,HARV_001,deciduousForest,202.1,2016-05-26,1,Negative,Ixodes pacificus,HARV_001.20160526.IXOSCA.N,5,2016
HARV,HARV_001,deciduousForest,202.1,2016-05-26,1,Negative,Borrelia miyamotoi,HARV_001.20160526.IXOSCA.N,5,2016
HARV,HARV_001,deciduousForest,202.1,2016-05-26,1,Negative,Borrelia miyamotoi,HARV_001.20160526.IXOSCA.N,5,2016
HARV,HARV_001,deciduousForest,202.1,2016-05-26,1,Negative,Borrelia burgdorferi sensu lato,HARV_001.20160526.IXOSCA.N,5,2016
HARV,HARV_001,deciduousForest,202.1,2016-05-26,1,Positive,Borrelia burgdorferi sensu lato,HARV_001.20160526.IXOSCA.N,5,2016
HARV,HARV_006,deciduousForest,190.8,2017-08-01,1,Negative,Borrelia mayonii,HARV_006.20170801.IXOSCA.N,8,2017
HARV,HARV_006,deciduousForest,190.8,2017-08-01,1,Negative,Babesia microti,HARV_006.20170801.IXOSCA.N,8,2017
HARV,HARV_006,deciduousForest,190.8,2017-08-01,1,Positive,Borrelia sp.,HARV_006.20170801.IXOSCA.N,8,2017
HARV,HARV_006,deciduousForest,190.8,2017-08-01,1,Negative,Ehrlichia muris-like,HARV_006.20170801.IXOSCA.N,8,2017
HARV,HARV_006,deciduousForest,190.8,2017-08-01,1,Negative,Babesia microti,HARV_006.20170801.IXOSCA.N,8,2017
HARV,HARV_006,deciduousForest,190.8,2017-08-01,1,Negative,Borrelia miyamotoi,HARV_006.20170801.IXOSCA.N,8,2017
HARV,HARV_006,deciduousForest,190.8,2017-08-01,1,Negative,Anaplasma phagocytophilum,HARV_006.20170801.IXOSCA.N,8,2017
HARV,HARV_006,deciduousForest,190.8,2017-08-01,1,Negative,Ehrlichia muris-like,HARV_006.20170801.IXOSCA.N,8,2017
HARV,HARV_006,deciduousForest,190.8,2017-08-01,1,Positive,Borrelia burgdorferi sensu lato,HARV_006.20170801.IXOSCA.N,8,2017
HARV,HARV_006,deciduousForest,190.8,2017-08-01,1,Negative,Ixodes pacificus,HARV_006.20170801.IXOSCA.N,8,2017
HARV,HARV_006,deciduousForest,190.8,2017-08-01,1,Positive,Borrelia sp.,HARV_006.20170801.IXOSCA.N,8,2017
HARV,HARV_006,deciduousForest,190.8,2017-08-01,1,Negative,Borrelia mayonii,HARV_006.20170801.IXOSCA.N,8,2017
HARV,HARV_006,deciduousForest,190.8,2017-08-01,1,Positive,Borrelia burgdorferi sensu lato,HARV_006.20170801.IXOSCA.N,8,2017
HARV,HARV_006,deciduousForest,190.8,2017-08-01,1,Negative,Anaplasma phagocytophilum,HARV_006.20170801.IXOSCA.N,8,2017
HARV,HARV_006,deciduousForest,190.8,2017-08-01,1,Negative,Borrelia miyamotoi,HARV_006.20170801.IXOSCA.N,8,2017
HARV,HARV_006,deciduousForest,190.8,2017-08-01,1,Negative,Ixodes pacificus,HARV_006.20170801.IXOSCA.N,8,2017
HARV,HARV_026,evergreenForest,187.3,2017-08-01,1,Negative,Borrelia sp.,HARV_026.20170801.IXOSCA.N,8,2017
HARV,HARV_026,evergreenForest,187.3,2017-08-01,1,Negative,Borrelia miyamotoi,HARV_026.20170801.IXOSCA.N,8,2017
HARV,HARV_026,evergreenForest,187.3,2017-08-01,1,Negative,Ixodes pacificus,HARV_026.20170801.IXOSCA.N,8,2017
HARV,HARV_026,evergreenForest,187.3,2017-08-01,1,Negative,Anaplasma phagocytophilum,HARV_026.20170801.IXOSCA.N,8,2017
HARV,HARV_026,evergreenForest,187.3,2017-08-01,1,Negative,Borrelia mayonii,HARV_026.20170801.IXOSCA.N,8,2017
HARV,HARV_026,evergreenForest,187.3,2017-08-01,1,Negative,Ehrlichia muris-like,HARV_026.20170801.IXOSCA.N,8,2017
HARV,HARV_026,evergreenForest,187.3,2017-08-01,1,Negative,Borrelia burgdorferi sensu lato,HARV_026.20170801.IXOSCA.N,8,2017
HARV,HARV_026,evergreenForest,187.3,2017-08-01,1,Negative,Babesia microti,HARV_026.20170801.IXOSCA.N,8,2017
HARV,HARV_022,evergreenForest,185.9,2017-06-22,1,Negative,Borrelia mayonii,HARV_022.20170622.IXOSCA.N,6,2017
HARV,HARV_022,evergreenForest,185.9,2017-06-22,1,Positive,Borrelia burgdorferi sensu lato,HARV_022.20170622.IXOSCA.N,6,2017
HARV,HARV_022,evergreenForest,185.9,2017-06-22,1,Positive,Borrelia sp.,HARV_022.20170622.IXOSCA.N,6,2017
HARV,HARV_022,evergreenForest,185.9,2017-06-22,1,Negative,Borrelia burgdorferi sensu lato,HARV_022.20170622.IXOSCA.N,6,2017
HARV,HARV_022,evergreenForest,185.9,2017-06-22,1,Positive,Borrelia burgdorferi sensu lato,HARV_022.20170622.IXOSCA.N,6,2017
HARV,HARV_022,evergreenForest,185.9,2017-06-22,1,Negative,Anaplasma phagocytophilum,HARV_022.20170622.IXOSCA.N,6,2017
HARV,HARV_022,evergreenForest,185.9,2017-06-22,1,Negative,Borrelia mayonii,HARV_022.20170622.IXOSCA.N,6,2017
HARV,HARV_022,evergreenForest,185.9,2017-06-22,1,Negative,Ehrlichia muris-like,HARV_022.20170622.IXOSCA.N,6,2017
HARV,HARV_022,evergreenForest,185.9,2017-06-22,1,Negative,Borrelia miyamotoi,HARV_022.20170622.IXOSCA.N,6,2017
HARV,HARV_022,evergreenForest,185.9,2017-06-22,1,Positive,Ehrlichia muris-like,HARV_022.20170622.IXOSCA.N,6,2017
HARV,HARV_022,evergreenForest,185.9,2017-06-22,1,Negative,Borrelia miyamotoi,HARV_022.20170622.IXOSCA.N,6,2017
HARV,HARV_022,evergreenForest,185.9,2017-06-22,1,Negative,Anaplasma phagocytophilum,HARV_022.20170622.IXOSCA.N,6,2017
HARV,HARV_022,evergreenForest,185.9,2017-06-22,1,Negative,Borrelia miyamotoi,HARV_022.20170622.IXOSCA.N,6,2017
HARV,HARV_022,evergreenForest,185.9,2017-06-22,1,Negative,Borrelia mayonii,HARV_022.20170622.IXOSCA.N,6,2017
HARV,HARV_022,evergreenForest,185.9,2017-06-22,1,Negative,Ixodes pacificus,HARV_022.20170622.IXOSCA.N,6,2017
HARV,HARV_022,evergreenForest,185.9,2017-06-22,1,Negative,Anaplasma phagocytophilum,HARV_022.20170622.IXOSCA.N,6,2017
HARV,HARV_022,evergreenForest,185.9,2017-06-22,1,Negative,Ixodes pacificus,HARV_022.20170622.IXOSCA.N,6,2017
HARV,HARV_022,evergreenForest,185.9,2017-06-22,1,Positive,Babesia microti,HARV_022.20170622.IXOSCA.N,6,2017
HARV,HARV_022,evergreenForest,185.9,2017-06-22,1,Negative,Ixodes pacificus,HARV_022.20170622.IXOSCA.N,6,2017
HARV,HARV_022,evergreenForest,185.9,2017-06-22,1,Negative,Borrelia mayonii,HARV_022.20170622.IXOSCA.N,6,2017
HARV,HARV_022,evergreenForest,185.9,2017-06-22,1,Negative,Borrelia miyamotoi,HARV_022.20170622.IXOSCA.N,6,2017
HARV,HARV_022,evergreenForest,185.9,2017-06-22,1,Negative,Ehrlichia muris-like,HARV_022.20170622.IXOSCA.N,6,2017
HARV,HARV_022,evergreenForest,185.9,2017-06-22,1,Negative,Babesia microti,HARV_022.20170622.IXOSCA.N,6,2017
HARV,HARV_022,evergreenForest,185.9,2017-06-22,1,Negative,Ixodes pacificus,HARV_022.20170622.IXOSCA.N,6,2017
HARV,HARV_022,evergreenForest,185.9,2017-06-22,1,Positive,Borrelia sp.,HARV_022.20170622.IXOSCA.N,6,2017
HARV,HARV_022,evergreenForest,185.9,2017-06-22,1,Negative,Babesia microti,HARV_022.20170622.IXOSCA.N,6,2017
HARV,HARV_022,evergreenForest,185.9,2017-06-22,1,Negative,Borrelia sp.,HARV_022.20170622.IXOSCA.N,6,2017
HARV,HARV_022,evergreenForest,185.9,2017-06-22,1,Negative,Borrelia sp.,HARV_022.20170622.IXOSCA.N,6,2017
HARV,HARV_022,evergreenForest,185.9,2017-06-22,1,Negative,Anaplasma phagocytophilum,HARV_022.20170622.IXOSCA.N,6,2017
HARV,HARV_022,evergreenForest,185.9,2017-06-22,1,Negative,Borrelia burgdorferi sensu lato,HARV_022.20170622.IXOSCA.N,6,2017
HARV,HARV_022,evergreenForest,185.9,2017-06-22,1,Negative,Babesia microti,HARV_022.20170622.IXOSCA.N,6,2017
HARV,HARV_022,evergreenForest,185.9,2017-06-22,1,Negative,Ehrlichia muris-like,HARV_022.20170622.IXOSCA.N,6,2017
HARV,HARV_001,deciduousForest,202.1,2017-06-22,1,Negative,Borrelia burgdorferi sensu lato,HARV_001.20170622.IXOSCA.N,6,2017
HARV,HARV_001,deciduousForest,202.1,2017-06-22,1,Negative,Babesia microti,HARV_001.20170622.IXOSCA.N,6,2017
HARV,HARV_001,deciduousForest,202.1,2017-06-22,1,Negative,Ixodes pacificus,HARV_001.20170622.IXOSCA.N,6,2017
HARV,HARV_001,deciduousForest,202.1,2017-06-22,1,Negative,Babesia microti,HARV_001.20170622.IXOSCA.N,6,2017
HARV,HARV_001,deciduousForest,202.1,2017-06-22,1,Negative,Borrelia burgdorferi sensu lato,HARV_001.20170622.IXOSCA.N,6,2017
HARV,HARV_001,deciduousForest,202.1,2017-06-22,1,Negative,Borrelia mayonii,HARV_001.20170622.IXOSCA.N,6,2017
HARV,HARV_001,deciduousForest,202.1,2017-06-22,1,Negative,Ixodes pacificus,HARV_001.20170622.IXOSCA.N,6,2017
HARV,HARV_001,deciduousForest,202.1,2017-06-22,1,Negative,Borrelia burgdorferi sensu lato,HARV_001.20170622.IXOSCA.N,6,2017
HARV,HARV_001,deciduousForest,202.1,2017-06-22,1,Negative,Ixodes pacificus,HARV_001.20170622.IXOSCA.N,6,2017
HARV,HARV_001,deciduousForest,202.1,2017-06-22,1,Negative,Babesia microti,HARV_001.20170622.IXOSCA.N,6,2017
HARV,HARV_001,deciduousForest,202.1,2017-06-22,1,Negative,Ehrlichia muris-like,HARV_001.20170622.IXOSCA.N,6,2017
HARV,HARV_001,deciduousForest,202.1,2017-06-22,1,Negative,Borrelia sp.,HARV_001.20170622.IXOSCA.N,6,2017
HARV,HARV_001,deciduousForest,202.1,2017-06-22,1,Negative,Borrelia mayonii,HARV_001.20170622.IXOSCA.N,6,2017
HARV,HARV_001,deciduousForest,202.1,2017-06-22,1,Negative,Borrelia burgdorferi sensu lato,HARV_001.20170622.IXOSCA.N,6,2017
HARV,HARV_001,deciduousForest,202.1,2017-06-22,1,Negative,Ixodes pacificus,HARV_001.20170622.IXOSCA.N,6,2017
HARV,HARV_001,deciduousForest,202.1,2017-06-22,1,Negative,Borrelia sp.,HARV_001.20170622.IXOSCA.N,6,2017
HARV,HARV_001,deciduousForest,202.1,2017-06-22,1,Negative,Borrelia mayonii,HARV_001.20170622.IXOSCA.N,6,2017
HARV,HARV_001,deciduousForest,202.1,2017-06-22,1,Negative,Borrelia mayonii,HARV_001.20170622.IXOSCA.N,6,2017
HARV,HARV_001,deciduousForest,202.1,2017-06-22,1,Negative,Ehrlichia muris-like,HARV_001.20170622.IXOSCA.N,6,2017
HARV,HARV_001,deciduousForest,202.1,2017-06-22,1,Negative,Ehrlichia muris-like,HARV_001.20170622.IXOSCA.N,6,2017
HARV,HARV_001,deciduousForest,202.1,2017-06-22,1,Negative,Borrelia mayonii,HARV_001.20170622.IXOSCA.N,6,2017
HARV,HARV_001,deciduousForest,202.1,2017-06-22,1,Negative,Anaplasma phagocytophilum,HARV_001.20170622.IXOSCA.N,6,2017
HARV,HARV_001,deciduousForest,202.1,2017-06-22,1,Negative,Borrelia burgdorferi sensu lato,HARV_001.20170622.IXOSCA.N,6,2017
HARV,HARV_001,deciduousForest,202.1,2017-06-22,1,Negative,Borrelia miyamotoi,HARV_001.20170622.IXOSCA.N,6,2017
HARV,HARV_001,deciduousForest,202.1,2017-06-22,1,Negative,Borrelia sp.,HARV_001.20170622.IXOSCA.N,6,2017
HARV,HARV_001,deciduousForest,202.1,2017-06-22,1,Negative,Ehrlichia muris-like,HARV_001.20170622.IXOSCA.N,6,2017
HARV,HARV_001,deciduousForest,202.1,2017-06-22,1,Negative,Borrelia miyamotoi,HARV_001.20170622.IXOSCA.N,6,2017
HARV,HARV_001,deciduousForest,202.1,2017-06-22,1,Negative,Ixodes pacificus,HARV_001.20170622.IXOSCA.N,6,2017
HARV,HARV_001,deciduousForest,202.1,2017-06-22,1,Negative,Babesia microti,HARV_001.20170622.IXOSCA.N,6,2017
HARV,HARV_001,deciduousForest,202.1,2017-06-22,1,Negative,Ehrlichia muris-like,HARV_001.20170622.IXOSCA.N,6,2017
HARV,HARV_001,deciduousForest,202.1,2017-06-22,1,Negative,Babesia microti,HARV_001.20170622.IXOSCA.N,6,2017
HARV,HARV_001,deciduousForest,202.1,2017-06-22,1,Negative,Babesia microti,HARV_001.20170622.IXOSCA.N,6,2017
HARV,HARV_001,deciduousForest,202.1,2017-06-22,1,Negative,Borrelia sp.,HARV_001.20170622.IXOSCA.N,6,2017
HARV,HARV_001,deciduousForest,202.1,2017-06-22,1,Negative,Borrelia sp.,HARV_001.20170622.IXOSCA.N,6,2017
HARV,HARV_001,deciduousForest,202.1,2017-06-22,1,Negative,Borrelia miyamotoi,HARV_001.20170622.IXOSCA.N,6,2017
HARV,HARV_001,deciduousForest,202.1,2017-06-22,1,Negative,Anaplasma phagocytophilum,HARV_001.20170622.IXOSCA.N,6,2017
HARV,HARV_001,deciduousForest,202.1,2017-06-22,1,Negative,Babesia microti,HARV_001.20170622.IXOSCA.N,6,2017
HARV,HARV_001,deciduousForest,202.1,2017-06-22,1,Negative,Borrelia burgdorferi sensu lato,HARV_001.20170622.IXOSCA.N,6,2017
HARV,HARV_001,deciduousForest,202.1,2017-06-22,1,Negative,Borrelia burgdorferi sensu lato,HARV_001.20170622.IXOSCA.N,6,2017
HARV,HARV_001,deciduousForest,202.1,2017-06-22,1,Negative,Anaplasma phagocytophilum,HARV_001.20170622.IXOSCA.N,6,2017
HARV,HARV_001,deciduousForest,202.1,2017-06-22,1,Negative,Anaplasma phagocytophilum,HARV_001.20170622.IXOSCA.N,6,2017
HARV,HARV_001,deciduousForest,202.1,2017-06-22,1,Negative,Babesia microti,HARV_001.20170622.IXOSCA.N,6,2017
HARV,HARV_001,deciduousForest,202.1,2017-06-22,1,Negative,Borrelia sp.,HARV_001.20170622.IXOSCA.N,6,2017
HARV,HARV_001,deciduousForest,202.1,2017-06-22,1,Negative,Ehrlichia muris-like,HARV_001.20170622.IXOSCA.N,6,2017
HARV,HARV_001,deciduousForest,202.1,2017-06-22,1,Negative,Babesia microti,HARV_001.20170622.IXOSCA.N,6,2017
HARV,HARV_001,deciduousForest,202.1,2017-06-22,1,Negative,Ehrlichia muris-like,HARV_001.20170622.IXOSCA.N,6,2017
HARV,HARV_001,deciduousForest,202.1,2017-06-22,1,Negative,Borrelia mayonii,HARV_001.20170622.IXOSCA.N,6,2017
HARV,HARV_001,deciduousForest,202.1,2017-06-22,1,Negative,Borrelia sp.,HARV_001.20170622.IXOSCA.N,6,2017
HARV,HARV_001,deciduousForest,202.1,2017-06-22,1,Negative,Ehrlichia muris-like,HARV_001.20170622.IXOSCA.N,6,2017
HARV,HARV_001,deciduousForest,202.1,2017-06-22,1,Negative,Borrelia mayonii,HARV_001.20170622.IXOSCA.N,6,2017
HARV,HARV_001,deciduousForest,202.1,2017-06-22,1,Negative,Anaplasma phagocytophilum,HARV_001.20170622.IXOSCA.N,6,2017
HARV,HARV_001,deciduousForest,202.1,2017-06-22,1,Negative,Anaplasma phagocytophilum,HARV_001.20170622.IXOSCA.N,6,2017
HARV,HARV_001,deciduousForest,202.1,2017-06-22,1,Negative,Borrelia mayonii,HARV_001.20170622.IXOSCA.N,6,2017
HARV,HARV_001,deciduousForest,202.1,2017-06-22,1,Negative,Borrelia miyamotoi,HARV_001.20170622.IXOSCA.N,6,2017
HARV,HARV_001,deciduousForest,202.1,2017-06-22,1,Negative,Borrelia miyamotoi,HARV_001.20170622.IXOSCA.N,6,2017
HARV,HARV_001,deciduousForest,202.1,2017-06-22,1,Negative,Ixodes pacificus,HARV_001.20170622.IXOSCA.N,6,2017
HARV,HARV_001,deciduousForest,202.1,2017-06-22,1,Negative,Ehrlichia muris-like,HARV_001.20170622.IXOSCA.N,6,2017
HARV,HARV_001,deciduousForest,202.1,2017-06-22,1,Negative,Babesia microti,HARV_001.20170622.IXOSCA.N,6,2017
HARV,HARV_001,deciduousForest,202.1,2017-06-22,1,Negative,Ehrlichia muris-like,HARV_001.20170622.IXOSCA.N,6,2017
HARV,HARV_001,deciduousForest,202.1,2017-06-22,1,Negative,Borrelia miyamotoi,HARV_001.20170622.IXOSCA.N,6,2017
HARV,HARV_001,deciduousForest,202.1,2017-06-22,1,Negative,Ixodes pacificus,HARV_001.20170622.IXOSCA.N,6,2017
HARV,HARV_001,deciduousForest,202.1,2017-06-22,1,Negative,Anaplasma phagocytophilum,HARV_001.20170622.IXOSCA.N,6,2017
HARV,HARV_001,deciduousForest,202.1,2017-06-22,1,Negative,Anaplasma phagocytophilum,HARV_001.20170622.IXOSCA.N,6,2017
HARV,HARV_001,deciduousForest,202.1,2017-06-22,1,Negative,Borrelia burgdorferi sensu lato,HARV_001.20170622.IXOSCA.N,6,2017
HARV,HARV_001,deciduousForest,202.1,2017-06-22,1,Negative,Borrelia sp.,HARV_001.20170622.IXOSCA.N,6,2017
HARV,HARV_001,deciduousForest,202.1,2017-06-22,1,Negative,Borrelia miyamotoi,HARV_001.20170622.IXOSCA.N,6,2017
HARV,HARV_001,deciduousForest,202.1,2017-06-22,1,Negative,Ixodes pacificus,HARV_001.20170622.IXOSCA.N,6,2017
HARV,HARV_001,deciduousForest,202.1,2017-06-22,1,Negative,Borrelia mayonii,HARV_001.20170622.IXOSCA.N,6,2017
HARV,HARV_001,deciduousForest,202.1,2017-06-22,1,Negative,Babesia microti,HARV_001.20170622.IXOSCA.N,6,2017
HARV,HARV_001,deciduousForest,202.1,2017-06-22,1,Negative,Borrelia burgdorferi sensu lato,HARV_001.20170622.IXOSCA.N,6,2017
HARV,HARV_001,deciduousForest,202.1,2017-06-22,1,Negative,Borrelia mayonii,HARV_001.20170622.IXOSCA.N,6,2017
HARV,HARV_001,deciduousForest,202.1,2017-06-22,1,Negative,Borrelia burgdorferi sensu lato,HARV_001.20170622.IXOSCA.N,6,2017
HARV,HARV_001,deciduousForest,202.1,2017-06-22,1,Negative,Borrelia miyamotoi,HARV_001.20170622.IXOSCA.N,6,2017
HARV,HARV_001,deciduousForest,202.1,2017-06-22,1,Negative,Borrelia sp.,HARV_001.20170622.IXOSCA.N,6,2017
HARV,HARV_001,deciduousForest,202.1,2017-06-22,1,Positive,Borrelia burgdorferi sensu lato,HARV_001.20170622.IXOSCA.N,6,2017
HARV,HARV_001,deciduousForest,202.1,2017-06-22,1,Negative,Borrelia sp.,HARV_001.20170622.IXOSCA.N,6,2017
HARV,HARV_001,deciduousForest,202.1,2017-06-22,1,Negative,Ixodes pacificus,HARV_001.20170622.IXOSCA.N,6,2017
HARV,HARV_001,deciduousForest,202.1,2017-06-22,1,Negative,Anaplasma phagocytophilum,HARV_001.20170622.IXOSCA.N,6,2017
HARV,HARV_001,deciduousForest,202.1,2017-06-22,1,Negative,Borrelia miyamotoi,HARV_001.20170622.IXOSCA.N,6,2017
HARV,HARV_001,deciduousForest,202.1,2017-06-22,1,Negative,Ehrlichia muris-like,HARV_001.20170622.IXOSCA.N,6,2017
HARV,HARV_001,deciduousForest,202.1,2017-06-22,1,Negative,Anaplasma phagocytophilum,HARV_001.20170622.IXOSCA.N,6,2017
HARV,HARV_001,deciduousForest,202.1,2017-06-22,1,Negative,Borrelia miyamotoi,HARV_001.20170622.IXOSCA.N,6,2017
HARV,HARV_001,deciduousForest,202.1,2017-06-22,1,Negative,Borrelia mayonii,HARV_001.20170622.IXOSCA.N,6,2017
HARV,HARV_001,deciduousForest,202.1,2017-06-22,1,Negative,Anaplasma phagocytophilum,HARV_001.20170622.IXOSCA.N,6,2017
HARV,HARV_001,deciduousForest,202.1,2017-06-22,1,Negative,Ixodes pacificus,HARV_001.20170622.IXOSCA.N,6,2017
HARV,HARV_001,deciduousForest,202.1,2017-06-22,1,Negative,Ixodes pacificus,HARV_001.20170622.IXOSCA.N,6,2017
HARV,HARV_001,deciduousForest,202.1,2017-06-22,1,Negative,Borrelia miyamotoi,HARV_001.20170622.IXOSCA.N,6,2017
HARV,HARV_001,deciduousForest,202.1,2017-06-22,1,Positive,Borrelia sp.,HARV_001.20170622.IXOSCA.N,6,2017
HARV,HARV_004,mixedForest,182.6,2017-06-22,1,Negative,Borrelia miyamotoi,HARV_004.20170622.IXOSCA.N,6,2017
HARV,HARV_004,mixedForest,182.6,2017-06-22,1,Negative,Ehrlichia muris-like,HARV_004.20170622.IXOSCA.N,6,2017
HARV,HARV_004,mixedForest,182.6,2017-06-22,1,Negative,Babesia microti,HARV_004.20170622.IXOSCA.N,6,2017
HARV,HARV_004,mixedForest,182.6,2017-06-22,1,Positive,Borrelia burgdorferi sensu lato,HARV_004.20170622.IXOSCA.N,6,2017
HARV,HARV_004,mixedForest,182.6,2017-06-22,1,Negative,Borrelia burgdorferi sensu lato,HARV_004.20170622.IXOSCA.N,6,2017
HARV,HARV_004,mixedForest,182.6,2017-06-22,1,Negative,Borrelia mayonii,HARV_004.20170622.IXOSCA.N,6,2017
HARV,HARV_004,mixedForest,182.6,2017-06-22,1,Negative,Ehrlichia muris-like,HARV_004.20170622.IXOSCA.N,6,2017
HARV,HARV_004,mixedForest,182.6,2017-06-22,1,Negative,Borrelia sp.,HARV_004.20170622.IXOSCA.N,6,2017
HARV,HARV_004,mixedForest,182.6,2017-06-22,1,Negative,Ixodes pacificus,HARV_004.20170622.IXOSCA.N,6,2017
HARV,HARV_004,mixedForest,182.6,2017-06-22,1,Positive,Borrelia sp.,HARV_004.20170622.IXOSCA.N,6,2017
HARV,HARV_004,mixedForest,182.6,2017-06-22,1,Negative,Borrelia sp.,HARV_004.20170622.IXOSCA.N,6,2017
HARV,HARV_004,mixedForest,182.6,2017-06-22,1,Negative,Borrelia mayonii,HARV_004.20170622.IXOSCA.N,6,2017
HARV,HARV_004,mixedForest,182.6,2017-06-22,1,Positive,Borrelia burgdorferi sensu lato,HARV_004.20170622.IXOSCA.N,6,2017
HARV,HARV_004,mixedForest,182.6,2017-06-22,1,Negative,Anaplasma phagocytophilum,HARV_004.20170622.IXOSCA.N,6,2017
HARV,HARV_004,mixedForest,182.6,2017-06-22,1,Negative,Babesia microti,HARV_004.20170622.IXOSCA.N,6,2017
HARV,HARV_004,mixedForest,182.6,2017-06-22,1,Negative,Ixodes pacificus,HARV_004.20170622.IXOSCA.N,6,2017
HARV,HARV_004,mixedForest,182.6,2017-06-22,1,Negative,Borrelia miyamotoi,HARV_004.20170622.IXOSCA.N,6,2017
HARV,HARV_004,mixedForest,182.6,2017-06-22,1,Negative,Ixodes pacificus,HARV_004.20170622.IXOSCA.N,6,2017
HARV,HARV_004,mixedForest,182.6,2017-06-22,1,Positive,Anaplasma phagocytophilum,HARV_004.20170622.IXOSCA.N,6,2017
HARV,HARV_004,mixedForest,182.6,2017-06-22,1,Negative,Ehrlichia muris-like,HARV_004.20170622.IXOSCA.N,6,2017
HARV,HARV_004,mixedForest,182.6,2017-06-22,1,Negative,Borrelia mayonii,HARV_004.20170622.IXOSCA.N,6,2017
HARV,HARV_004,mixedForest,182.6,2017-06-22,1,Negative,Borrelia miyamotoi,HARV_004.20170622.IXOSCA.N,6,2017
HARV,HARV_004,mixedForest,182.6,2017-06-22,1,Negative,Ixodes pacificus,HARV_004.20170622.IXOSCA.N,6,2017
HARV,HARV_004,mixedForest,182.6,2017-06-22,1,Negative,Ehrlichia muris-like,HARV_004.20170622.IXOSCA.N,6,2017
HARV,HARV_004,mixedForest,182.6,2017-06-22,1,Negative,Anaplasma phagocytophilum,HARV_004.20170622.IXOSCA.N,6,2017
HARV,HARV_004,mixedForest,182.6,2017-06-22,1,Negative,Borrelia sp.,HARV_004.20170622.IXOSCA.N,6,2017
HARV,HARV_004,mixedForest,182.6,2017-06-22,1,Negative,Borrelia mayonii,HARV_004.20170622.IXOSCA.N,6,2017
HARV,HARV_004,mixedForest,182.6,2017-06-22,1,Negative,Borrelia burgdorferi sensu lato,HARV_004.20170622.IXOSCA.N,6,2017
HARV,HARV_004,mixedForest,182.6,2017-06-22,1,Negative,Borrelia miyamotoi,HARV_004.20170622.IXOSCA.N,6,2017
HARV,HARV_004,mixedForest,182.6,2017-06-22,1,Negative,Anaplasma phagocytophilum,HARV_004.20170622.IXOSCA.N,6,2017
HARV,HARV_004,mixedForest,182.6,2017-06-22,1,Negative,Anaplasma phagocytophilum,HARV_004.20170622.IXOSCA.N,6,2017
HARV,HARV_004,mixedForest,182.6,2017-06-22,1,Negative,Ixodes pacificus,HARV_004.20170622.IXOSCA.N,6,2017
HARV,HARV_004,mixedForest,182.6,2017-06-22,1,Negative,Babesia microti,HARV_004.20170622.IXOSCA.N,6,2017
HARV,HARV_004,mixedForest,182.6,2017-06-22,1,Negative,Babesia microti,HARV_004.20170622.IXOSCA.N,6,2017
HARV,HARV_004,mixedForest,182.6,2017-06-22,1,Negative,Borrelia burgdorferi sensu lato,HARV_004.20170622.IXOSCA.N,6,2017
HARV,HARV_004,mixedForest,182.6,2017-06-22,1,Negative,Borrelia mayonii,HARV_004.20170622.IXOSCA.N,6,2017
HARV,HARV_004,mixedForest,182.6,2017-06-22,1,Negative,Borrelia miyamotoi,HARV_004.20170622.IXOSCA.N,6,2017
HARV,HARV_004,mixedForest,182.6,2017-06-22,1,Positive,Borrelia sp.,HARV_004.20170622.IXOSCA.N,6,2017
HARV,HARV_004,mixedForest,182.6,2017-06-22,1,Negative,Babesia microti,HARV_004.20170622.IXOSCA.N,6,2017
HARV,HARV_004,mixedForest,182.6,2017-06-22,1,Negative,Ehrlichia muris-like,HARV_004.20170622.IXOSCA.N,6,2017
HARV,HARV_020,woodyWetlands,228.3,2017-06-22,1,Negative,Ixodes pacificus,HARV_020.20170622.IXOSCA.N,6,2017
HARV,HARV_020,woodyWetlands,228.3,2017-06-22,1,Negative,Ehrlichia muris-like,HARV_020.20170622.IXOSCA.N,6,2017
HARV,HARV_020,woodyWetlands,228.3,2017-06-22,1,Negative,Anaplasma phagocytophilum,HARV_020.20170622.IXOSCA.N,6,2017
HARV,HARV_020,woodyWetlands,228.3,2017-06-22,1,Negative,Borrelia burgdorferi sensu lato,HARV_020.20170622.IXOSCA.N,6,2017
HARV,HARV_020,woodyWetlands,228.3,2017-06-22,1,Negative,Borrelia mayonii,HARV_020.20170622.IXOSCA.N,6,2017
HARV,HARV_020,woodyWetlands,228.3,2017-06-22,1,Negative,Borrelia sp.,HARV_020.20170622.IXOSCA.N,6,2017
HARV,HARV_020,woodyWetlands,228.3,2017-06-22,1,Negative,Babesia microti,HARV_020.20170622.IXOSCA.N,6,2017
HARV,HARV_020,woodyWetlands,228.3,2017-06-22,1,Negative,Borrelia miyamotoi,HARV_020.20170622.IXOSCA.N,6,2017
HARV,HARV_022,evergreenForest,185.9,2018-05-14,1,Positive,Borrelia burgdorferi sensu lato,HARV_022.20180514.IXOSCA.N,5,2018
HARV,HARV_022,evergreenForest,185.9,2018-05-14,1,Negative,Borrelia burgdorferi sensu lato,HARV_022.20180514.IXOSCA.N,5,2018
HARV,HARV_022,evergreenForest,185.9,2018-05-14,1,Negative,Borrelia sp.,HARV_022.20180514.IXOSCA.N,5,2018
HARV,HARV_022,evergreenForest,185.9,2018-05-14,1,Negative,Ehrlichia muris-like,HARV_022.20180514.IXOSCA.N,5,2018
HARV,HARV_022,evergreenForest,185.9,2018-05-14,1,Negative,Ixodes pacificus,HARV_022.20180514.IXOSCA.N,5,2018
HARV,HARV_022,evergreenForest,185.9,2018-05-14,1,Negative,Borrelia mayonii,HARV_022.20180514.IXOSCA.N,5,2018
HARV,HARV_022,evergreenForest,185.9,2018-05-14,1,Negative,Borrelia miyamotoi,HARV_022.20180514.IXOSCA.N,5,2018
HARV,HARV_022,evergreenForest,185.9,2018-05-14,1,Negative,Ixodes pacificus,HARV_022.20180514.IXOSCA.N,5,2018
HARV,HARV_022,evergreenForest,185.9,2018-05-14,1,Negative,Ehrlichia muris-like,HARV_022.20180514.IXOSCA.N,5,2018
HARV,HARV_022,evergreenForest,185.9,2018-05-14,1,Negative,Babesia microti,HARV_022.20180514.IXOSCA.N,5,2018
HARV,HARV_022,evergreenForest,185.9,2018-05-14,1,Negative,Borrelia miyamotoi,HARV_022.20180514.IXOSCA.N,5,2018
HARV,HARV_022,evergreenForest,185.9,2018-05-14,1,Positive,Borrelia sp.,HARV_022.20180514.IXOSCA.N,5,2018
HARV,HARV_022,evergreenForest,185.9,2018-05-14,1,Negative,Anaplasma phagocytophilum,HARV_022.20180514.IXOSCA.N,5,2018
HARV,HARV_022,evergreenForest,185.9,2018-05-14,1,Negative,Borrelia mayonii,HARV_022.20180514.IXOSCA.N,5,2018
HARV,HARV_022,evergreenForest,185.9,2018-05-14,1,Positive,Anaplasma phagocytophilum,HARV_022.20180514.IXOSCA.N,5,2018
HARV,HARV_022,evergreenForest,185.9,2018-05-14,1,Negative,Babesia microti,HARV_022.20180514.IXOSCA.N,5,2018
HARV,HARV_020,woodyWetlands,228.3,2017-07-10,1,Negative,Ehrlichia muris-like,HARV_020.20170710.IXOSCA.N,7,2017
HARV,HARV_020,woodyWetlands,228.3,2017-07-10,1,Negative,Borrelia miyamotoi,HARV_020.20170710.IXOSCA.N,7,2017
HARV,HARV_020,woodyWetlands,228.3,2017-07-10,1,Negative,Anaplasma phagocytophilum,HARV_020.20170710.IXOSCA.N,7,2017
HARV,HARV_020,woodyWetlands,228.3,2017-07-10,1,Negative,Borrelia sp.,HARV_020.20170710.IXOSCA.N,7,2017
HARV,HARV_020,woodyWetlands,228.3,2017-07-10,1,Negative,Babesia microti,HARV_020.20170710.IXOSCA.N,7,2017
HARV,HARV_020,woodyWetlands,228.3,2017-07-10,1,Negative,Ixodes pacificus,HARV_020.20170710.IXOSCA.N,7,2017
HARV,HARV_020,woodyWetlands,228.3,2017-07-10,1,Negative,Babesia microti,HARV_020.20170710.IXOSCA.N,7,2017
HARV,HARV_020,woodyWetlands,228.3,2017-07-10,1,Negative,Borrelia mayonii,HARV_020.20170710.IXOSCA.N,7,2017
HARV,HARV_020,woodyWetlands,228.3,2017-07-10,1,Negative,Borrelia miyamotoi,HARV_020.20170710.IXOSCA.N,7,2017
HARV,HARV_020,woodyWetlands,228.3,2017-07-10,1,Negative,Borrelia burgdorferi sensu lato,HARV_020.20170710.IXOSCA.N,7,2017
HARV,HARV_020,woodyWetlands,228.3,2017-07-10,1,Negative,Ehrlichia muris-like,HARV_020.20170710.IXOSCA.N,7,2017
HARV,HARV_020,woodyWetlands,228.3,2017-07-10,1,Negative,Borrelia mayonii,HARV_020.20170710.IXOSCA.N,7,2017
HARV,HARV_020,woodyWetlands,228.3,2017-07-10,1,Negative,Ixodes pacificus,HARV_020.20170710.IXOSCA.N,7,2017
HARV,HARV_020,woodyWetlands,228.3,2017-07-10,1,Negative,Borrelia burgdorferi sensu lato,HARV_020.20170710.IXOSCA.N,7,2017
HARV,HARV_020,woodyWetlands,228.3,2017-07-10,1,Negative,Anaplasma phagocytophilum,HARV_020.20170710.IXOSCA.N,7,2017
HARV,HARV_020,woodyWetlands,228.3,2017-07-10,1,Negative,Borrelia sp.,HARV_020.20170710.IXOSCA.N,7,2017
HARV,HARV_022,evergreenForest,185.9,2017-07-10,1,Negative,Ehrlichia muris-like,HARV_022.20170710.IXOSCA.N,7,2017
HARV,HARV_022,evergreenForest,185.9,2017-07-10,1,Negative,Borrelia miyamotoi,HARV_022.20170710.IXOSCA.N,7,2017
HARV,HARV_022,evergreenForest,185.9,2017-07-10,1,Negative,Borrelia burgdorferi sensu lato,HARV_022.20170710.IXOSCA.N,7,2017
HARV,HARV_022,evergreenForest,185.9,2017-07-10,1,Negative,Anaplasma phagocytophilum,HARV_022.20170710.IXOSCA.N,7,2017
HARV,HARV_022,evergreenForest,185.9,2017-07-10,1,Negative,Borrelia mayonii,HARV_022.20170710.IXOSCA.N,7,2017
HARV,HARV_022,evergreenForest,185.9,2017-07-10,1,Negative,Ehrlichia muris-like,HARV_022.20170710.IXOSCA.N,7,2017
HARV,HARV_022,evergreenForest,185.9,2017-07-10,1,Negative,Ixodes pacificus,HARV_022.20170710.IXOSCA.N,7,2017
HARV,HARV_022,evergreenForest,185.9,2017-07-10,1,Negative,Borrelia sp.,HARV_022.20170710.IXOSCA.N,7,2017
HARV,HARV_022,evergreenForest,185.9,2017-07-10,1,Negative,Anaplasma phagocytophilum,HARV_022.20170710.IXOSCA.N,7,2017
HARV,HARV_022,evergreenForest,185.9,2017-07-10,1,Negative,Anaplasma phagocytophilum,HARV_022.20170710.IXOSCA.N,7,2017
HARV,HARV_022,evergreenForest,185.9,2017-07-10,1,Negative,Ehrlichia muris-like,HARV_022.20170710.IXOSCA.N,7,2017
HARV,HARV_022,evergreenForest,185.9,2017-07-10,1,Negative,Borrelia miyamotoi,HARV_022.20170710.IXOSCA.N,7,2017
HARV,HARV_022,evergreenForest,185.9,2017-07-10,1,Negative,Borrelia burgdorferi sensu lato,HARV_022.20170710.IXOSCA.N,7,2017
HARV,HARV_022,evergreenForest,185.9,2017-07-10,1,Negative,Borrelia sp.,HARV_022.20170710.IXOSCA.N,7,2017
HARV,HARV_022,evergreenForest,185.9,2017-07-10,1,Negative,Borrelia sp.,HARV_022.20170710.IXOSCA.N,7,2017
HARV,HARV_022,evergreenForest,185.9,2017-07-10,1,Negative,Borrelia burgdorferi sensu lato,HARV_022.20170710.IXOSCA.N,7,2017
HARV,HARV_022,evergreenForest,185.9,2017-07-10,1,Negative,Borrelia mayonii,HARV_022.20170710.IXOSCA.N,7,2017
HARV,HARV_022,evergreenForest,185.9,2017-07-10,1,Negative,Babesia microti,HARV_022.20170710.IXOSCA.N,7,2017
HARV,HARV_022,evergreenForest,185.9,2017-07-10,1,Negative,Borrelia burgdorferi sensu lato,HARV_022.20170710.IXOSCA.N,7,2017
HARV,HARV_022,evergreenForest,185.9,2017-07-10,1,Negative,Borrelia miyamotoi,HARV_022.20170710.IXOSCA.N,7,2017
HARV,HARV_022,evergreenForest,185.9,2017-07-10,1,Negative,Borrelia sp.,HARV_022.20170710.IXOSCA.N,7,2017
HARV,HARV_022,evergreenForest,185.9,2017-07-10,1,Negative,Babesia microti,HARV_022.20170710.IXOSCA.N,7,2017
HARV,HARV_022,evergreenForest,185.9,2017-07-10,1,Negative,Ixodes pacificus,HARV_022.20170710.IXOSCA.N,7,2017
HARV,HARV_022,evergreenForest,185.9,2017-07-10,1,Negative,Borrelia mayonii,HARV_022.20170710.IXOSCA.N,7,2017
HARV,HARV_022,evergreenForest,185.9,2017-07-10,1,Negative,Ixodes pacificus,HARV_022.20170710.IXOSCA.N,7,2017
HARV,HARV_022,evergreenForest,185.9,2017-07-10,1,Negative,Ehrlichia muris-like,HARV_022.20170710.IXOSCA.N,7,2017
HARV,HARV_022,evergreenForest,185.9,2017-07-10,1,Positive,Borrelia sp.,HARV_022.20170710.IXOSCA.N,7,2017
HARV,HARV_022,evergreenForest,185.9,2017-07-10,1,Negative,Anaplasma phagocytophilum,HARV_022.20170710.IXOSCA.N,7,2017
HARV,HARV_022,evergreenForest,185.9,2017-07-10,1,Negative,Babesia microti,HARV_022.20170710.IXOSCA.N,7,2017
HARV,HARV_022,evergreenForest,185.9,2017-07-10,1,Negative,Babesia microti,HARV_022.20170710.IXOSCA.N,7,2017
HARV,HARV_022,evergreenForest,185.9,2017-07-10,1,Negative,Borrelia mayonii,HARV_022.20170710.IXOSCA.N,7,2017
HARV,HARV_022,evergreenForest,185.9,2017-07-10,1,Negative,Ixodes pacificus,HARV_022.20170710.IXOSCA.N,7,2017
HARV,HARV_022,evergreenForest,185.9,2017-07-10,1,Negative,Anaplasma phagocytophilum,HARV_022.20170710.IXOSCA.N,7,2017
HARV,HARV_022,evergreenForest,185.9,2017-07-10,1,Negative,Borrelia miyamotoi,HARV_022.20170710.IXOSCA.N,7,2017
HARV,HARV_022,evergreenForest,185.9,2017-07-10,1,Negative,Borrelia mayonii,HARV_022.20170710.IXOSCA.N,7,2017
HARV,HARV_022,evergreenForest,185.9,2017-07-10,1,Negative,Ehrlichia muris-like,HARV_022.20170710.IXOSCA.N,7,2017
HARV,HARV_022,evergreenForest,185.9,2017-07-10,1,Negative,Ehrlichia muris-like,HARV_022.20170710.IXOSCA.N,7,2017
HARV,HARV_022,evergreenForest,185.9,2017-07-10,1,Negative,Borrelia mayonii,HARV_022.20170710.IXOSCA.N,7,2017
HARV,HARV_022,evergreenForest,185.9,2017-07-10,1,Negative,Anaplasma phagocytophilum,HARV_022.20170710.IXOSCA.N,7,2017
HARV,HARV_022,evergreenForest,185.9,2017-07-10,1,Negative,Babesia microti,HARV_022.20170710.IXOSCA.N,7,2017
HARV,HARV_022,evergreenForest,185.9,2017-07-10,1,Positive,Borrelia burgdorferi sensu lato,HARV_022.20170710.IXOSCA.N,7,2017
HARV,HARV_022,evergreenForest,185.9,2017-07-10,1,Negative,Ixodes pacificus,HARV_022.20170710.IXOSCA.N,7,2017
HARV,HARV_022,evergreenForest,185.9,2017-07-10,1,Negative,Borrelia sp.,HARV_022.20170710.IXOSCA.N,7,2017
HARV,HARV_022,evergreenForest,185.9,2017-07-10,1,Negative,Borrelia miyamotoi,HARV_022.20170710.IXOSCA.N,7,2017
HARV,HARV_022,evergreenForest,185.9,2017-07-10,1,Negative,Babesia microti,HARV_022.20170710.IXOSCA.N,7,2017
HARV,HARV_022,evergreenForest,185.9,2017-07-10,1,Negative,Borrelia burgdorferi sensu lato,HARV_022.20170710.IXOSCA.N,7,2017
HARV,HARV_022,evergreenForest,185.9,2017-07-10,1,Negative,Ixodes pacificus,HARV_022.20170710.IXOSCA.N,7,2017
HARV,HARV_022,evergreenForest,185.9,2017-07-10,1,Negative,Borrelia miyamotoi,HARV_022.20170710.IXOSCA.N,7,2017
HARV,HARV_006,deciduousForest,190.8,2017-07-10,1,Negative,Borrelia sp.,HARV_006.20170710.IXOSCA.N,7,2017
HARV,HARV_006,deciduousForest,190.8,2017-07-10,1,Negative,Babesia microti,HARV_006.20170710.IXOSCA.N,7,2017
HARV,HARV_006,deciduousForest,190.8,2017-07-10,1,Negative,Borrelia burgdorferi sensu lato,HARV_006.20170710.IXOSCA.N,7,2017
HARV,HARV_006,deciduousForest,190.8,2017-07-10,1,Negative,Ixodes pacificus,HARV_006.20170710.IXOSCA.N,7,2017
HARV,HARV_006,deciduousForest,190.8,2017-07-10,1,Negative,Anaplasma phagocytophilum,HARV_006.20170710.IXOSCA.N,7,2017
HARV,HARV_006,deciduousForest,190.8,2017-07-10,1,Negative,Borrelia mayonii,HARV_006.20170710.IXOSCA.N,7,2017
HARV,HARV_006,deciduousForest,190.8,2017-07-10,1,Negative,Ehrlichia muris-like,HARV_006.20170710.IXOSCA.N,7,2017
HARV,HARV_006,deciduousForest,190.8,2017-07-10,1,Negative,Borrelia miyamotoi,HARV_006.20170710.IXOSCA.N,7,2017
HARV,HARV_026,evergreenForest,187.3,2017-07-10,1,Negative,Borrelia burgdorferi sensu lato,HARV_026.20170710.IXOSCA.N,7,2017
HARV,HARV_026,evergreenForest,187.3,2017-07-10,1,Negative,Babesia microti,HARV_026.20170710.IXOSCA.N,7,2017
HARV,HARV_026,evergreenForest,187.3,2017-07-10,1,Negative,Borrelia sp.,HARV_026.20170710.IXOSCA.N,7,2017
HARV,HARV_026,evergreenForest,187.3,2017-07-10,1,Negative,Borrelia miyamotoi,HARV_026.20170710.IXOSCA.N,7,2017
HARV,HARV_026,evergreenForest,187.3,2017-07-10,1,Negative,Anaplasma phagocytophilum,HARV_026.20170710.IXOSCA.N,7,2017
HARV,HARV_026,evergreenForest,187.3,2017-07-10,1,Negative,Ehrlichia muris-like,HARV_026.20170710.IXOSCA.N,7,2017
HARV,HARV_026,evergreenForest,187.3,2017-07-10,1,Negative,Borrelia mayonii,HARV_026.20170710.IXOSCA.N,7,2017
HARV,HARV_026,evergreenForest,187.3,2017-07-10,1,Negative,Ixodes pacificus,HARV_026.20170710.IXOSCA.N,7,2017
HARV,HARV_001,deciduousForest,202.1,2017-07-10,1,Negative,Borrelia burgdorferi sensu lato,HARV_001.20170710.IXOSCA.N,7,2017
HARV,HARV_001,deciduousForest,202.1,2017-07-10,1,Negative,Anaplasma phagocytophilum,HARV_001.20170710.IXOSCA.N,7,2017
HARV,HARV_001,deciduousForest,202.1,2017-07-10,1,Negative,Ehrlichia muris-like,HARV_001.20170710.IXOSCA.N,7,2017
HARV,HARV_001,deciduousForest,202.1,2017-07-10,1,Positive,Borrelia burgdorferi sensu lato,HARV_001.20170710.IXOSCA.N,7,2017
HARV,HARV_001,deciduousForest,202.1,2017-07-10,1,Negative,Borrelia mayonii,HARV_001.20170710.IXOSCA.N,7,2017
HARV,HARV_001,deciduousForest,202.1,2017-07-10,1,Positive,Borrelia sp.,HARV_001.20170710.IXOSCA.N,7,2017
HARV,HARV_001,deciduousForest,202.1,2017-07-10,1,Negative,Borrelia miyamotoi,HARV_001.20170710.IXOSCA.N,7,2017
HARV,HARV_001,deciduousForest,202.1,2017-07-10,1,Negative,Babesia microti,HARV_001.20170710.IXOSCA.N,7,2017
HARV,HARV_001,deciduousForest,202.1,2017-07-10,1,Negative,Borrelia miyamotoi,HARV_001.20170710.IXOSCA.N,7,2017
HARV,HARV_001,deciduousForest,202.1,2017-07-10,1,Negative,Borrelia sp.,HARV_001.20170710.IXOSCA.N,7,2017
HARV,HARV_001,deciduousForest,202.1,2017-07-10,1,Negative,Ehrlichia muris-like,HARV_001.20170710.IXOSCA.N,7,2017
HARV,HARV_001,deciduousForest,202.1,2017-07-10,1,Negative,Borrelia sp.,HARV_001.20170710.IXOSCA.N,7,2017
HARV,HARV_001,deciduousForest,202.1,2017-07-10,1,Negative,Babesia microti,HARV_001.20170710.IXOSCA.N,7,2017
HARV,HARV_001,deciduousForest,202.1,2017-07-10,1,Negative,Babesia microti,HARV_001.20170710.IXOSCA.N,7,2017
HARV,HARV_001,deciduousForest,202.1,2017-07-10,1,Positive,Borrelia burgdorferi sensu lato,HARV_001.20170710.IXOSCA.N,7,2017
HARV,HARV_001,deciduousForest,202.1,2017-07-10,1,Negative,Borrelia mayonii,HARV_001.20170710.IXOSCA.N,7,2017
HARV,HARV_001,deciduousForest,202.1,2017-07-10,1,Negative,Ixodes pacificus,HARV_001.20170710.IXOSCA.N,7,2017
HARV,HARV_001,deciduousForest,202.1,2017-07-10,1,Negative,Anaplasma phagocytophilum,HARV_001.20170710.IXOSCA.N,7,2017
HARV,HARV_001,deciduousForest,202.1,2017-07-10,1,Negative,Ehrlichia muris-like,HARV_001.20170710.IXOSCA.N,7,2017
HARV,HARV_001,deciduousForest,202.1,2017-07-10,1,Negative,Ixodes pacificus,HARV_001.20170710.IXOSCA.N,7,2017
HARV,HARV_001,deciduousForest,202.1,2017-07-10,1,Negative,Babesia microti,HARV_001.20170710.IXOSCA.N,7,2017
HARV,HARV_001,deciduousForest,202.1,2017-07-10,1,Negative,Borrelia mayonii,HARV_001.20170710.IXOSCA.N,7,2017
HARV,HARV_001,deciduousForest,202.1,2017-07-10,1,Negative,Borrelia miyamotoi,HARV_001.20170710.IXOSCA.N,7,2017
HARV,HARV_001,deciduousForest,202.1,2017-07-10,1,Negative,Borrelia miyamotoi,HARV_001.20170710.IXOSCA.N,7,2017
HARV,HARV_001,deciduousForest,202.1,2017-07-10,1,Negative,Borrelia mayonii,HARV_001.20170710.IXOSCA.N,7,2017
HARV,HARV_001,deciduousForest,202.1,2017-07-10,1,Positive,Borrelia burgdorferi sensu lato,HARV_001.20170710.IXOSCA.N,7,2017
HARV,HARV_001,deciduousForest,202.1,2017-07-10,1,Negative,Babesia microti,HARV_001.20170710.IXOSCA.N,7,2017
HARV,HARV_001,deciduousForest,202.1,2017-07-10,1,Negative,Ehrlichia muris-like,HARV_001.20170710.IXOSCA.N,7,2017
HARV,HARV_001,deciduousForest,202.1,2017-07-10,1,Positive,Borrelia sp.,HARV_001.20170710.IXOSCA.N,7,2017
HARV,HARV_001,deciduousForest,202.1,2017-07-10,1,Negative,Borrelia miyamotoi,HARV_001.20170710.IXOSCA.N,7,2017
HARV,HARV_001,deciduousForest,202.1,2017-07-10,1,Negative,Borrelia mayonii,HARV_001.20170710.IXOSCA.N,7,2017
HARV,HARV_001,deciduousForest,202.1,2017-07-10,1,Negative,Anaplasma phagocytophilum,HARV_001.20170710.IXOSCA.N,7,2017
HARV,HARV_001,deciduousForest,202.1,2017-07-10,1,Negative,Ehrlichia muris-like,HARV_001.20170710.IXOSCA.N,7,2017
HARV,HARV_001,deciduousForest,202.1,2017-07-10,1,Negative,Anaplasma phagocytophilum,HARV_001.20170710.IXOSCA.N,7,2017
HARV,HARV_001,deciduousForest,202.1,2017-07-10,1,Negative,Anaplasma phagocytophilum,HARV_001.20170710.IXOSCA.N,7,2017
HARV,HARV_001,deciduousForest,202.1,2017-07-10,1,Negative,Borrelia burgdorferi sensu lato,HARV_001.20170710.IXOSCA.N,7,2017
HARV,HARV_001,deciduousForest,202.1,2017-07-10,1,Negative,Ixodes pacificus,HARV_001.20170710.IXOSCA.N,7,2017
HARV,HARV_001,deciduousForest,202.1,2017-07-10,1,Positive,Borrelia sp.,HARV_001.20170710.IXOSCA.N,7,2017
HARV,HARV_001,deciduousForest,202.1,2017-07-10,1,Negative,Ixodes pacificus,HARV_001.20170710.IXOSCA.N,7,2017
HARV,HARV_001,deciduousForest,202.1,2017-07-10,1,Negative,Ixodes pacificus,HARV_001.20170710.IXOSCA.N,7,2017
HARV,HARV_004,mixedForest,182.6,2017-07-10,1,Negative,Babesia microti,HARV_004.20170710.IXOSCA.N,7,2017
HARV,HARV_004,mixedForest,182.6,2017-07-10,1,Negative,Babesia microti,HARV_004.20170710.IXOSCA.N,7,2017
HARV,HARV_004,mixedForest,182.6,2017-07-10,1,Negative,Ixodes pacificus,HARV_004.20170710.IXOSCA.N,7,2017
HARV,HARV_004,mixedForest,182.6,2017-07-10,1,Positive,Borrelia sp.,HARV_004.20170710.IXOSCA.N,7,2017
HARV,HARV_004,mixedForest,182.6,2017-07-10,1,Negative,Ixodes pacificus,HARV_004.20170710.IXOSCA.N,7,2017
HARV,HARV_004,mixedForest,182.6,2017-07-10,1,Negative,Borrelia sp.,HARV_004.20170710.IXOSCA.N,7,2017
HARV,HARV_004,mixedForest,182.6,2017-07-10,1,Negative,Borrelia miyamotoi,HARV_004.20170710.IXOSCA.N,7,2017
HARV,HARV_004,mixedForest,182.6,2017-07-10,1,Positive,Borrelia burgdorferi sensu lato,HARV_004.20170710.IXOSCA.N,7,2017
HARV,HARV_004,mixedForest,182.6,2017-07-10,1,Negative,Ehrlichia muris-like,HARV_004.20170710.IXOSCA.N,7,2017
HARV,HARV_004,mixedForest,182.6,2017-07-10,1,Negative,Ehrlichia muris-like,HARV_004.20170710.IXOSCA.N,7,2017
HARV,HARV_004,mixedForest,182.6,2017-07-10,1,Negative,Borrelia mayonii,HARV_004.20170710.IXOSCA.N,7,2017
HARV,HARV_004,mixedForest,182.6,2017-07-10,1,Negative,Ehrlichia muris-like,HARV_004.20170710.IXOSCA.N,7,2017
HARV,HARV_004,mixedForest,182.6,2017-07-10,1,Negative,Borrelia burgdorferi sensu lato,HARV_004.20170710.IXOSCA.N,7,2017
HARV,HARV_004,mixedForest,182.6,2017-07-10,1,Negative,Ixodes pacificus,HARV_004.20170710.IXOSCA.N,7,2017
HARV,HARV_004,mixedForest,182.6,2017-07-10,1,Negative,Borrelia miyamotoi,HARV_004.20170710.IXOSCA.N,7,2017
HARV,HARV_004,mixedForest,182.6,2017-07-10,1,Negative,Borrelia miyamotoi,HARV_004.20170710.IXOSCA.N,7,2017
HARV,HARV_004,mixedForest,182.6,2017-07-10,1,Negative,Ixodes pacificus,HARV_004.20170710.IXOSCA.N,7,2017
HARV,HARV_004,mixedForest,182.6,2017-07-10,1,Negative,Ehrlichia muris-like,HARV_004.20170710.IXOSCA.N,7,2017
HARV,HARV_004,mixedForest,182.6,2017-07-10,1,Negative,Borrelia sp.,HARV_004.20170710.IXOSCA.N,7,2017
HARV,HARV_004,mixedForest,182.6,2017-07-10,1,Negative,Borrelia sp.,HARV_004.20170710.IXOSCA.N,7,2017
HARV,HARV_004,mixedForest,182.6,2017-07-10,1,Negative,Anaplasma phagocytophilum,HARV_004.20170710.IXOSCA.N,7,2017
HARV,HARV_004,mixedForest,182.6,2017-07-10,1,Negative,Borrelia burgdorferi sensu lato,HARV_004.20170710.IXOSCA.N,7,2017
HARV,HARV_004,mixedForest,182.6,2017-07-10,1,Negative,Ehrlichia muris-like,HARV_004.20170710.IXOSCA.N,7,2017
HARV,HARV_004,mixedForest,182.6,2017-07-10,1,Negative,Babesia microti,HARV_004.20170710.IXOSCA.N,7,2017
HARV,HARV_004,mixedForest,182.6,2017-07-10,1,Negative,Borrelia mayonii,HARV_004.20170710.IXOSCA.N,7,2017
HARV,HARV_004,mixedForest,182.6,2017-07-10,1,Negative,Anaplasma phagocytophilum,HARV_004.20170710.IXOSCA.N,7,2017
HARV,HARV_004,mixedForest,182.6,2017-07-10,1,Negative,Anaplasma phagocytophilum,HARV_004.20170710.IXOSCA.N,7,2017
HARV,HARV_004,mixedForest,182.6,2017-07-10,1,Negative,Borrelia mayonii,HARV_004.20170710.IXOSCA.N,7,2017
HARV,HARV_004,mixedForest,182.6,2017-07-10,1,Negative,Borrelia sp.,HARV_004.20170710.IXOSCA.N,7,2017
HARV,HARV_004,mixedForest,182.6,2017-07-10,1,Negative,Borrelia miyamotoi,HARV_004.20170710.IXOSCA.N,7,2017
HARV,HARV_004,mixedForest,182.6,2017-07-10,1,Negative,Babesia microti,HARV_004.20170710.IXOSCA.N,7,2017
HARV,HARV_004,mixedForest,182.6,2017-07-10,1,Negative,Anaplasma phagocytophilum,HARV_004.20170710.IXOSCA.N,7,2017
HARV,HARV_004,mixedForest,182.6,2017-07-10,1,Negative,Borrelia burgdorferi sensu lato,HARV_004.20170710.IXOSCA.N,7,2017
HARV,HARV_004,mixedForest,182.6,2017-07-10,1,Negative,Borrelia mayonii,HARV_004.20170710.IXOSCA.N,7,2017
HARV,HARV_004,mixedForest,182.6,2017-07-10,1,Negative,Borrelia mayonii,HARV_004.20170710.IXOSCA.N,7,2017
HARV,HARV_004,mixedForest,182.6,2017-07-10,1,Negative,Ixodes pacificus,HARV_004.20170710.IXOSCA.N,7,2017
HARV,HARV_004,mixedForest,182.6,2017-07-10,1,Positive,Babesia microti,HARV_004.20170710.IXOSCA.N,7,2017
HARV,HARV_004,mixedForest,182.6,2017-07-10,1,Negative,Borrelia burgdorferi sensu lato,HARV_004.20170710.IXOSCA.N,7,2017
HARV,HARV_004,mixedForest,182.6,2017-07-10,1,Negative,Anaplasma phagocytophilum,HARV_004.20170710.IXOSCA.N,7,2017
HARV,HARV_004,mixedForest,182.6,2017-07-10,1,Negative,Borrelia miyamotoi,HARV_004.20170710.IXOSCA.N,7,2017
HARV,HARV_022,evergreenForest,185.9,2017-07-31,1,Negative,Babesia microti,HARV_022.20170731.IXOSCA.N,7,2017
HARV,HARV_022,evergreenForest,185.9,2017-07-31,1,Negative,Ehrlichia muris-like,HARV_022.20170731.IXOSCA.N,7,2017
HARV,HARV_022,evergreenForest,185.9,2017-07-31,1,Negative,Borrelia miyamotoi,HARV_022.20170731.IXOSCA.N,7,2017
HARV,HARV_022,evergreenForest,185.9,2017-07-31,1,Negative,Borrelia sp.,HARV_022.20170731.IXOSCA.N,7,2017
HARV,HARV_022,evergreenForest,185.9,2017-07-31,1,Negative,Borrelia mayonii,HARV_022.20170731.IXOSCA.N,7,2017
HARV,HARV_022,evergreenForest,185.9,2017-07-31,1,Negative,Borrelia burgdorferi sensu lato,HARV_022.20170731.IXOSCA.N,7,2017
HARV,HARV_022,evergreenForest,185.9,2017-07-31,1,Negative,Anaplasma phagocytophilum,HARV_022.20170731.IXOSCA.N,7,2017
HARV,HARV_022,evergreenForest,185.9,2017-07-31,1,Negative,Ixodes pacificus,HARV_022.20170731.IXOSCA.N,7,2017
HARV,HARV_020,woodyWetlands,228.3,2017-07-31,1,Negative,Ixodes pacificus,HARV_020.20170731.IXOSCA.N,7,2017
HARV,HARV_020,woodyWetlands,228.3,2017-07-31,1,Negative,Babesia microti,HARV_020.20170731.IXOSCA.N,7,2017
HARV,HARV_020,woodyWetlands,228.3,2017-07-31,1,Negative,Anaplasma phagocytophilum,HARV_020.20170731.IXOSCA.N,7,2017
HARV,HARV_020,woodyWetlands,228.3,2017-07-31,1,Negative,Borrelia mayonii,HARV_020.20170731.IXOSCA.N,7,2017
HARV,HARV_020,woodyWetlands,228.3,2017-07-31,1,Negative,Anaplasma phagocytophilum,HARV_020.20170731.IXOSCA.N,7,2017
HARV,HARV_020,woodyWetlands,228.3,2017-07-31,1,Negative,Ehrlichia muris-like,HARV_020.20170731.IXOSCA.N,7,2017
HARV,HARV_020,woodyWetlands,228.3,2017-07-31,1,Negative,Ixodes pacificus,HARV_020.20170731.IXOSCA.N,7,2017
HARV,HARV_020,woodyWetlands,228.3,2017-07-31,1,Negative,Borrelia burgdorferi sensu lato,HARV_020.20170731.IXOSCA.N,7,2017
HARV,HARV_020,woodyWetlands,228.3,2017-07-31,1,Negative,Borrelia miyamotoi,HARV_020.20170731.IXOSCA.N,7,2017
HARV,HARV_020,woodyWetlands,228.3,2017-07-31,1,Negative,Borrelia miyamotoi,HARV_020.20170731.IXOSCA.N,7,2017
HARV,HARV_020,woodyWetlands,228.3,2017-07-31,1,Negative,Babesia microti,HARV_020.20170731.IXOSCA.N,7,2017
HARV,HARV_020,woodyWetlands,228.3,2017-07-31,1,Negative,Borrelia sp.,HARV_020.20170731.IXOSCA.N,7,2017
HARV,HARV_020,woodyWetlands,228.3,2017-07-31,1,Negative,Borrelia burgdorferi sensu lato,HARV_020.20170731.IXOSCA.N,7,2017
HARV,HARV_020,woodyWetlands,228.3,2017-07-31,1,Negative,Borrelia mayonii,HARV_020.20170731.IXOSCA.N,7,2017
HARV,HARV_020,woodyWetlands,228.3,2017-07-31,1,Negative,Ehrlichia muris-like,HARV_020.20170731.IXOSCA.N,7,2017
HARV,HARV_020,woodyWetlands,228.3,2017-07-31,1,Negative,Borrelia sp.,HARV_020.20170731.IXOSCA.N,7,2017
HARV,HARV_001,deciduousForest,202.1,2017-07-31,1,Negative,Ehrlichia muris-like,HARV_001.20170731.IXOSCA.N,7,2017
HARV,HARV_001,deciduousForest,202.1,2017-07-31,1,Negative,Ixodes pacificus,HARV_001.20170731.IXOSCA.N,7,2017
HARV,HARV_001,deciduousForest,202.1,2017-07-31,1,Negative,Borrelia miyamotoi,HARV_001.20170731.IXOSCA.N,7,2017
HARV,HARV_001,deciduousForest,202.1,2017-07-31,1,Negative,Anaplasma phagocytophilum,HARV_001.20170731.IXOSCA.N,7,2017
HARV,HARV_001,deciduousForest,202.1,2017-07-31,1,Negative,Borrelia mayonii,HARV_001.20170731.IXOSCA.N,7,2017
HARV,HARV_001,deciduousForest,202.1,2017-07-31,1,Negative,Ehrlichia muris-like,HARV_001.20170731.IXOSCA.N,7,2017
HARV,HARV_001,deciduousForest,202.1,2017-07-31,1,Negative,Borrelia burgdorferi sensu lato,HARV_001.20170731.IXOSCA.N,7,2017
HARV,HARV_001,deciduousForest,202.1,2017-07-31,1,Negative,Ehrlichia muris-like,HARV_001.20170731.IXOSCA.N,7,2017
HARV,HARV_001,deciduousForest,202.1,2017-07-31,1,Negative,Borrelia miyamotoi,HARV_001.20170731.IXOSCA.N,7,2017
HARV,HARV_001,deciduousForest,202.1,2017-07-31,1,Negative,Borrelia miyamotoi,HARV_001.20170731.IXOSCA.N,7,2017
HARV,HARV_001,deciduousForest,202.1,2017-07-31,1,Negative,Borrelia burgdorferi sensu lato,HARV_001.20170731.IXOSCA.N,7,2017
HARV,HARV_001,deciduousForest,202.1,2017-07-31,1,Negative,Babesia microti,HARV_001.20170731.IXOSCA.N,7,2017
HARV,HARV_001,deciduousForest,202.1,2017-07-31,1,Negative,Borrelia burgdorferi sensu lato,HARV_001.20170731.IXOSCA.N,7,2017
HARV,HARV_001,deciduousForest,202.1,2017-07-31,1,Negative,Babesia microti,HARV_001.20170731.IXOSCA.N,7,2017
HARV,HARV_001,deciduousForest,202.1,2017-07-31,1,Negative,Ixodes pacificus,HARV_001.20170731.IXOSCA.N,7,2017
HARV,HARV_001,deciduousForest,202.1,2017-07-31,1,Negative,Babesia microti,HARV_001.20170731.IXOSCA.N,7,2017
HARV,HARV_001,deciduousForest,202.1,2017-07-31,1,Negative,Borrelia sp.,HARV_001.20170731.IXOSCA.N,7,2017
HARV,HARV_001,deciduousForest,202.1,2017-07-31,1,Negative,Anaplasma phagocytophilum,HARV_001.20170731.IXOSCA.N,7,2017
HARV,HARV_001,deciduousForest,202.1,2017-07-31,1,Negative,Anaplasma phagocytophilum,HARV_001.20170731.IXOSCA.N,7,2017
HARV,HARV_001,deciduousForest,202.1,2017-07-31,1,Negative,Babesia microti,HARV_001.20170731.IXOSCA.N,7,2017
HARV,HARV_001,deciduousForest,202.1,2017-07-31,1,Negative,Borrelia sp.,HARV_001.20170731.IXOSCA.N,7,2017
HARV,HARV_001,deciduousForest,202.1,2017-07-31,1,Negative,Borrelia mayonii,HARV_001.20170731.IXOSCA.N,7,2017
HARV,HARV_001,deciduousForest,202.1,2017-07-31,1,Negative,Borrelia sp.,HARV_001.20170731.IXOSCA.N,7,2017
HARV,HARV_001,deciduousForest,202.1,2017-07-31,1,Negative,Babesia microti,HARV_001.20170731.IXOSCA.N,7,2017
HARV,HARV_001,deciduousForest,202.1,2017-07-31,1,Negative,Ixodes pacificus,HARV_001.20170731.IXOSCA.N,7,2017
HARV,HARV_001,deciduousForest,202.1,2017-07-31,1,Negative,Anaplasma phagocytophilum,HARV_001.20170731.IXOSCA.N,7,2017
HARV,HARV_001,deciduousForest,202.1,2017-07-31,1,Negative,Anaplasma phagocytophilum,HARV_001.20170731.IXOSCA.N,7,2017
HARV,HARV_001,deciduousForest,202.1,2017-07-31,1,Negative,Borrelia sp.,HARV_001.20170731.IXOSCA.N,7,2017
HARV,HARV_001,deciduousForest,202.1,2017-07-31,1,Negative,Borrelia mayonii,HARV_001.20170731.IXOSCA.N,7,2017
HARV,HARV_001,deciduousForest,202.1,2017-07-31,1,Negative,Borrelia mayonii,HARV_001.20170731.IXOSCA.N,7,2017
HARV,HARV_001,deciduousForest,202.1,2017-07-31,1,Negative,Ehrlichia muris-like,HARV_001.20170731.IXOSCA.N,7,2017
HARV,HARV_001,deciduousForest,202.1,2017-07-31,1,Negative,Borrelia miyamotoi,HARV_001.20170731.IXOSCA.N,7,2017
HARV,HARV_001,deciduousForest,202.1,2017-07-31,1,Negative,Ixodes pacificus,HARV_001.20170731.IXOSCA.N,7,2017
HARV,HARV_001,deciduousForest,202.1,2017-07-31,1,Negative,Borrelia mayonii,HARV_001.20170731.IXOSCA.N,7,2017
HARV,HARV_001,deciduousForest,202.1,2017-07-31,1,Negative,Borrelia miyamotoi,HARV_001.20170731.IXOSCA.N,7,2017
HARV,HARV_001,deciduousForest,202.1,2017-07-31,1,Negative,Borrelia burgdorferi sensu lato,HARV_001.20170731.IXOSCA.N,7,2017
HARV,HARV_001,deciduousForest,202.1,2017-07-31,1,Negative,Borrelia burgdorferi sensu lato,HARV_001.20170731.IXOSCA.N,7,2017
HARV,HARV_001,deciduousForest,202.1,2017-07-31,1,Negative,Ehrlichia muris-like,HARV_001.20170731.IXOSCA.N,7,2017
HARV,HARV_001,deciduousForest,202.1,2017-07-31,1,Negative,Borrelia sp.,HARV_001.20170731.IXOSCA.N,7,2017
HARV,HARV_001,deciduousForest,202.1,2017-07-31,1,Negative,Ixodes pacificus,HARV_001.20170731.IXOSCA.N,7,2017
HARV,HARV_022,evergreenForest,185.9,2018-06-06,1,Negative,Borrelia mayonii,HARV_022.20180606.IXOSCA.N,6,2018
HARV,HARV_022,evergreenForest,185.9,2018-06-06,1,Negative,Borrelia miyamotoi,HARV_022.20180606.IXOSCA.N,6,2018
HARV,HARV_022,evergreenForest,185.9,2018-06-06,1,Negative,Borrelia sp.,HARV_022.20180606.IXOSCA.N,6,2018
HARV,HARV_022,evergreenForest,185.9,2018-06-06,1,Negative,Borrelia miyamotoi,HARV_022.20180606.IXOSCA.N,6,2018
HARV,HARV_022,evergreenForest,185.9,2018-06-06,1,Negative,Borrelia sp.,HARV_022.20180606.IXOSCA.N,6,2018
HARV,HARV_022,evergreenForest,185.9,2018-06-06,1,Negative,Borrelia mayonii,HARV_022.20180606.IXOSCA.N,6,2018
HARV,HARV_022,evergreenForest,185.9,2018-06-06,1,Negative,Ehrlichia muris-like,HARV_022.20180606.IXOSCA.N,6,2018
HARV,HARV_022,evergreenForest,185.9,2018-06-06,1,Negative,Ixodes pacificus,HARV_022.20180606.IXOSCA.N,6,2018
HARV,HARV_022,evergreenForest,185.9,2018-06-06,1,Positive,Borrelia sp.,HARV_022.20180606.IXOSCA.N,6,2018
HARV,HARV_022,evergreenForest,185.9,2018-06-06,1,Negative,Borrelia mayonii,HARV_022.20180606.IXOSCA.N,6,2018
HARV,HARV_022,evergreenForest,185.9,2018-06-06,1,Negative,Ehrlichia muris-like,HARV_022.20180606.IXOSCA.N,6,2018
HARV,HARV_022,evergreenForest,185.9,2018-06-06,1,Negative,Borrelia mayonii,HARV_022.20180606.IXOSCA.N,6,2018
HARV,HARV_022,evergreenForest,185.9,2018-06-06,1,Negative,Anaplasma phagocytophilum,HARV_022.20180606.IXOSCA.N,6,2018
HARV,HARV_022,evergreenForest,185.9,2018-06-06,1,Negative,Ixodes pacificus,HARV_022.20180606.IXOSCA.N,6,2018
HARV,HARV_022,evergreenForest,185.9,2018-06-06,1,Negative,Ixodes pacificus,HARV_022.20180606.IXOSCA.N,6,2018
HARV,HARV_022,evergreenForest,185.9,2018-06-06,1,Negative,Ixodes pacificus,HARV_022.20180606.IXOSCA.N,6,2018
HARV,HARV_022,evergreenForest,185.9,2018-06-06,1,Negative,Borrelia burgdorferi sensu lato,HARV_022.20180606.IXOSCA.N,6,2018
HARV,HARV_022,evergreenForest,185.9,2018-06-06,1,Negative,Anaplasma phagocytophilum,HARV_022.20180606.IXOSCA.N,6,2018
HARV,HARV_022,evergreenForest,185.9,2018-06-06,1,Negative,Borrelia mayonii,HARV_022.20180606.IXOSCA.N,6,2018
HARV,HARV_022,evergreenForest,185.9,2018-06-06,1,Positive,Borrelia sp.,HARV_022.20180606.IXOSCA.N,6,2018
HARV,HARV_022,evergreenForest,185.9,2018-06-06,1,Positive,Babesia microti,HARV_022.20180606.IXOSCA.N,6,2018
HARV,HARV_022,evergreenForest,185.9,2018-06-06,1,Negative,Babesia microti,HARV_022.20180606.IXOSCA.N,6,2018
HARV,HARV_022,evergreenForest,185.9,2018-06-06,1,Positive,Borrelia burgdorferi sensu lato,HARV_022.20180606.IXOSCA.N,6,2018
HARV,HARV_022,evergreenForest,185.9,2018-06-06,1,Negative,Borrelia mayonii,HARV_022.20180606.IXOSCA.N,6,2018
HARV,HARV_022,evergreenForest,185.9,2018-06-06,1,Negative,Borrelia miyamotoi,HARV_022.20180606.IXOSCA.N,6,2018
HARV,HARV_022,evergreenForest,185.9,2018-06-06,1,Negative,Ehrlichia muris-like,HARV_022.20180606.IXOSCA.N,6,2018
HARV,HARV_022,evergreenForest,185.9,2018-06-06,1,Negative,Borrelia miyamotoi,HARV_022.20180606.IXOSCA.N,6,2018
HARV,HARV_022,evergreenForest,185.9,2018-06-06,1,Negative,Babesia microti,HARV_022.20180606.IXOSCA.N,6,2018
HARV,HARV_022,evergreenForest,185.9,2018-06-06,1,Negative,Ixodes pacificus,HARV_022.20180606.IXOSCA.N,6,2018
HARV,HARV_022,evergreenForest,185.9,2018-06-06,1,Negative,Ixodes pacificus,HARV_022.20180606.IXOSCA.N,6,2018
HARV,HARV_022,evergreenForest,185.9,2018-06-06,1,Negative,Ehrlichia muris-like,HARV_022.20180606.IXOSCA.N,6,2018
HARV,HARV_022,evergreenForest,185.9,2018-06-06,1,Negative,Babesia microti,HARV_022.20180606.IXOSCA.N,6,2018
HARV,HARV_022,evergreenForest,185.9,2018-06-06,1,Negative,Anaplasma phagocytophilum,HARV_022.20180606.IXOSCA.N,6,2018
HARV,HARV_022,evergreenForest,185.9,2018-06-06,1,Negative,Borrelia burgdorferi sensu lato,HARV_022.20180606.IXOSCA.N,6,2018
HARV,HARV_022,evergreenForest,185.9,2018-06-06,1,Negative,Ehrlichia muris-like,HARV_022.20180606.IXOSCA.N,6,2018
HARV,HARV_022,evergreenForest,185.9,2018-06-06,1,Negative,Borrelia miyamotoi,HARV_022.20180606.IXOSCA.N,6,2018
HARV,HARV_022,evergreenForest,185.9,2018-06-06,1,Positive,Borrelia burgdorferi sensu lato,HARV_022.20180606.IXOSCA.N,6,2018
HARV,HARV_022,evergreenForest,185.9,2018-06-06,1,Negative,Borrelia mayonii,HARV_022.20180606.IXOSCA.N,6,2018
HARV,HARV_022,evergreenForest,185.9,2018-06-06,1,Positive,Borrelia burgdorferi sensu lato,HARV_022.20180606.IXOSCA.N,6,2018
HARV,HARV_022,evergreenForest,185.9,2018-06-06,1,Positive,Babesia microti,HARV_022.20180606.IXOSCA.N,6,2018
HARV,HARV_022,evergreenForest,185.9,2018-06-06,1,Positive,Borrelia sp.,HARV_022.20180606.IXOSCA.N,6,2018
HARV,HARV_022,evergreenForest,185.9,2018-06-06,1,Positive,Borrelia burgdorferi sensu lato,HARV_022.20180606.IXOSCA.N,6,2018
HARV,HARV_022,evergreenForest,185.9,2018-06-06,1,Positive,Babesia microti,HARV_022.20180606.IXOSCA.N,6,2018
HARV,HARV_022,evergreenForest,185.9,2018-06-06,1,Negative,Anaplasma phagocytophilum,HARV_022.20180606.IXOSCA.N,6,2018
HARV,HARV_022,evergreenForest,185.9,2018-06-06,1,Positive,Borrelia sp.,HARV_022.20180606.IXOSCA.N,6,2018
HARV,HARV_022,evergreenForest,185.9,2018-06-06,1,Negative,Borrelia mayonii,HARV_022.20180606.IXOSCA.N,6,2018
HARV,HARV_022,evergreenForest,185.9,2018-06-06,1,Negative,Borrelia miyamotoi,HARV_022.20180606.IXOSCA.N,6,2018
HARV,HARV_022,evergreenForest,185.9,2018-06-06,1,Negative,Borrelia sp.,HARV_022.20180606.IXOSCA.N,6,2018
HARV,HARV_022,evergreenForest,185.9,2018-06-06,1,Negative,Ixodes pacificus,HARV_022.20180606.IXOSCA.N,6,2018
HARV,HARV_022,evergreenForest,185.9,2018-06-06,1,Negative,Borrelia miyamotoi,HARV_022.20180606.IXOSCA.N,6,2018
HARV,HARV_022,evergreenForest,185.9,2018-06-06,1,Negative,Borrelia miyamotoi,HARV_022.20180606.IXOSCA.N,6,2018
HARV,HARV_022,evergreenForest,185.9,2018-06-06,1,Positive,Babesia microti,HARV_022.20180606.IXOSCA.N,6,2018
HARV,HARV_022,evergreenForest,185.9,2018-06-06,1,Negative,Ixodes pacificus,HARV_022.20180606.IXOSCA.N,6,2018
HARV,HARV_022,evergreenForest,185.9,2018-06-06,1,Negative,Anaplasma phagocytophilum,HARV_022.20180606.IXOSCA.N,6,2018
HARV,HARV_022,evergreenForest,185.9,2018-06-06,1,Negative,Borrelia burgdorferi sensu lato,HARV_022.20180606.IXOSCA.N,6,2018
HARV,HARV_022,evergreenForest,185.9,2018-06-06,1,Positive,Borrelia burgdorferi sensu lato,HARV_022.20180606.IXOSCA.N,6,2018
HARV,HARV_022,evergreenForest,185.9,2018-06-06,1,Positive,Borrelia sp.,HARV_022.20180606.IXOSCA.N,6,2018
HARV,HARV_022,evergreenForest,185.9,2018-06-06,1,Negative,Ehrlichia muris-like,HARV_022.20180606.IXOSCA.N,6,2018
HARV,HARV_022,evergreenForest,185.9,2018-06-06,1,Negative,Babesia microti,HARV_022.20180606.IXOSCA.N,6,2018
HARV,HARV_022,evergreenForest,185.9,2018-06-06,1,Negative,Anaplasma phagocytophilum,HARV_022.20180606.IXOSCA.N,6,2018
HARV,HARV_022,evergreenForest,185.9,2018-06-06,1,Negative,Ehrlichia muris-like,HARV_022.20180606.IXOSCA.N,6,2018
HARV,HARV_022,evergreenForest,185.9,2018-06-06,1,Negative,Anaplasma phagocytophilum,HARV_022.20180606.IXOSCA.N,6,2018
HARV,HARV_022,evergreenForest,185.9,2018-06-06,1,Negative,Ehrlichia muris-like,HARV_022.20180606.IXOSCA.N,6,2018
HARV,HARV_022,evergreenForest,185.9,2018-06-06,1,Negative,Anaplasma phagocytophilum,HARV_022.20180606.IXOSCA.N,6,2018
HARV,HARV_006,deciduousForest,190.8,2018-06-06,1,Negative,Anaplasma phagocytophilum,HARV_006.20180606.IXOSCA.N,6,2018
HARV,HARV_006,deciduousForest,190.8,2018-06-06,1,Negative,Babesia microti,HARV_006.20180606.IXOSCA.N,6,2018
HARV,HARV_006,deciduousForest,190.8,2018-06-06,1,Positive,Borrelia burgdorferi sensu lato,HARV_006.20180606.IXOSCA.N,6,2018
HARV,HARV_006,deciduousForest,190.8,2018-06-06,1,Negative,Ixodes pacificus,HARV_006.20180606.IXOSCA.N,6,2018
HARV,HARV_006,deciduousForest,190.8,2018-06-06,1,Positive,Borrelia sp.,HARV_006.20180606.IXOSCA.N,6,2018
HARV,HARV_006,deciduousForest,190.8,2018-06-06,1,Negative,Borrelia miyamotoi,HARV_006.20180606.IXOSCA.N,6,2018
HARV,HARV_006,deciduousForest,190.8,2018-06-06,1,Negative,Ehrlichia muris-like,HARV_006.20180606.IXOSCA.N,6,2018
HARV,HARV_006,deciduousForest,190.8,2018-06-06,1,Negative,Borrelia mayonii,HARV_006.20180606.IXOSCA.N,6,2018
HARV,HARV_022,evergreenForest,185.9,2018-06-25,1,Negative,Borrelia miyamotoi,HARV_022.20180625.IXOSCA.N,6,2018
HARV,HARV_022,evergreenForest,185.9,2018-06-25,1,Negative,Babesia microti,HARV_022.20180625.IXOSCA.N,6,2018
HARV,HARV_022,evergreenForest,185.9,2018-06-25,1,Negative,Borrelia sp.,HARV_022.20180625.IXOSCA.N,6,2018
HARV,HARV_022,evergreenForest,185.9,2018-06-25,1,Negative,Borrelia mayonii,HARV_022.20180625.IXOSCA.N,6,2018
HARV,HARV_022,evergreenForest,185.9,2018-06-25,1,Negative,Borrelia miyamotoi,HARV_022.20180625.IXOSCA.N,6,2018
HARV,HARV_022,evergreenForest,185.9,2018-06-25,1,Negative,Borrelia miyamotoi,HARV_022.20180625.IXOSCA.N,6,2018
HARV,HARV_022,evergreenForest,185.9,2018-06-25,1,Negative,Borrelia burgdorferi sensu lato,HARV_022.20180625.IXOSCA.N,6,2018
HARV,HARV_022,evergreenForest,185.9,2018-06-25,1,Negative,Borrelia sp.,HARV_022.20180625.IXOSCA.N,6,2018
HARV,HARV_022,evergreenForest,185.9,2018-06-25,1,Negative,Borrelia burgdorferi sensu lato,HARV_022.20180625.IXOSCA.N,6,2018
HARV,HARV_022,evergreenForest,185.9,2018-06-25,1,Negative,Babesia microti,HARV_022.20180625.IXOSCA.N,6,2018
HARV,HARV_022,evergreenForest,185.9,2018-06-25,1,Negative,Ixodes pacificus,HARV_022.20180625.IXOSCA.N,6,2018
HARV,HARV_022,evergreenForest,185.9,2018-06-25,1,Negative,Borrelia mayonii,HARV_022.20180625.IXOSCA.N,6,2018
HARV,HARV_022,evergreenForest,185.9,2018-06-25,1,Negative,Borrelia miyamotoi,HARV_022.20180625.IXOSCA.N,6,2018
HARV,HARV_022,evergreenForest,185.9,2018-06-25,1,Negative,Ehrlichia muris-like,HARV_022.20180625.IXOSCA.N,6,2018
HARV,HARV_022,evergreenForest,185.9,2018-06-25,1,Negative,Ixodes pacificus,HARV_022.20180625.IXOSCA.N,6,2018
HARV,HARV_022,evergreenForest,185.9,2018-06-25,1,Negative,Ehrlichia muris-like,HARV_022.20180625.IXOSCA.N,6,2018
HARV,HARV_022,evergreenForest,185.9,2018-06-25,1,Negative,Ixodes pacificus,HARV_022.20180625.IXOSCA.N,6,2018
HARV,HARV_022,evergreenForest,185.9,2018-06-25,1,Negative,Ixodes pacificus,HARV_022.20180625.IXOSCA.N,6,2018
HARV,HARV_022,evergreenForest,185.9,2018-06-25,1,Negative,Ixodes pacificus,HARV_022.20180625.IXOSCA.N,6,2018
HARV,HARV_022,evergreenForest,185.9,2018-06-25,1,Negative,Borrelia sp.,HARV_022.20180625.IXOSCA.N,6,2018
HARV,HARV_022,evergreenForest,185.9,2018-06-25,1,Negative,Borrelia burgdorferi sensu lato,HARV_022.20180625.IXOSCA.N,6,2018
HARV,HARV_022,evergreenForest,185.9,2018-06-25,1,Negative,Borrelia sp.,HARV_022.20180625.IXOSCA.N,6,2018
HARV,HARV_022,evergreenForest,185.9,2018-06-25,1,Negative,Anaplasma phagocytophilum,HARV_022.20180625.IXOSCA.N,6,2018
HARV,HARV_022,evergreenForest,185.9,2018-06-25,1,Negative,Babesia microti,HARV_022.20180625.IXOSCA.N,6,2018
HARV,HARV_022,evergreenForest,185.9,2018-06-25,1,Negative,Borrelia sp.,HARV_022.20180625.IXOSCA.N,6,2018
HARV,HARV_022,evergreenForest,185.9,2018-06-25,1,Negative,Babesia microti,HARV_022.20180625.IXOSCA.N,6,2018
HARV,HARV_022,evergreenForest,185.9,2018-06-25,1,Negative,Anaplasma phagocytophilum,HARV_022.20180625.IXOSCA.N,6,2018
HARV,HARV_022,evergreenForest,185.9,2018-06-25,1,Negative,Borrelia mayonii,HARV_022.20180625.IXOSCA.N,6,2018
HARV,HARV_022,evergreenForest,185.9,2018-06-25,1,Negative,Borrelia miyamotoi,HARV_022.20180625.IXOSCA.N,6,2018
HARV,HARV_022,evergreenForest,185.9,2018-06-25,1,Negative,Anaplasma phagocytophilum,HARV_022.20180625.IXOSCA.N,6,2018
HARV,HARV_022,evergreenForest,185.9,2018-06-25,1,Negative,Borrelia mayonii,HARV_022.20180625.IXOSCA.N,6,2018
HARV,HARV_022,evergreenForest,185.9,2018-06-25,1,Negative,Babesia microti,HARV_022.20180625.IXOSCA.N,6,2018
HARV,HARV_022,evergreenForest,185.9,2018-06-25,1,Negative,Borrelia sp.,HARV_022.20180625.IXOSCA.N,6,2018
HARV,HARV_022,evergreenForest,185.9,2018-06-25,1,Negative,Borrelia mayonii,HARV_022.20180625.IXOSCA.N,6,2018
HARV,HARV_022,evergreenForest,185.9,2018-06-25,1,Negative,Borrelia mayonii,HARV_022.20180625.IXOSCA.N,6,2018
HARV,HARV_022,evergreenForest,185.9,2018-06-25,1,Negative,Babesia microti,HARV_022.20180625.IXOSCA.N,6,2018
HARV,HARV_022,evergreenForest,185.9,2018-06-25,1,Negative,Ehrlichia muris-like,HARV_022.20180625.IXOSCA.N,6,2018
HARV,HARV_022,evergreenForest,185.9,2018-06-25,1,Negative,Anaplasma phagocytophilum,HARV_022.20180625.IXOSCA.N,6,2018
HARV,HARV_022,evergreenForest,185.9,2018-06-25,1,Negative,Ehrlichia muris-like,HARV_022.20180625.IXOSCA.N,6,2018
HARV,HARV_022,evergreenForest,185.9,2018-06-25,1,Negative,Babesia microti,HARV_022.20180625.IXOSCA.N,6,2018
HARV,HARV_022,evergreenForest,185.9,2018-06-25,1,Negative,Borrelia miyamotoi,HARV_022.20180625.IXOSCA.N,6,2018
HARV,HARV_022,evergreenForest,185.9,2018-06-25,1,Negative,Borrelia burgdorferi sensu lato,HARV_022.20180625.IXOSCA.N,6,2018
HARV,HARV_022,evergreenForest,185.9,2018-06-25,1,Negative,Borrelia burgdorferi sensu lato,HARV_022.20180625.IXOSCA.N,6,2018
HARV,HARV_022,evergreenForest,185.9,2018-06-25,1,Positive,Borrelia sp.,HARV_022.20180625.IXOSCA.N,6,2018
HARV,HARV_022,evergreenForest,185.9,2018-06-25,1,Negative,Ixodes pacificus,HARV_022.20180625.IXOSCA.N,6,2018
HARV,HARV_022,evergreenForest,185.9,2018-06-25,1,Negative,Anaplasma phagocytophilum,HARV_022.20180625.IXOSCA.N,6,2018
HARV,HARV_022,evergreenForest,185.9,2018-06-25,1,Negative,Anaplasma phagocytophilum,HARV_022.20180625.IXOSCA.N,6,2018
HARV,HARV_022,evergreenForest,185.9,2018-06-25,1,Negative,Borrelia sp.,HARV_022.20180625.IXOSCA.N,6,2018
HARV,HARV_022,evergreenForest,185.9,2018-06-25,1,Negative,Borrelia burgdorferi sensu lato,HARV_022.20180625.IXOSCA.N,6,2018
HARV,HARV_022,evergreenForest,185.9,2018-06-25,1,Negative,Borrelia miyamotoi,HARV_022.20180625.IXOSCA.N,6,2018
HARV,HARV_022,evergreenForest,185.9,2018-06-25,1,Negative,Anaplasma phagocytophilum,HARV_022.20180625.IXOSCA.N,6,2018
HARV,HARV_022,evergreenForest,185.9,2018-06-25,1,Negative,Borrelia burgdorferi sensu lato,HARV_022.20180625.IXOSCA.N,6,2018
HARV,HARV_022,evergreenForest,185.9,2018-06-25,1,Negative,Ehrlichia muris-like,HARV_022.20180625.IXOSCA.N,6,2018
HARV,HARV_022,evergreenForest,185.9,2018-06-25,1,Negative,Babesia microti,HARV_022.20180625.IXOSCA.N,6,2018
HARV,HARV_022,evergreenForest,185.9,2018-06-25,1,Positive,Borrelia burgdorferi sensu lato,HARV_022.20180625.IXOSCA.N,6,2018
HARV,HARV_022,evergreenForest,185.9,2018-06-25,1,Negative,Ehrlichia muris-like,HARV_022.20180625.IXOSCA.N,6,2018
HARV,HARV_022,evergreenForest,185.9,2018-06-25,1,Negative,Ixodes pacificus,HARV_022.20180625.IXOSCA.N,6,2018
HARV,HARV_022,evergreenForest,185.9,2018-06-25,1,Negative,Borrelia mayonii,HARV_022.20180625.IXOSCA.N,6,2018
HARV,HARV_022,evergreenForest,185.9,2018-06-25,1,Negative,Ixodes pacificus,HARV_022.20180625.IXOSCA.N,6,2018
HARV,HARV_022,evergreenForest,185.9,2018-06-25,1,Negative,Anaplasma phagocytophilum,HARV_022.20180625.IXOSCA.N,6,2018
HARV,HARV_022,evergreenForest,185.9,2018-06-25,1,Negative,Ehrlichia muris-like,HARV_022.20180625.IXOSCA.N,6,2018
HARV,HARV_022,evergreenForest,185.9,2018-06-25,1,Negative,Ehrlichia muris-like,HARV_022.20180625.IXOSCA.N,6,2018
HARV,HARV_022,evergreenForest,185.9,2018-06-25,1,Negative,Borrelia miyamotoi,HARV_022.20180625.IXOSCA.N,6,2018
HARV,HARV_022,evergreenForest,185.9,2018-06-25,1,Negative,Borrelia mayonii,HARV_022.20180625.IXOSCA.N,6,2018
HARV,HARV_002,deciduousForest,187.7,2018-06-26,1,Positive,Borrelia sp.,HARV_002.20180626.IXOSCA.N,6,2018
HARV,HARV_002,deciduousForest,187.7,2018-06-26,1,Negative,Anaplasma phagocytophilum,HARV_002.20180626.IXOSCA.N,6,2018
HARV,HARV_002,deciduousForest,187.7,2018-06-26,1,Negative,Borrelia mayonii,HARV_002.20180626.IXOSCA.N,6,2018
HARV,HARV_002,deciduousForest,187.7,2018-06-26,1,Positive,Borrelia burgdorferi sensu lato,HARV_002.20180626.IXOSCA.N,6,2018
HARV,HARV_002,deciduousForest,187.7,2018-06-26,1,Positive,Borrelia burgdorferi sensu lato,HARV_002.20180626.IXOSCA.N,6,2018
HARV,HARV_002,deciduousForest,187.7,2018-06-26,1,Negative,Borrelia miyamotoi,HARV_002.20180626.IXOSCA.N,6,2018
HARV,HARV_002,deciduousForest,187.7,2018-06-26,1,Negative,Anaplasma phagocytophilum,HARV_002.20180626.IXOSCA.N,6,2018
HARV,HARV_002,deciduousForest,187.7,2018-06-26,1,Negative,Babesia microti,HARV_002.20180626.IXOSCA.N,6,2018
HARV,HARV_002,deciduousForest,187.7,2018-06-26,1,Negative,Babesia microti,HARV_002.20180626.IXOSCA.N,6,2018
HARV,HARV_002,deciduousForest,187.7,2018-06-26,1,Negative,Ixodes pacificus,HARV_002.20180626.IXOSCA.N,6,2018
HARV,HARV_002,deciduousForest,187.7,2018-06-26,1,Negative,Ixodes pacificus,HARV_002.20180626.IXOSCA.N,6,2018
HARV,HARV_002,deciduousForest,187.7,2018-06-26,1,Negative,Ehrlichia muris-like,HARV_002.20180626.IXOSCA.N,6,2018
HARV,HARV_002,deciduousForest,187.7,2018-06-26,1,Negative,Borrelia miyamotoi,HARV_002.20180626.IXOSCA.N,6,2018
HARV,HARV_002,deciduousForest,187.7,2018-06-26,1,Negative,Ehrlichia muris-like,HARV_002.20180626.IXOSCA.N,6,2018
HARV,HARV_002,deciduousForest,187.7,2018-06-26,1,Positive,Borrelia sp.,HARV_002.20180626.IXOSCA.N,6,2018
HARV,HARV_002,deciduousForest,187.7,2018-06-26,1,Negative,Borrelia mayonii,HARV_002.20180626.IXOSCA.N,6,2018
HARV,HARV_026,evergreenForest,187.3,2018-06-27,1,Negative,Borrelia sp.,HARV_026.20180627.IXOSCA.N,6,2018
HARV,HARV_026,evergreenForest,187.3,2018-06-27,1,Negative,Borrelia mayonii,HARV_026.20180627.IXOSCA.N,6,2018
HARV,HARV_026,evergreenForest,187.3,2018-06-27,1,Negative,Ixodes pacificus,HARV_026.20180627.IXOSCA.N,6,2018
HARV,HARV_026,evergreenForest,187.3,2018-06-27,1,Negative,Borrelia burgdorferi sensu lato,HARV_026.20180627.IXOSCA.N,6,2018
HARV,HARV_026,evergreenForest,187.3,2018-06-27,1,Negative,Anaplasma phagocytophilum,HARV_026.20180627.IXOSCA.N,6,2018
HARV,HARV_026,evergreenForest,187.3,2018-06-27,1,Negative,Borrelia miyamotoi,HARV_026.20180627.IXOSCA.N,6,2018
HARV,HARV_026,evergreenForest,187.3,2018-06-27,1,Negative,Ehrlichia muris-like,HARV_026.20180627.IXOSCA.N,6,2018
HARV,HARV_026,evergreenForest,187.3,2018-06-27,1,Negative,Babesia microti,HARV_026.20180627.IXOSCA.N,6,2018
HARV,HARV_002,deciduousForest,187.7,2018-09-20,1,Negative,Ixodes pacificus,HARV_002.20180920.IXOSCA.N,9,2018
HARV,HARV_002,deciduousForest,187.7,2018-09-20,1,Negative,Ehrlichia muris-like,HARV_002.20180920.IXOSCA.N,9,2018
HARV,HARV_002,deciduousForest,187.7,2018-09-20,1,Negative,Babesia microti,HARV_002.20180920.IXOSCA.N,9,2018
HARV,HARV_002,deciduousForest,187.7,2018-09-20,1,Negative,Borrelia mayonii,HARV_002.20180920.IXOSCA.N,9,2018
HARV,HARV_002,deciduousForest,187.7,2018-09-20,1,Negative,Borrelia miyamotoi,HARV_002.20180920.IXOSCA.N,9,2018
HARV,HARV_002,deciduousForest,187.7,2018-09-20,1,Negative,Borrelia burgdorferi sensu lato,HARV_002.20180920.IXOSCA.N,9,2018
HARV,HARV_002,deciduousForest,187.7,2018-09-20,1,Negative,Anaplasma phagocytophilum,HARV_002.20180920.IXOSCA.N,9,2018
HARV,HARV_002,deciduousForest,187.7,2018-09-20,1,Negative,Borrelia sp.,HARV_002.20180920.IXOSCA.N,9,2018
HARV,HARV_001,deciduousForest,202.1,2018-08-07,1,Negative,Borrelia sp.,HARV_001.20180807.IXOSCA.N,8,2018
HARV,HARV_001,deciduousForest,202.1,2018-08-07,1,Negative,Borrelia mayonii,HARV_001.20180807.IXOSCA.N,8,2018
HARV,HARV_001,deciduousForest,202.1,2018-08-07,1,Negative,Borrelia miyamotoi,HARV_001.20180807.IXOSCA.N,8,2018
HARV,HARV_001,deciduousForest,202.1,2018-08-07,1,Negative,Ehrlichia muris-like,HARV_001.20180807.IXOSCA.N,8,2018
HARV,HARV_001,deciduousForest,202.1,2018-08-07,1,Negative,Anaplasma phagocytophilum,HARV_001.20180807.IXOSCA.N,8,2018
HARV,HARV_001,deciduousForest,202.1,2018-08-07,1,Negative,Borrelia mayonii,HARV_001.20180807.IXOSCA.N,8,2018
HARV,HARV_001,deciduousForest,202.1,2018-08-07,1,Negative,Anaplasma phagocytophilum,HARV_001.20180807.IXOSCA.N,8,2018
HARV,HARV_001,deciduousForest,202.1,2018-08-07,1,Negative,Ixodes pacificus,HARV_001.20180807.IXOSCA.N,8,2018
HARV,HARV_001,deciduousForest,202.1,2018-08-07,1,Negative,Babesia microti,HARV_001.20180807.IXOSCA.N,8,2018
HARV,HARV_001,deciduousForest,202.1,2018-08-07,1,Negative,Ixodes pacificus,HARV_001.20180807.IXOSCA.N,8,2018
HARV,HARV_001,deciduousForest,202.1,2018-08-07,1,Negative,Babesia microti,HARV_001.20180807.IXOSCA.N,8,2018
HARV,HARV_001,deciduousForest,202.1,2018-08-07,1,Negative,Borrelia miyamotoi,HARV_001.20180807.IXOSCA.N,8,2018
HARV,HARV_001,deciduousForest,202.1,2018-08-07,1,Negative,Borrelia burgdorferi sensu lato,HARV_001.20180807.IXOSCA.N,8,2018
HARV,HARV_001,deciduousForest,202.1,2018-08-07,1,Negative,Borrelia sp.,HARV_001.20180807.IXOSCA.N,8,2018
HARV,HARV_001,deciduousForest,202.1,2018-08-07,1,Negative,Ehrlichia muris-like,HARV_001.20180807.IXOSCA.N,8,2018
HARV,HARV_001,deciduousForest,202.1,2018-08-07,1,Negative,Borrelia burgdorferi sensu lato,HARV_001.20180807.IXOSCA.N,8,2018
HARV,HARV_022,evergreenForest,185.9,2018-08-07,1,Negative,Borrelia burgdorferi sensu lato,HARV_022.20180807.IXOSCA.N,8,2018
HARV,HARV_022,evergreenForest,185.9,2018-08-07,1,Negative,Borrelia miyamotoi,HARV_022.20180807.IXOSCA.N,8,2018
HARV,HARV_022,evergreenForest,185.9,2018-08-07,1,Positive,Borrelia burgdorferi sensu lato,HARV_022.20180807.IXOSCA.N,8,2018
HARV,HARV_022,evergreenForest,185.9,2018-08-07,1,Negative,Anaplasma phagocytophilum,HARV_022.20180807.IXOSCA.N,8,2018
HARV,HARV_022,evergreenForest,185.9,2018-08-07,1,Negative,Babesia microti,HARV_022.20180807.IXOSCA.N,8,2018
HARV,HARV_022,evergreenForest,185.9,2018-08-07,1,Negative,Anaplasma phagocytophilum,HARV_022.20180807.IXOSCA.N,8,2018
HARV,HARV_022,evergreenForest,185.9,2018-08-07,1,Negative,Borrelia miyamotoi,HARV_022.20180807.IXOSCA.N,8,2018
HARV,HARV_022,evergreenForest,185.9,2018-08-07,1,Negative,Borrelia mayonii,HARV_022.20180807.IXOSCA.N,8,2018
HARV,HARV_022,evergreenForest,185.9,2018-08-07,1,Negative,Babesia microti,HARV_022.20180807.IXOSCA.N,8,2018
HARV,HARV_022,evergreenForest,185.9,2018-08-07,1,Negative,Borrelia sp.,HARV_022.20180807.IXOSCA.N,8,2018
HARV,HARV_022,evergreenForest,185.9,2018-08-07,1,Negative,Anaplasma phagocytophilum,HARV_022.20180807.IXOSCA.N,8,2018
HARV,HARV_022,evergreenForest,185.9,2018-08-07,1,Negative,Anaplasma phagocytophilum,HARV_022.20180807.IXOSCA.N,8,2018
HARV,HARV_022,evergreenForest,185.9,2018-08-07,1,Negative,Ehrlichia muris-like,HARV_022.20180807.IXOSCA.N,8,2018
HARV,HARV_022,evergreenForest,185.9,2018-08-07,1,Negative,Ixodes pacificus,HARV_022.20180807.IXOSCA.N,8,2018
HARV,HARV_022,evergreenForest,185.9,2018-08-07,1,Negative,Borrelia miyamotoi,HARV_022.20180807.IXOSCA.N,8,2018
HARV,HARV_022,evergreenForest,185.9,2018-08-07,1,Negative,Ehrlichia muris-like,HARV_022.20180807.IXOSCA.N,8,2018
HARV,HARV_022,evergreenForest,185.9,2018-08-07,1,Negative,Borrelia miyamotoi,HARV_022.20180807.IXOSCA.N,8,2018
HARV,HARV_022,evergreenForest,185.9,2018-08-07,1,Negative,Ehrlichia muris-like,HARV_022.20180807.IXOSCA.N,8,2018
HARV,HARV_022,evergreenForest,185.9,2018-08-07,1,Negative,Babesia microti,HARV_022.20180807.IXOSCA.N,8,2018
HARV,HARV_022,evergreenForest,185.9,2018-08-07,1,Negative,Borrelia sp.,HARV_022.20180807.IXOSCA.N,8,2018
HARV,HARV_022,evergreenForest,185.9,2018-08-07,1,Negative,Ixodes pacificus,HARV_022.20180807.IXOSCA.N,8,2018
HARV,HARV_022,evergreenForest,185.9,2018-08-07,1,Negative,Ixodes pacificus,HARV_022.20180807.IXOSCA.N,8,2018
HARV,HARV_022,evergreenForest,185.9,2018-08-07,1,Negative,Borrelia mayonii,HARV_022.20180807.IXOSCA.N,8,2018
HARV,HARV_022,evergreenForest,185.9,2018-08-07,1,Negative,Ehrlichia muris-like,HARV_022.20180807.IXOSCA.N,8,2018
HARV,HARV_022,evergreenForest,185.9,2018-08-07,1,Negative,Borrelia sp.,HARV_022.20180807.IXOSCA.N,8,2018
HARV,HARV_022,evergreenForest,185.9,2018-08-07,1,Negative,Borrelia mayonii,HARV_022.20180807.IXOSCA.N,8,2018
HARV,HARV_022,evergreenForest,185.9,2018-08-07,1,Negative,Ixodes pacificus,HARV_022.20180807.IXOSCA.N,8,2018
HARV,HARV_022,evergreenForest,185.9,2018-08-07,1,Negative,Ehrlichia muris-like,HARV_022.20180807.IXOSCA.N,8,2018
HARV,HARV_022,evergreenForest,185.9,2018-08-07,1,Positive,Borrelia sp.,HARV_022.20180807.IXOSCA.N,8,2018
HARV,HARV_022,evergreenForest,185.9,2018-08-07,1,Negative,Borrelia burgdorferi sensu lato,HARV_022.20180807.IXOSCA.N,8,2018
HARV,HARV_022,evergreenForest,185.9,2018-08-07,1,Negative,Borrelia burgdorferi sensu lato,HARV_022.20180807.IXOSCA.N,8,2018
HARV,HARV_022,evergreenForest,185.9,2018-08-07,1,Negative,Borrelia mayonii,HARV_022.20180807.IXOSCA.N,8,2018
HARV,HARV_022,evergreenForest,185.9,2018-08-07,1,Negative,Borrelia miyamotoi,HARV_022.20180807.IXOSCA.N,8,2018
HARV,HARV_022,evergreenForest,185.9,2018-08-07,1,Negative,Borrelia sp.,HARV_022.20180807.IXOSCA.N,8,2018
HARV,HARV_022,evergreenForest,185.9,2018-08-07,1,Negative,Borrelia burgdorferi sensu lato,HARV_022.20180807.IXOSCA.N,8,2018
HARV,HARV_022,evergreenForest,185.9,2018-08-07,1,Negative,Borrelia mayonii,HARV_022.20180807.IXOSCA.N,8,2018
HARV,HARV_022,evergreenForest,185.9,2018-08-07,1,Negative,Babesia microti,HARV_022.20180807.IXOSCA.N,8,2018
HARV,HARV_022,evergreenForest,185.9,2018-08-07,1,Negative,Ixodes pacificus,HARV_022.20180807.IXOSCA.N,8,2018
HARV,HARV_022,evergreenForest,185.9,2018-08-07,1,Negative,Babesia microti,HARV_022.20180807.IXOSCA.N,8,2018
HARV,HARV_022,evergreenForest,185.9,2018-08-07,1,Negative,Anaplasma phagocytophilum,HARV_022.20180807.IXOSCA.N,8,2018
HARV,HARV_002,deciduousForest,187.7,2018-08-27,1,Negative,Ehrlichia muris-like,HARV_002.20180827.IXOSCA.N,8,2018
HARV,HARV_002,deciduousForest,187.7,2018-08-27,1,Negative,Borrelia mayonii,HARV_002.20180827.IXOSCA.N,8,2018
HARV,HARV_002,deciduousForest,187.7,2018-08-27,1,Negative,Ehrlichia muris-like,HARV_002.20180827.IXOSCA.N,8,2018
HARV,HARV_002,deciduousForest,187.7,2018-08-27,1,Negative,Anaplasma phagocytophilum,HARV_002.20180827.IXOSCA.N,8,2018
HARV,HARV_002,deciduousForest,187.7,2018-08-27,1,Positive,Borrelia sp.,HARV_002.20180827.IXOSCA.N,8,2018
HARV,HARV_002,deciduousForest,187.7,2018-08-27,1,Negative,Ixodes pacificus,HARV_002.20180827.IXOSCA.N,8,2018
HARV,HARV_002,deciduousForest,187.7,2018-08-27,1,Negative,Borrelia miyamotoi,HARV_002.20180827.IXOSCA.N,8,2018
HARV,HARV_002,deciduousForest,187.7,2018-08-27,1,Negative,Borrelia burgdorferi sensu lato,HARV_002.20180827.IXOSCA.N,8,2018
HARV,HARV_002,deciduousForest,187.7,2018-08-27,1,Negative,Borrelia mayonii,HARV_002.20180827.IXOSCA.N,8,2018
HARV,HARV_002,deciduousForest,187.7,2018-08-27,1,Negative,Babesia microti,HARV_002.20180827.IXOSCA.N,8,2018
HARV,HARV_002,deciduousForest,187.7,2018-08-27,1,Negative,Borrelia sp.,HARV_002.20180827.IXOSCA.N,8,2018
HARV,HARV_002,deciduousForest,187.7,2018-08-27,1,Positive,Borrelia miyamotoi,HARV_002.20180827.IXOSCA.N,8,2018
HARV,HARV_002,deciduousForest,187.7,2018-08-27,1,Negative,Babesia microti,HARV_002.20180827.IXOSCA.N,8,2018
HARV,HARV_002,deciduousForest,187.7,2018-08-27,1,Negative,Anaplasma phagocytophilum,HARV_002.20180827.IXOSCA.N,8,2018
HARV,HARV_002,deciduousForest,187.7,2018-08-27,1,Negative,Ixodes pacificus,HARV_002.20180827.IXOSCA.N,8,2018
HARV,HARV_002,deciduousForest,187.7,2018-08-27,1,Positive,Borrelia burgdorferi sensu lato,HARV_002.20180827.IXOSCA.N,8,2018
HARV,HARV_026,evergreenForest,187.3,2018-08-27,1,Negative,Borrelia miyamotoi,HARV_026.20180827.IXOSCA.N,8,2018
HARV,HARV_026,evergreenForest,187.3,2018-08-27,1,Negative,Ehrlichia muris-like,HARV_026.20180827.IXOSCA.N,8,2018
HARV,HARV_026,evergreenForest,187.3,2018-08-27,1,Negative,Borrelia sp.,HARV_026.20180827.IXOSCA.N,8,2018
HARV,HARV_026,evergreenForest,187.3,2018-08-27,1,Negative,Babesia microti,HARV_026.20180827.IXOSCA.N,8,2018
HARV,HARV_026,evergreenForest,187.3,2018-08-27,1,Negative,Ehrlichia muris-like,HARV_026.20180827.IXOSCA.N,8,2018
HARV,HARV_026,evergreenForest,187.3,2018-08-27,1,Negative,Borrelia sp.,HARV_026.20180827.IXOSCA.N,8,2018
HARV,HARV_026,evergreenForest,187.3,2018-08-27,1,Negative,Borrelia mayonii,HARV_026.20180827.IXOSCA.N,8,2018
HARV,HARV_026,evergreenForest,187.3,2018-08-27,1,Negative,Anaplasma phagocytophilum,HARV_026.20180827.IXOSCA.N,8,2018
HARV,HARV_026,evergreenForest,187.3,2018-08-27,1,Negative,Anaplasma phagocytophilum,HARV_026.20180827.IXOSCA.N,8,2018
HARV,HARV_026,evergreenForest,187.3,2018-08-27,1,Negative,Borrelia burgdorferi sensu lato,HARV_026.20180827.IXOSCA.N,8,2018
HARV,HARV_026,evergreenForest,187.3,2018-08-27,1,Negative,Borrelia miyamotoi,HARV_026.20180827.IXOSCA.N,8,2018
HARV,HARV_026,evergreenForest,187.3,2018-08-27,1,Negative,Borrelia mayonii,HARV_026.20180827.IXOSCA.N,8,2018
HARV,HARV_026,evergreenForest,187.3,2018-08-27,1,Negative,Babesia microti,HARV_026.20180827.IXOSCA.N,8,2018
HARV,HARV_026,evergreenForest,187.3,2018-08-27,1,Negative,Ixodes pacificus,HARV_026.20180827.IXOSCA.N,8,2018
HARV,HARV_026,evergreenForest,187.3,2018-08-27,1,Negative,Ixodes pacificus,HARV_026.20180827.IXOSCA.N,8,2018
HARV,HARV_026,evergreenForest,187.3,2018-08-27,1,Negative,Borrelia burgdorferi sensu lato,HARV_026.20180827.IXOSCA.N,8,2018
HARV,HARV_022,evergreenForest,185.9,2018-08-28,1,Negative,Babesia microti,HARV_022.20180828.IXOSCA.N,8,2018
HARV,HARV_022,evergreenForest,185.9,2018-08-28,1,Negative,Borrelia mayonii,HARV_022.20180828.IXOSCA.N,8,2018
HARV,HARV_022,evergreenForest,185.9,2018-08-28,1,Negative,Ixodes pacificus,HARV_022.20180828.IXOSCA.N,8,2018
HARV,HARV_022,evergreenForest,185.9,2018-08-28,1,Negative,Ehrlichia muris-like,HARV_022.20180828.IXOSCA.N,8,2018
HARV,HARV_022,evergreenForest,185.9,2018-08-28,1,Negative,Borrelia sp.,HARV_022.20180828.IXOSCA.N,8,2018
HARV,HARV_022,evergreenForest,185.9,2018-08-28,1,Negative,Anaplasma phagocytophilum,HARV_022.20180828.IXOSCA.N,8,2018
HARV,HARV_022,evergreenForest,185.9,2018-08-28,1,Negative,Borrelia burgdorferi sensu lato,HARV_022.20180828.IXOSCA.N,8,2018
HARV,HARV_022,evergreenForest,185.9,2018-08-28,1,Negative,Borrelia miyamotoi,HARV_022.20180828.IXOSCA.N,8,2018
HARV,HARV_002,deciduousForest,187.7,2018-07-16,1,Negative,Anaplasma phagocytophilum,HARV_002.20180716.IXOSCA.N,7,2018
HARV,HARV_002,deciduousForest,187.7,2018-07-16,1,Negative,Borrelia mayonii,HARV_002.20180716.IXOSCA.N,7,2018
HARV,HARV_002,deciduousForest,187.7,2018-07-16,1,Negative,Anaplasma phagocytophilum,HARV_002.20180716.IXOSCA.N,7,2018
HARV,HARV_002,deciduousForest,187.7,2018-07-16,1,Negative,Ehrlichia muris-like,HARV_002.20180716.IXOSCA.N,7,2018
HARV,HARV_002,deciduousForest,187.7,2018-07-16,1,Negative,Borrelia mayonii,HARV_002.20180716.IXOSCA.N,7,2018
HARV,HARV_002,deciduousForest,187.7,2018-07-16,1,Negative,Borrelia burgdorferi sensu lato,HARV_002.20180716.IXOSCA.N,7,2018
HARV,HARV_002,deciduousForest,187.7,2018-07-16,1,Negative,Ixodes pacificus,HARV_002.20180716.IXOSCA.N,7,2018
HARV,HARV_002,deciduousForest,187.7,2018-07-16,1,Negative,Borrelia sp.,HARV_002.20180716.IXOSCA.N,7,2018
HARV,HARV_002,deciduousForest,187.7,2018-07-16,1,Negative,Babesia microti,HARV_002.20180716.IXOSCA.N,7,2018
HARV,HARV_002,deciduousForest,187.7,2018-07-16,1,Negative,Borrelia burgdorferi sensu lato,HARV_002.20180716.IXOSCA.N,7,2018
HARV,HARV_002,deciduousForest,187.7,2018-07-16,1,Positive,Babesia microti,HARV_002.20180716.IXOSCA.N,7,2018
HARV,HARV_002,deciduousForest,187.7,2018-07-16,1,Negative,Ixodes pacificus,HARV_002.20180716.IXOSCA.N,7,2018
HARV,HARV_002,deciduousForest,187.7,2018-07-16,1,Negative,Borrelia burgdorferi sensu lato,HARV_002.20180716.IXOSCA.N,7,2018
HARV,HARV_002,deciduousForest,187.7,2018-07-16,1,Negative,Borrelia miyamotoi,HARV_002.20180716.IXOSCA.N,7,2018
HARV,HARV_002,deciduousForest,187.7,2018-07-16,1,Negative,Borrelia mayonii,HARV_002.20180716.IXOSCA.N,7,2018
HARV,HARV_002,deciduousForest,187.7,2018-07-16,1,Negative,Babesia microti,HARV_002.20180716.IXOSCA.N,7,2018
HARV,HARV_002,deciduousForest,187.7,2018-07-16,1,Negative,Borrelia sp.,HARV_002.20180716.IXOSCA.N,7,2018
HARV,HARV_002,deciduousForest,187.7,2018-07-16,1,Negative,Babesia microti,HARV_002.20180716.IXOSCA.N,7,2018
HARV,HARV_002,deciduousForest,187.7,2018-07-16,1,Negative,Borrelia miyamotoi,HARV_002.20180716.IXOSCA.N,7,2018
HARV,HARV_002,deciduousForest,187.7,2018-07-16,1,Negative,Borrelia mayonii,HARV_002.20180716.IXOSCA.N,7,2018
HARV,HARV_002,deciduousForest,187.7,2018-07-16,1,Negative,Ixodes pacificus,HARV_002.20180716.IXOSCA.N,7,2018
HARV,HARV_002,deciduousForest,187.7,2018-07-16,1,Negative,Borrelia miyamotoi,HARV_002.20180716.IXOSCA.N,7,2018
HARV,HARV_002,deciduousForest,187.7,2018-07-16,1,Negative,Borrelia burgdorferi sensu lato,HARV_002.20180716.IXOSCA.N,7,2018
HARV,HARV_002,deciduousForest,187.7,2018-07-16,1,Negative,Ixodes pacificus,HARV_002.20180716.IXOSCA.N,7,2018
HARV,HARV_002,deciduousForest,187.7,2018-07-16,1,Negative,Anaplasma phagocytophilum,HARV_002.20180716.IXOSCA.N,7,2018
HARV,HARV_002,deciduousForest,187.7,2018-07-16,1,Negative,Ehrlichia muris-like,HARV_002.20180716.IXOSCA.N,7,2018
HARV,HARV_002,deciduousForest,187.7,2018-07-16,1,Negative,Borrelia miyamotoi,HARV_002.20180716.IXOSCA.N,7,2018
HARV,HARV_002,deciduousForest,187.7,2018-07-16,1,Negative,Ehrlichia muris-like,HARV_002.20180716.IXOSCA.N,7,2018
HARV,HARV_002,deciduousForest,187.7,2018-07-16,1,Negative,Borrelia sp.,HARV_002.20180716.IXOSCA.N,7,2018
HARV,HARV_002,deciduousForest,187.7,2018-07-16,1,Negative,Borrelia sp.,HARV_002.20180716.IXOSCA.N,7,2018
HARV,HARV_002,deciduousForest,187.7,2018-07-16,1,Negative,Anaplasma phagocytophilum,HARV_002.20180716.IXOSCA.N,7,2018
HARV,HARV_002,deciduousForest,187.7,2018-07-16,1,Negative,Ehrlichia muris-like,HARV_002.20180716.IXOSCA.N,7,2018
HARV,HARV_001,deciduousForest,202.1,2018-07-16,1,Negative,Ehrlichia muris-like,HARV_001.20180716.IXOSCA.N,7,2018
HARV,HARV_001,deciduousForest,202.1,2018-07-16,1,Negative,Ixodes pacificus,HARV_001.20180716.IXOSCA.N,7,2018
HARV,HARV_001,deciduousForest,202.1,2018-07-16,1,Positive,Borrelia burgdorferi sensu lato,HARV_001.20180716.IXOSCA.N,7,2018
HARV,HARV_001,deciduousForest,202.1,2018-07-16,1,Negative,Ehrlichia muris-like,HARV_001.20180716.IXOSCA.N,7,2018
HARV,HARV_001,deciduousForest,202.1,2018-07-16,1,Negative,Ehrlichia muris-like,HARV_001.20180716.IXOSCA.N,7,2018
HARV,HARV_001,deciduousForest,202.1,2018-07-16,1,Negative,Ixodes pacificus,HARV_001.20180716.IXOSCA.N,7,2018
HARV,HARV_001,deciduousForest,202.1,2018-07-16,1,Negative,Borrelia sp.,HARV_001.20180716.IXOSCA.N,7,2018
HARV,HARV_001,deciduousForest,202.1,2018-07-16,1,Negative,Borrelia mayonii,HARV_001.20180716.IXOSCA.N,7,2018
HARV,HARV_001,deciduousForest,202.1,2018-07-16,1,Negative,Borrelia miyamotoi,HARV_001.20180716.IXOSCA.N,7,2018
HARV,HARV_001,deciduousForest,202.1,2018-07-16,1,Negative,Babesia microti,HARV_001.20180716.IXOSCA.N,7,2018
HARV,HARV_001,deciduousForest,202.1,2018-07-16,1,Negative,Borrelia sp.,HARV_001.20180716.IXOSCA.N,7,2018
HARV,HARV_001,deciduousForest,202.1,2018-07-16,1,Negative,Borrelia mayonii,HARV_001.20180716.IXOSCA.N,7,2018
HARV,HARV_001,deciduousForest,202.1,2018-07-16,1,Negative,Ixodes pacificus,HARV_001.20180716.IXOSCA.N,7,2018
HARV,HARV_001,deciduousForest,202.1,2018-07-16,1,Negative,Borrelia miyamotoi,HARV_001.20180716.IXOSCA.N,7,2018
HARV,HARV_001,deciduousForest,202.1,2018-07-16,1,Positive,Borrelia sp.,HARV_001.20180716.IXOSCA.N,7,2018
HARV,HARV_001,deciduousForest,202.1,2018-07-16,1,Negative,Babesia microti,HARV_001.20180716.IXOSCA.N,7,2018
HARV,HARV_001,deciduousForest,202.1,2018-07-16,1,Negative,Borrelia mayonii,HARV_001.20180716.IXOSCA.N,7,2018
HARV,HARV_001,deciduousForest,202.1,2018-07-16,1,Negative,Anaplasma phagocytophilum,HARV_001.20180716.IXOSCA.N,7,2018
HARV,HARV_001,deciduousForest,202.1,2018-07-16,1,Negative,Borrelia miyamotoi,HARV_001.20180716.IXOSCA.N,7,2018
HARV,HARV_001,deciduousForest,202.1,2018-07-16,1,Negative,Borrelia burgdorferi sensu lato,HARV_001.20180716.IXOSCA.N,7,2018
HARV,HARV_001,deciduousForest,202.1,2018-07-16,1,Negative,Anaplasma phagocytophilum,HARV_001.20180716.IXOSCA.N,7,2018
HARV,HARV_001,deciduousForest,202.1,2018-07-16,1,Negative,Babesia microti,HARV_001.20180716.IXOSCA.N,7,2018
HARV,HARV_001,deciduousForest,202.1,2018-07-16,1,Negative,Anaplasma phagocytophilum,HARV_001.20180716.IXOSCA.N,7,2018
HARV,HARV_001,deciduousForest,202.1,2018-07-16,1,Negative,Borrelia burgdorferi sensu lato,HARV_001.20180716.IXOSCA.N,7,2018
HARV,HARV_026,evergreenForest,187.3,2018-07-16,1,Negative,Borrelia sp.,HARV_026.20180716.IXOSCA.N,7,2018
HARV,HARV_026,evergreenForest,187.3,2018-07-16,1,Negative,Anaplasma phagocytophilum,HARV_026.20180716.IXOSCA.N,7,2018
HARV,HARV_026,evergreenForest,187.3,2018-07-16,1,Negative,Borrelia mayonii,HARV_026.20180716.IXOSCA.N,7,2018
HARV,HARV_026,evergreenForest,187.3,2018-07-16,1,Negative,Borrelia sp.,HARV_026.20180716.IXOSCA.N,7,2018
HARV,HARV_026,evergreenForest,187.3,2018-07-16,1,Negative,Babesia microti,HARV_026.20180716.IXOSCA.N,7,2018
HARV,HARV_026,evergreenForest,187.3,2018-07-16,1,Negative,Ixodes pacificus,HARV_026.20180716.IXOSCA.N,7,2018
HARV,HARV_026,evergreenForest,187.3,2018-07-16,1,Negative,Ehrlichia muris-like,HARV_026.20180716.IXOSCA.N,7,2018
HARV,HARV_026,evergreenForest,187.3,2018-07-16,1,Negative,Ehrlichia muris-like,HARV_026.20180716.IXOSCA.N,7,2018
HARV,HARV_026,evergreenForest,187.3,2018-07-16,1,Negative,Babesia microti,HARV_026.20180716.IXOSCA.N,7,2018
HARV,HARV_026,evergreenForest,187.3,2018-07-16,1,Negative,Borrelia mayonii,HARV_026.20180716.IXOSCA.N,7,2018
HARV,HARV_026,evergreenForest,187.3,2018-07-16,1,Negative,Ixodes pacificus,HARV_026.20180716.IXOSCA.N,7,2018
HARV,HARV_026,evergreenForest,187.3,2018-07-16,1,Negative,Borrelia miyamotoi,HARV_026.20180716.IXOSCA.N,7,2018
HARV,HARV_026,evergreenForest,187.3,2018-07-16,1,Negative,Anaplasma phagocytophilum,HARV_026.20180716.IXOSCA.N,7,2018
HARV,HARV_026,evergreenForest,187.3,2018-07-16,1,Negative,Borrelia burgdorferi sensu lato,HARV_026.20180716.IXOSCA.N,7,2018
HARV,HARV_026,evergreenForest,187.3,2018-07-16,1,Negative,Borrelia miyamotoi,HARV_026.20180716.IXOSCA.N,7,2018
HARV,HARV_026,evergreenForest,187.3,2018-07-16,1,Negative,Borrelia burgdorferi sensu lato,HARV_026.20180716.IXOSCA.N,7,2018
HARV,HARV_004,mixedForest,182.6,2018-07-16,1,Negative,Ehrlichia muris-like,HARV_004.20180716.IXOSCA.N,7,2018
HARV,HARV_004,mixedForest,182.6,2018-07-16,1,Negative,Borrelia mayonii,HARV_004.20180716.IXOSCA.N,7,2018
HARV,HARV_004,mixedForest,182.6,2018-07-16,1,Negative,Borrelia sp.,HARV_004.20180716.IXOSCA.N,7,2018
HARV,HARV_004,mixedForest,182.6,2018-07-16,1,Negative,Babesia microti,HARV_004.20180716.IXOSCA.N,7,2018
HARV,HARV_004,mixedForest,182.6,2018-07-16,1,Negative,Borrelia miyamotoi,HARV_004.20180716.IXOSCA.N,7,2018
HARV,HARV_004,mixedForest,182.6,2018-07-16,1,Negative,Anaplasma phagocytophilum,HARV_004.20180716.IXOSCA.N,7,2018
HARV,HARV_004,mixedForest,182.6,2018-07-16,1,Negative,Borrelia burgdorferi sensu lato,HARV_004.20180716.IXOSCA.N,7,2018
HARV,HARV_004,mixedForest,182.6,2018-07-16,1,Negative,Ixodes pacificus,HARV_004.20180716.IXOSCA.N,7,2018
HARV,HARV_022,evergreenForest,185.9,2018-07-16,1,Negative,Borrelia sp.,HARV_022.20180716.IXOSCA.N,7,2018
HARV,HARV_022,evergreenForest,185.9,2018-07-16,1,Negative,Anaplasma phagocytophilum,HARV_022.20180716.IXOSCA.N,7,2018
HARV,HARV_022,evergreenForest,185.9,2018-07-16,1,Negative,Babesia microti,HARV_022.20180716.IXOSCA.N,7,2018
HARV,HARV_022,evergreenForest,185.9,2018-07-16,1,Negative,Babesia microti,HARV_022.20180716.IXOSCA.N,7,2018
HARV,HARV_022,evergreenForest,185.9,2018-07-16,1,Negative,Anaplasma phagocytophilum,HARV_022.20180716.IXOSCA.N,7,2018
HARV,HARV_022,evergreenForest,185.9,2018-07-16,1,Negative,Borrelia mayonii,HARV_022.20180716.IXOSCA.N,7,2018
HARV,HARV_022,evergreenForest,185.9,2018-07-16,1,Negative,Borrelia mayonii,HARV_022.20180716.IXOSCA.N,7,2018
HARV,HARV_022,evergreenForest,185.9,2018-07-16,1,Negative,Anaplasma phagocytophilum,HARV_022.20180716.IXOSCA.N,7,2018
HARV,HARV_022,evergreenForest,185.9,2018-07-16,1,Negative,Ixodes pacificus,HARV_022.20180716.IXOSCA.N,7,2018
HARV,HARV_022,evergreenForest,185.9,2018-07-16,1,Negative,Borrelia sp.,HARV_022.20180716.IXOSCA.N,7,2018
HARV,HARV_022,evergreenForest,185.9,2018-07-16,1,Negative,Babesia microti,HARV_022.20180716.IXOSCA.N,7,2018
HARV,HARV_022,evergreenForest,185.9,2018-07-16,1,Negative,Ehrlichia muris-like,HARV_022.20180716.IXOSCA.N,7,2018
HARV,HARV_022,evergreenForest,185.9,2018-07-16,1,Negative,Ehrlichia muris-like,HARV_022.20180716.IXOSCA.N,7,2018
HARV,HARV_022,evergreenForest,185.9,2018-07-16,1,Negative,Borrelia sp.,HARV_022.20180716.IXOSCA.N,7,2018
HARV,HARV_022,evergreenForest,185.9,2018-07-16,1,Negative,Ehrlichia muris-like,HARV_022.20180716.IXOSCA.N,7,2018
HARV,HARV_022,evergreenForest,185.9,2018-07-16,1,Negative,Borrelia mayonii,HARV_022.20180716.IXOSCA.N,7,2018
HARV,HARV_022,evergreenForest,185.9,2018-07-16,1,Negative,Borrelia burgdorferi sensu lato,HARV_022.20180716.IXOSCA.N,7,2018
HARV,HARV_022,evergreenForest,185.9,2018-07-16,1,Negative,Ehrlichia muris-like,HARV_022.20180716.IXOSCA.N,7,2018
HARV,HARV_022,evergreenForest,185.9,2018-07-16,1,Negative,Ixodes pacificus,HARV_022.20180716.IXOSCA.N,7,2018
HARV,HARV_022,evergreenForest,185.9,2018-07-16,1,Negative,Borrelia burgdorferi sensu lato,HARV_022.20180716.IXOSCA.N,7,2018
HARV,HARV_022,evergreenForest,185.9,2018-07-16,1,Negative,Anaplasma phagocytophilum,HARV_022.20180716.IXOSCA.N,7,2018
HARV,HARV_022,evergreenForest,185.9,2018-07-16,1,Negative,Babesia microti,HARV_022.20180716.IXOSCA.N,7,2018
HARV,HARV_022,evergreenForest,185.9,2018-07-16,1,Negative,Borrelia miyamotoi,HARV_022.20180716.IXOSCA.N,7,2018
HARV,HARV_022,evergreenForest,185.9,2018-07-16,1,Negative,Borrelia miyamotoi,HARV_022.20180716.IXOSCA.N,7,2018
HARV,HARV_022,evergreenForest,185.9,2018-07-16,1,Negative,Ehrlichia muris-like,HARV_022.20180716.IXOSCA.N,7,2018
HARV,HARV_022,evergreenForest,185.9,2018-07-16,1,Negative,Babesia microti,HARV_022.20180716.IXOSCA.N,7,2018
HARV,HARV_022,evergreenForest,185.9,2018-07-16,1,Negative,Borrelia sp.,HARV_022.20180716.IXOSCA.N,7,2018
HARV,HARV_022,evergreenForest,185.9,2018-07-16,1,Negative,Borrelia sp.,HARV_022.20180716.IXOSCA.N,7,2018
HARV,HARV_022,evergreenForest,185.9,2018-07-16,1,Negative,Borrelia miyamotoi,HARV_022.20180716.IXOSCA.N,7,2018
HARV,HARV_022,evergreenForest,185.9,2018-07-16,1,Negative,Ixodes pacificus,HARV_022.20180716.IXOSCA.N,7,2018
HARV,HARV_022,evergreenForest,185.9,2018-07-16,1,Positive,Borrelia sp.,HARV_022.20180716.IXOSCA.N,7,2018
HARV,HARV_022,evergreenForest,185.9,2018-07-16,1,Negative,Borrelia miyamotoi,HARV_022.20180716.IXOSCA.N,7,2018
HARV,HARV_022,evergreenForest,185.9,2018-07-16,1,Negative,Ixodes pacificus,HARV_022.20180716.IXOSCA.N,7,2018
HARV,HARV_022,evergreenForest,185.9,2018-07-16,1,Negative,Ixodes pacificus,HARV_022.20180716.IXOSCA.N,7,2018
HARV,HARV_022,evergreenForest,185.9,2018-07-16,1,Negative,Anaplasma phagocytophilum,HARV_022.20180716.IXOSCA.N,7,2018
HARV,HARV_022,evergreenForest,185.9,2018-07-16,1,Negative,Babesia microti,HARV_022.20180716.IXOSCA.N,7,2018
HARV,HARV_022,evergreenForest,185.9,2018-07-16,1,Negative,Borrelia mayonii,HARV_022.20180716.IXOSCA.N,7,2018
HARV,HARV_022,evergreenForest,185.9,2018-07-16,1,Negative,Borrelia mayonii,HARV_022.20180716.IXOSCA.N,7,2018
HARV,HARV_022,evergreenForest,185.9,2018-07-16,1,Negative,Borrelia miyamotoi,HARV_022.20180716.IXOSCA.N,7,2018
HARV,HARV_022,evergreenForest,185.9,2018-07-16,1,Negative,Borrelia burgdorferi sensu lato,HARV_022.20180716.IXOSCA.N,7,2018
HARV,HARV_022,evergreenForest,185.9,2018-07-16,1,Negative,Borrelia miyamotoi,HARV_022.20180716.IXOSCA.N,7,2018
HARV,HARV_022,evergreenForest,185.9,2018-07-16,1,Negative,Borrelia burgdorferi sensu lato,HARV_022.20180716.IXOSCA.N,7,2018
HARV,HARV_022,evergreenForest,185.9,2018-07-16,1,Negative,Ixodes pacificus,HARV_022.20180716.IXOSCA.N,7,2018
HARV,HARV_022,evergreenForest,185.9,2018-07-16,1,Negative,Babesia microti,HARV_022.20180716.IXOSCA.N,7,2018
HARV,HARV_022,evergreenForest,185.9,2018-07-16,1,Negative,Borrelia burgdorferi sensu lato,HARV_022.20180716.IXOSCA.N,7,2018
HARV,HARV_022,evergreenForest,185.9,2018-07-16,1,Negative,Ehrlichia muris-like,HARV_022.20180716.IXOSCA.N,7,2018
HARV,HARV_022,evergreenForest,185.9,2018-07-16,1,Negative,Ixodes pacificus,HARV_022.20180716.IXOSCA.N,7,2018
HARV,HARV_022,evergreenForest,185.9,2018-07-16,1,Negative,Borrelia sp.,HARV_022.20180716.IXOSCA.N,7,2018
HARV,HARV_022,evergreenForest,185.9,2018-07-16,1,Negative,Borrelia mayonii,HARV_022.20180716.IXOSCA.N,7,2018
HARV,HARV_022,evergreenForest,185.9,2018-07-16,1,Negative,Babesia microti,HARV_022.20180716.IXOSCA.N,7,2018
HARV,HARV_022,evergreenForest,185.9,2018-07-16,1,Negative,Borrelia mayonii,HARV_022.20180716.IXOSCA.N,7,2018
HARV,HARV_022,evergreenForest,185.9,2018-07-16,1,Negative,Ixodes pacificus,HARV_022.20180716.IXOSCA.N,7,2018
HARV,HARV_022,evergreenForest,185.9,2018-07-16,1,Negative,Ehrlichia muris-like,HARV_022.20180716.IXOSCA.N,7,2018
HARV,HARV_022,evergreenForest,185.9,2018-07-16,1,Positive,Borrelia burgdorferi sensu lato,HARV_022.20180716.IXOSCA.N,7,2018
HARV,HARV_022,evergreenForest,185.9,2018-07-16,1,Negative,Borrelia sp.,HARV_022.20180716.IXOSCA.N,7,2018
HARV,HARV_022,evergreenForest,185.9,2018-07-16,1,Negative,Anaplasma phagocytophilum,HARV_022.20180716.IXOSCA.N,7,2018
HARV,HARV_022,evergreenForest,185.9,2018-07-16,1,Negative,Borrelia burgdorferi sensu lato,HARV_022.20180716.IXOSCA.N,7,2018
HARV,HARV_022,evergreenForest,185.9,2018-07-16,1,Negative,Ehrlichia muris-like,HARV_022.20180716.IXOSCA.N,7,2018
HARV,HARV_022,evergreenForest,185.9,2018-07-16,1,Negative,Borrelia miyamotoi,HARV_022.20180716.IXOSCA.N,7,2018
HARV,HARV_022,evergreenForest,185.9,2018-07-16,1,Negative,Anaplasma phagocytophilum,HARV_022.20180716.IXOSCA.N,7,2018
HARV,HARV_022,evergreenForest,185.9,2018-07-16,1,Negative,Borrelia burgdorferi sensu lato,HARV_022.20180716.IXOSCA.N,7,2018
HARV,HARV_022,evergreenForest,185.9,2018-07-16,1,Negative,Anaplasma phagocytophilum,HARV_022.20180716.IXOSCA.N,7,2018
HARV,HARV_022,evergreenForest,185.9,2018-07-16,1,Negative,Borrelia mayonii,HARV_022.20180716.IXOSCA.N,7,2018
HARV,HARV_022,evergreenForest,185.9,2018-07-16,1,Negative,Borrelia miyamotoi,HARV_022.20180716.IXOSCA.N,7,2018
HARV,HARV_006,deciduousForest,190.8,2019-09-16,1,Negative,Ixodes pacificus,HARV_006.20190916.IXOSCA.N,9,2019
HARV,HARV_006,deciduousForest,190.8,2019-09-16,1,Negative,Borrelia mayonii,HARV_006.20190916.IXOSCA.N,9,2019
HARV,HARV_006,deciduousForest,190.8,2019-09-16,1,Negative,Ixodes pacificus,HARV_006.20190916.IXOSCA.N,9,2019
HARV,HARV_006,deciduousForest,190.8,2019-09-16,1,Negative,Ehrlichia muris-like,HARV_006.20190916.IXOSCA.N,9,2019
HARV,HARV_006,deciduousForest,190.8,2019-09-16,1,Negative,Borrelia mayonii,HARV_006.20190916.IXOSCA.N,9,2019
HARV,HARV_006,deciduousForest,190.8,2019-09-16,1,Negative,Borrelia sp.,HARV_006.20190916.IXOSCA.N,9,2019
HARV,HARV_006,deciduousForest,190.8,2019-09-16,1,Negative,Babesia microti,HARV_006.20190916.IXOSCA.N,9,2019
HARV,HARV_006,deciduousForest,190.8,2019-09-16,1,Negative,Anaplasma phagocytophilum,HARV_006.20190916.IXOSCA.N,9,2019
HARV,HARV_006,deciduousForest,190.8,2019-09-16,1,Negative,Borrelia miyamotoi,HARV_006.20190916.IXOSCA.N,9,2019
HARV,HARV_006,deciduousForest,190.8,2019-09-16,1,Positive,Borrelia sp.,HARV_006.20190916.IXOSCA.N,9,2019
HARV,HARV_006,deciduousForest,190.8,2019-09-16,1,Negative,Borrelia burgdorferi sensu lato,HARV_006.20190916.IXOSCA.N,9,2019
HARV,HARV_006,deciduousForest,190.8,2019-09-16,1,Negative,Borrelia miyamotoi,HARV_006.20190916.IXOSCA.N,9,2019
HARV,HARV_006,deciduousForest,190.8,2019-09-16,1,Negative,Babesia microti,HARV_006.20190916.IXOSCA.N,9,2019
HARV,HARV_006,deciduousForest,190.8,2019-09-16,1,Negative,Ehrlichia muris-like,HARV_006.20190916.IXOSCA.N,9,2019
HARV,HARV_006,deciduousForest,190.8,2019-09-16,1,Negative,Anaplasma phagocytophilum,HARV_006.20190916.IXOSCA.N,9,2019
HARV,HARV_006,deciduousForest,190.8,2019-09-16,1,Positive,Borrelia burgdorferi sensu lato,HARV_006.20190916.IXOSCA.N,9,2019
HARV,HARV_004,mixedForest,182.6,2019-09-17,1,Negative,Ixodes pacificus,HARV_004.20190917.IXOSCA.N,9,2019
HARV,HARV_004,mixedForest,182.6,2019-09-17,1,Negative,Borrelia sp.,HARV_004.20190917.IXOSCA.N,9,2019
HARV,HARV_004,mixedForest,182.6,2019-09-17,1,Negative,Babesia microti,HARV_004.20190917.IXOSCA.N,9,2019
HARV,HARV_004,mixedForest,182.6,2019-09-17,1,Negative,Borrelia burgdorferi sensu lato,HARV_004.20190917.IXOSCA.N,9,2019
HARV,HARV_004,mixedForest,182.6,2019-09-17,1,Negative,Ehrlichia muris-like,HARV_004.20190917.IXOSCA.N,9,2019
HARV,HARV_004,mixedForest,182.6,2019-09-17,1,Negative,Ixodes pacificus,HARV_004.20190917.IXOSCA.N,9,2019
HARV,HARV_004,mixedForest,182.6,2019-09-17,1,Negative,Babesia microti,HARV_004.20190917.IXOSCA.N,9,2019
HARV,HARV_004,mixedForest,182.6,2019-09-17,1,Negative,Borrelia mayonii,HARV_004.20190917.IXOSCA.N,9,2019
HARV,HARV_004,mixedForest,182.6,2019-09-17,1,Positive,Borrelia burgdorferi sensu lato,HARV_004.20190917.IXOSCA.N,9,2019
HARV,HARV_004,mixedForest,182.6,2019-09-17,1,Negative,Borrelia miyamotoi,HARV_004.20190917.IXOSCA.N,9,2019
HARV,HARV_004,mixedForest,182.6,2019-09-17,1,Negative,Borrelia miyamotoi,HARV_004.20190917.IXOSCA.N,9,2019
HARV,HARV_004,mixedForest,182.6,2019-09-17,1,Negative,Borrelia miyamotoi,HARV_004.20190917.IXOSCA.N,9,2019
HARV,HARV_004,mixedForest,182.6,2019-09-17,1,Negative,Anaplasma phagocytophilum,HARV_004.20190917.IXOSCA.N,9,2019
HARV,HARV_004,mixedForest,182.6,2019-09-17,1,Negative,Borrelia burgdorferi sensu lato,HARV_004.20190917.IXOSCA.N,9,2019
HARV,HARV_004,mixedForest,182.6,2019-09-17,1,Positive,Borrelia sp.,HARV_004.20190917.IXOSCA.N,9,2019
HARV,HARV_004,mixedForest,182.6,2019-09-17,1,Negative,Ixodes pacificus,HARV_004.20190917.IXOSCA.N,9,2019
HARV,HARV_004,mixedForest,182.6,2019-09-17,1,Negative,Borrelia sp.,HARV_004.20190917.IXOSCA.N,9,2019
HARV,HARV_004,mixedForest,182.6,2019-09-17,1,Negative,Babesia microti,HARV_004.20190917.IXOSCA.N,9,2019
HARV,HARV_004,mixedForest,182.6,2019-09-17,1,Negative,Borrelia sp.,HARV_004.20190917.IXOSCA.N,9,2019
HARV,HARV_004,mixedForest,182.6,2019-09-17,1,Negative,Ehrlichia muris-like,HARV_004.20190917.IXOSCA.N,9,2019
HARV,HARV_004,mixedForest,182.6,2019-09-17,1,Negative,Ixodes pacificus,HARV_004.20190917.IXOSCA.N,9,2019
HARV,HARV_004,mixedForest,182.6,2019-09-17,1,Negative,Borrelia burgdorferi sensu lato,HARV_004.20190917.IXOSCA.N,9,2019
HARV,HARV_004,mixedForest,182.6,2019-09-17,1,Negative,Borrelia mayonii,HARV_004.20190917.IXOSCA.N,9,2019
HARV,HARV_004,mixedForest,182.6,2019-09-17,1,Negative,Borrelia mayonii,HARV_004.20190917.IXOSCA.N,9,2019
HARV,HARV_004,mixedForest,182.6,2019-09-17,1,Negative,Ehrlichia muris-like,HARV_004.20190917.IXOSCA.N,9,2019
HARV,HARV_004,mixedForest,182.6,2019-09-17,1,Negative,Anaplasma phagocytophilum,HARV_004.20190917.IXOSCA.N,9,2019
HARV,HARV_004,mixedForest,182.6,2019-09-17,1,Negative,Borrelia mayonii,HARV_004.20190917.IXOSCA.N,9,2019
HARV,HARV_004,mixedForest,182.6,2019-09-17,1,Negative,Ehrlichia muris-like,HARV_004.20190917.IXOSCA.N,9,2019
HARV,HARV_004,mixedForest,182.6,2019-09-17,1,Negative,Anaplasma phagocytophilum,HARV_004.20190917.IXOSCA.N,9,2019
HARV,HARV_004,mixedForest,182.6,2019-09-17,1,Negative,Babesia microti,HARV_004.20190917.IXOSCA.N,9,2019
HARV,HARV_004,mixedForest,182.6,2019-09-17,1,Negative,Anaplasma phagocytophilum,HARV_004.20190917.IXOSCA.N,9,2019
HARV,HARV_004,mixedForest,182.6,2019-09-17,1,Negative,Borrelia miyamotoi,HARV_004.20190917.IXOSCA.N,9,2019
HARV,HARV_022,evergreenForest,185.9,2019-09-17,1,Negative,Anaplasma phagocytophilum,HARV_022.20190917.IXOSCA.N,9,2019
HARV,HARV_022,evergreenForest,185.9,2019-09-17,1,Negative,Babesia microti,HARV_022.20190917.IXOSCA.N,9,2019
HARV,HARV_022,evergreenForest,185.9,2019-09-17,1,Negative,Babesia microti,HARV_022.20190917.IXOSCA.N,9,2019
HARV,HARV_022,evergreenForest,185.9,2019-09-17,1,Negative,Ehrlichia muris-like,HARV_022.20190917.IXOSCA.N,9,2019
HARV,HARV_022,evergreenForest,185.9,2019-09-17,1,Negative,Borrelia mayonii,HARV_022.20190917.IXOSCA.N,9,2019
HARV,HARV_022,evergreenForest,185.9,2019-09-17,1,Positive,Borrelia burgdorferi sensu lato,HARV_022.20190917.IXOSCA.N,9,2019
HARV,HARV_022,evergreenForest,185.9,2019-09-17,1,Negative,Ixodes pacificus,HARV_022.20190917.IXOSCA.N,9,2019
HARV,HARV_022,evergreenForest,185.9,2019-09-17,1,Negative,Ehrlichia muris-like,HARV_022.20190917.IXOSCA.N,9,2019
HARV,HARV_022,evergreenForest,185.9,2019-09-17,1,Negative,Borrelia mayonii,HARV_022.20190917.IXOSCA.N,9,2019
HARV,HARV_022,evergreenForest,185.9,2019-09-17,1,Negative,Ixodes pacificus,HARV_022.20190917.IXOSCA.N,9,2019
HARV,HARV_022,evergreenForest,185.9,2019-09-17,1,Negative,Borrelia miyamotoi,HARV_022.20190917.IXOSCA.N,9,2019
HARV,HARV_022,evergreenForest,185.9,2019-09-17,1,Negative,Borrelia burgdorferi sensu lato,HARV_022.20190917.IXOSCA.N,9,2019
HARV,HARV_022,evergreenForest,185.9,2019-09-17,1,Positive,Borrelia sp.,HARV_022.20190917.IXOSCA.N,9,2019
HARV,HARV_022,evergreenForest,185.9,2019-09-17,1,Negative,Ixodes pacificus,HARV_022.20190917.IXOSCA.N,9,2019
HARV,HARV_022,evergreenForest,185.9,2019-09-17,1,Negative,Borrelia sp.,HARV_022.20190917.IXOSCA.N,9,2019
HARV,HARV_022,evergreenForest,185.9,2019-09-17,1,Negative,Borrelia miyamotoi,HARV_022.20190917.IXOSCA.N,9,2019
HARV,HARV_022,evergreenForest,185.9,2019-09-17,1,Negative,Borrelia mayonii,HARV_022.20190917.IXOSCA.N,9,2019
HARV,HARV_022,evergreenForest,185.9,2019-09-17,1,Negative,Anaplasma phagocytophilum,HARV_022.20190917.IXOSCA.N,9,2019
HARV,HARV_022,evergreenForest,185.9,2019-09-17,1,Negative,Anaplasma phagocytophilum,HARV_022.20190917.IXOSCA.N,9,2019
HARV,HARV_022,evergreenForest,185.9,2019-09-17,1,Negative,Borrelia sp.,HARV_022.20190917.IXOSCA.N,9,2019
HARV,HARV_022,evergreenForest,185.9,2019-09-17,1,Negative,Borrelia miyamotoi,HARV_022.20190917.IXOSCA.N,9,2019
HARV,HARV_022,evergreenForest,185.9,2019-09-17,1,Negative,Ehrlichia muris-like,HARV_022.20190917.IXOSCA.N,9,2019
HARV,HARV_022,evergreenForest,185.9,2019-09-17,1,Negative,Borrelia burgdorferi sensu lato,HARV_022.20190917.IXOSCA.N,9,2019
HARV,HARV_022,evergreenForest,185.9,2019-09-17,1,Negative,Babesia microti,HARV_022.20190917.IXOSCA.N,9,2019
HARV,HARV_022,evergreenForest,185.9,2019-06-04,1,Negative,Ehrlichia muris-like,HARV_022.20190604.IXOSCA.N,6,2019
HARV,HARV_022,evergreenForest,185.9,2019-06-04,1,Negative,Borrelia miyamotoi,HARV_022.20190604.IXOSCA.N,6,2019
HARV,HARV_022,evergreenForest,185.9,2019-06-04,1,Negative,Borrelia sp.,HARV_022.20190604.IXOSCA.N,6,2019
HARV,HARV_022,evergreenForest,185.9,2019-06-04,1,Negative,Borrelia mayonii,HARV_022.20190604.IXOSCA.N,6,2019
HARV,HARV_022,evergreenForest,185.9,2019-06-04,1,Negative,Babesia microti,HARV_022.20190604.IXOSCA.N,6,2019
HARV,HARV_022,evergreenForest,185.9,2019-06-04,1,Negative,Borrelia miyamotoi,HARV_022.20190604.IXOSCA.N,6,2019
HARV,HARV_022,evergreenForest,185.9,2019-06-04,1,Negative,Babesia microti,HARV_022.20190604.IXOSCA.N,6,2019
HARV,HARV_022,evergreenForest,185.9,2019-06-04,1,Negative,Ixodes pacificus,HARV_022.20190604.IXOSCA.N,6,2019
HARV,HARV_022,evergreenForest,185.9,2019-06-04,1,Negative,Ehrlichia muris-like,HARV_022.20190604.IXOSCA.N,6,2019
HARV,HARV_022,evergreenForest,185.9,2019-06-04,1,Negative,Ehrlichia muris-like,HARV_022.20190604.IXOSCA.N,6,2019
HARV,HARV_022,evergreenForest,185.9,2019-06-04,1,Positive,Borrelia burgdorferi sensu lato,HARV_022.20190604.IXOSCA.N,6,2019
HARV,HARV_022,evergreenForest,185.9,2019-06-04,1,Negative,Ehrlichia muris-like,HARV_022.20190604.IXOSCA.N,6,2019
HARV,HARV_022,evergreenForest,185.9,2019-06-04,1,Negative,Ixodes pacificus,HARV_022.20190604.IXOSCA.N,6,2019
HARV,HARV_022,evergreenForest,185.9,2019-06-04,1,Negative,Borrelia mayonii,HARV_022.20190604.IXOSCA.N,6,2019
HARV,HARV_022,evergreenForest,185.9,2019-06-04,1,Negative,Anaplasma phagocytophilum,HARV_022.20190604.IXOSCA.N,6,2019
HARV,HARV_022,evergreenForest,185.9,2019-06-04,1,Negative,Babesia microti,HARV_022.20190604.IXOSCA.N,6,2019
HARV,HARV_022,evergreenForest,185.9,2019-06-04,1,Negative,Babesia microti,HARV_022.20190604.IXOSCA.N,6,2019
HARV,HARV_022,evergreenForest,185.9,2019-06-04,1,Negative,Anaplasma phagocytophilum,HARV_022.20190604.IXOSCA.N,6,2019
HARV,HARV_022,evergreenForest,185.9,2019-06-04,1,Negative,Borrelia miyamotoi,HARV_022.20190604.IXOSCA.N,6,2019
HARV,HARV_022,evergreenForest,185.9,2019-06-04,1,Negative,Ixodes pacificus,HARV_022.20190604.IXOSCA.N,6,2019
HARV,HARV_022,evergreenForest,185.9,2019-06-04,1,Negative,Ixodes pacificus,HARV_022.20190604.IXOSCA.N,6,2019
HARV,HARV_022,evergreenForest,185.9,2019-06-04,1,Negative,Borrelia burgdorferi sensu lato,HARV_022.20190604.IXOSCA.N,6,2019
HARV,HARV_022,evergreenForest,185.9,2019-06-04,1,Negative,Borrelia miyamotoi,HARV_022.20190604.IXOSCA.N,6,2019
HARV,HARV_022,evergreenForest,185.9,2019-06-04,1,Negative,Borrelia miyamotoi,HARV_022.20190604.IXOSCA.N,6,2019
HARV,HARV_022,evergreenForest,185.9,2019-06-04,1,Negative,Borrelia burgdorferi sensu lato,HARV_022.20190604.IXOSCA.N,6,2019
HARV,HARV_022,evergreenForest,185.9,2019-06-04,1,Negative,Borrelia burgdorferi sensu lato,HARV_022.20190604.IXOSCA.N,6,2019
HARV,HARV_022,evergreenForest,185.9,2019-06-04,1,Negative,Borrelia burgdorferi sensu lato,HARV_022.20190604.IXOSCA.N,6,2019
HARV,HARV_022,evergreenForest,185.9,2019-06-04,1,Negative,Babesia microti,HARV_022.20190604.IXOSCA.N,6,2019
HARV,HARV_022,evergreenForest,185.9,2019-06-04,1,Negative,Anaplasma phagocytophilum,HARV_022.20190604.IXOSCA.N,6,2019
HARV,HARV_022,evergreenForest,185.9,2019-06-04,1,Negative,Borrelia sp.,HARV_022.20190604.IXOSCA.N,6,2019
HARV,HARV_022,evergreenForest,185.9,2019-06-04,1,Positive,Borrelia sp.,HARV_022.20190604.IXOSCA.N,6,2019
HARV,HARV_022,evergreenForest,185.9,2019-06-04,1,Positive,Anaplasma phagocytophilum,HARV_022.20190604.IXOSCA.N,6,2019
HARV,HARV_022,evergreenForest,185.9,2019-06-04,1,Negative,Borrelia sp.,HARV_022.20190604.IXOSCA.N,6,2019
HARV,HARV_022,evergreenForest,185.9,2019-06-04,1,Negative,Borrelia mayonii,HARV_022.20190604.IXOSCA.N,6,2019
HARV,HARV_022,evergreenForest,185.9,2019-06-04,1,Negative,Ixodes pacificus,HARV_022.20190604.IXOSCA.N,6,2019
HARV,HARV_022,evergreenForest,185.9,2019-06-04,1,Negative,Borrelia sp.,HARV_022.20190604.IXOSCA.N,6,2019
HARV,HARV_022,evergreenForest,185.9,2019-06-04,1,Negative,Anaplasma phagocytophilum,HARV_022.20190604.IXOSCA.N,6,2019
HARV,HARV_022,evergreenForest,185.9,2019-06-04,1,Negative,Borrelia mayonii,HARV_022.20190604.IXOSCA.N,6,2019
HARV,HARV_022,evergreenForest,185.9,2019-06-04,1,Negative,Borrelia mayonii,HARV_022.20190604.IXOSCA.N,6,2019
HARV,HARV_022,evergreenForest,185.9,2019-06-04,1,Negative,Ehrlichia muris-like,HARV_022.20190604.IXOSCA.N,6,2019
HARV,HARV_004,mixedForest,182.6,2019-06-04,1,Negative,Borrelia burgdorferi sensu lato,HARV_004.20190604.IXOSCA.N,6,2019
HARV,HARV_004,mixedForest,182.6,2019-06-04,1,Negative,Ixodes pacificus,HARV_004.20190604.IXOSCA.N,6,2019
HARV,HARV_004,mixedForest,182.6,2019-06-04,1,Negative,Ehrlichia muris-like,HARV_004.20190604.IXOSCA.N,6,2019
HARV,HARV_004,mixedForest,182.6,2019-06-04,1,Negative,Anaplasma phagocytophilum,HARV_004.20190604.IXOSCA.N,6,2019
HARV,HARV_004,mixedForest,182.6,2019-06-04,1,Negative,Borrelia miyamotoi,HARV_004.20190604.IXOSCA.N,6,2019
HARV,HARV_004,mixedForest,182.6,2019-06-04,1,Negative,Babesia microti,HARV_004.20190604.IXOSCA.N,6,2019
HARV,HARV_004,mixedForest,182.6,2019-06-04,1,Negative,Borrelia sp.,HARV_004.20190604.IXOSCA.N,6,2019
HARV,HARV_004,mixedForest,182.6,2019-06-04,1,Negative,Borrelia mayonii,HARV_004.20190604.IXOSCA.N,6,2019
HARV,HARV_026,evergreenForest,187.3,2019-06-04,1,Negative,Borrelia mayonii,HARV_026.20190604.IXOSCA.N,6,2019
HARV,HARV_026,evergreenForest,187.3,2019-06-04,1,Negative,Borrelia miyamotoi,HARV_026.20190604.IXOSCA.N,6,2019
HARV,HARV_026,evergreenForest,187.3,2019-06-04,1,Negative,Ixodes pacificus,HARV_026.20190604.IXOSCA.N,6,2019
HARV,HARV_026,evergreenForest,187.3,2019-06-04,1,Negative,Anaplasma phagocytophilum,HARV_026.20190604.IXOSCA.N,6,2019
HARV,HARV_026,evergreenForest,187.3,2019-06-04,1,Negative,Ehrlichia muris-like,HARV_026.20190604.IXOSCA.N,6,2019
HARV,HARV_026,evergreenForest,187.3,2019-06-04,1,Negative,Borrelia sp.,HARV_026.20190604.IXOSCA.N,6,2019
HARV,HARV_026,evergreenForest,187.3,2019-06-04,1,Negative,Babesia microti,HARV_026.20190604.IXOSCA.N,6,2019
HARV,HARV_026,evergreenForest,187.3,2019-06-04,1,Negative,Borrelia burgdorferi sensu lato,HARV_026.20190604.IXOSCA.N,6,2019
HARV,HARV_002,deciduousForest,187.7,2019-06-05,1,Negative,Babesia microti,HARV_002.20190605.IXOSCA.N,6,2019
HARV,HARV_002,deciduousForest,187.7,2019-06-05,1,Negative,Borrelia mayonii,HARV_002.20190605.IXOSCA.N,6,2019
HARV,HARV_002,deciduousForest,187.7,2019-06-05,1,Negative,Borrelia burgdorferi sensu lato,HARV_002.20190605.IXOSCA.N,6,2019
HARV,HARV_002,deciduousForest,187.7,2019-06-05,1,Negative,Anaplasma phagocytophilum,HARV_002.20190605.IXOSCA.N,6,2019
HARV,HARV_002,deciduousForest,187.7,2019-06-05,1,Negative,Borrelia burgdorferi sensu lato,HARV_002.20190605.IXOSCA.N,6,2019
HARV,HARV_002,deciduousForest,187.7,2019-06-05,1,Negative,Borrelia miyamotoi,HARV_002.20190605.IXOSCA.N,6,2019
HARV,HARV_002,deciduousForest,187.7,2019-06-05,1,Negative,Borrelia mayonii,HARV_002.20190605.IXOSCA.N,6,2019
HARV,HARV_002,deciduousForest,187.7,2019-06-05,1,Positive,Borrelia sp.,HARV_002.20190605.IXOSCA.N,6,2019
HARV,HARV_002,deciduousForest,187.7,2019-06-05,1,Negative,Borrelia sp.,HARV_002.20190605.IXOSCA.N,6,2019
HARV,HARV_002,deciduousForest,187.7,2019-06-05,1,Negative,Babesia microti,HARV_002.20190605.IXOSCA.N,6,2019
HARV,HARV_002,deciduousForest,187.7,2019-06-05,1,Negative,Babesia microti,HARV_002.20190605.IXOSCA.N,6,2019
HARV,HARV_002,deciduousForest,187.7,2019-06-05,1,Negative,Ehrlichia muris-like,HARV_002.20190605.IXOSCA.N,6,2019
HARV,HARV_002,deciduousForest,187.7,2019-06-05,1,Negative,Ixodes pacificus,HARV_002.20190605.IXOSCA.N,6,2019
HARV,HARV_002,deciduousForest,187.7,2019-06-05,1,Negative,Borrelia sp.,HARV_002.20190605.IXOSCA.N,6,2019
HARV,HARV_002,deciduousForest,187.7,2019-06-05,1,Negative,Babesia microti,HARV_002.20190605.IXOSCA.N,6,2019
HARV,HARV_002,deciduousForest,187.7,2019-06-05,1,Negative,Ehrlichia muris-like,HARV_002.20190605.IXOSCA.N,6,2019
HARV,HARV_002,deciduousForest,187.7,2019-06-05,1,Negative,Ixodes pacificus,HARV_002.20190605.IXOSCA.N,6,2019
HARV,HARV_002,deciduousForest,187.7,2019-06-05,1,Negative,Borrelia sp.,HARV_002.20190605.IXOSCA.N,6,2019
HARV,HARV_002,deciduousForest,187.7,2019-06-05,1,Negative,Ixodes pacificus,HARV_002.20190605.IXOSCA.N,6,2019
HARV,HARV_002,deciduousForest,187.7,2019-06-05,1,Negative,Borrelia miyamotoi,HARV_002.20190605.IXOSCA.N,6,2019
HARV,HARV_002,deciduousForest,187.7,2019-06-05,1,Negative,Borrelia burgdorferi sensu lato,HARV_002.20190605.IXOSCA.N,6,2019
HARV,HARV_002,deciduousForest,187.7,2019-06-05,1,Negative,Anaplasma phagocytophilum,HARV_002.20190605.IXOSCA.N,6,2019
HARV,HARV_002,deciduousForest,187.7,2019-06-05,1,Negative,Ixodes pacificus,HARV_002.20190605.IXOSCA.N,6,2019
HARV,HARV_002,deciduousForest,187.7,2019-06-05,1,Negative,Ehrlichia muris-like,HARV_002.20190605.IXOSCA.N,6,2019
HARV,HARV_002,deciduousForest,187.7,2019-06-05,1,Negative,Borrelia mayonii,HARV_002.20190605.IXOSCA.N,6,2019
HARV,HARV_002,deciduousForest,187.7,2019-06-05,1,Negative,Anaplasma phagocytophilum,HARV_002.20190605.IXOSCA.N,6,2019
HARV,HARV_002,deciduousForest,187.7,2019-06-05,1,Negative,Anaplasma phagocytophilum,HARV_002.20190605.IXOSCA.N,6,2019
HARV,HARV_002,deciduousForest,187.7,2019-06-05,1,Positive,Borrelia burgdorferi sensu lato,HARV_002.20190605.IXOSCA.N,6,2019
HARV,HARV_002,deciduousForest,187.7,2019-06-05,1,Negative,Borrelia miyamotoi,HARV_002.20190605.IXOSCA.N,6,2019
HARV,HARV_002,deciduousForest,187.7,2019-06-05,1,Negative,Borrelia mayonii,HARV_002.20190605.IXOSCA.N,6,2019
HARV,HARV_002,deciduousForest,187.7,2019-06-05,1,Negative,Ehrlichia muris-like,HARV_002.20190605.IXOSCA.N,6,2019
HARV,HARV_002,deciduousForest,187.7,2019-06-05,1,Negative,Borrelia miyamotoi,HARV_002.20190605.IXOSCA.N,6,2019
HARV,HARV_002,deciduousForest,187.7,2019-06-24,1,Negative,Borrelia miyamotoi,HARV_002.20190624.IXOSCA.N,6,2019
HARV,HARV_002,deciduousForest,187.7,2019-06-24,1,Negative,Ixodes pacificus,HARV_002.20190624.IXOSCA.N,6,2019
HARV,HARV_002,deciduousForest,187.7,2019-06-24,1,Negative,Babesia microti,HARV_002.20190624.IXOSCA.N,6,2019
HARV,HARV_002,deciduousForest,187.7,2019-06-24,1,Negative,Borrelia burgdorferi sensu lato,HARV_002.20190624.IXOSCA.N,6,2019
HARV,HARV_002,deciduousForest,187.7,2019-06-24,1,Negative,Ehrlichia muris-like,HARV_002.20190624.IXOSCA.N,6,2019
HARV,HARV_002,deciduousForest,187.7,2019-06-24,1,Negative,Ehrlichia muris-like,HARV_002.20190624.IXOSCA.N,6,2019
HARV,HARV_002,deciduousForest,187.7,2019-06-24,1,Negative,Borrelia burgdorferi sensu lato,HARV_002.20190624.IXOSCA.N,6,2019
HARV,HARV_002,deciduousForest,187.7,2019-06-24,1,Negative,Babesia microti,HARV_002.20190624.IXOSCA.N,6,2019
HARV,HARV_002,deciduousForest,187.7,2019-06-24,1,Negative,Borrelia sp.,HARV_002.20190624.IXOSCA.N,6,2019
HARV,HARV_002,deciduousForest,187.7,2019-06-24,1,Positive,Anaplasma phagocytophilum,HARV_002.20190624.IXOSCA.N,6,2019
HARV,HARV_002,deciduousForest,187.7,2019-06-24,1,Negative,Anaplasma phagocytophilum,HARV_002.20190624.IXOSCA.N,6,2019
HARV,HARV_002,deciduousForest,187.7,2019-06-24,1,Negative,Borrelia miyamotoi,HARV_002.20190624.IXOSCA.N,6,2019
HARV,HARV_002,deciduousForest,187.7,2019-06-24,1,Negative,Borrelia sp.,HARV_002.20190624.IXOSCA.N,6,2019
HARV,HARV_002,deciduousForest,187.7,2019-06-24,1,Negative,Borrelia mayonii,HARV_002.20190624.IXOSCA.N,6,2019
HARV,HARV_002,deciduousForest,187.7,2019-06-24,1,Negative,Borrelia mayonii,HARV_002.20190624.IXOSCA.N,6,2019
HARV,HARV_002,deciduousForest,187.7,2019-06-24,1,Negative,Ixodes pacificus,HARV_002.20190624.IXOSCA.N,6,2019
HARV,HARV_004,mixedForest,182.6,2019-06-24,1,Negative,Borrelia miyamotoi,HARV_004.20190624.IXOSCA.N,6,2019
HARV,HARV_004,mixedForest,182.6,2019-06-24,1,Negative,Ixodes pacificus,HARV_004.20190624.IXOSCA.N,6,2019
HARV,HARV_004,mixedForest,182.6,2019-06-24,1,Negative,Borrelia sp.,HARV_004.20190624.IXOSCA.N,6,2019
HARV,HARV_004,mixedForest,182.6,2019-06-24,1,Negative,Babesia microti,HARV_004.20190624.IXOSCA.N,6,2019
HARV,HARV_004,mixedForest,182.6,2019-06-24,1,Negative,Borrelia miyamotoi,HARV_004.20190624.IXOSCA.N,6,2019
HARV,HARV_004,mixedForest,182.6,2019-06-24,1,Negative,Borrelia sp.,HARV_004.20190624.IXOSCA.N,6,2019
HARV,HARV_004,mixedForest,182.6,2019-06-24,1,Negative,Borrelia mayonii,HARV_004.20190624.IXOSCA.N,6,2019
HARV,HARV_004,mixedForest,182.6,2019-06-24,1,Negative,Borrelia burgdorferi sensu lato,HARV_004.20190624.IXOSCA.N,6,2019
HARV,HARV_004,mixedForest,182.6,2019-06-24,1,Positive,Borrelia burgdorferi sensu lato,HARV_004.20190624.IXOSCA.N,6,2019
HARV,HARV_004,mixedForest,182.6,2019-06-24,1,Positive,Borrelia sp.,HARV_004.20190624.IXOSCA.N,6,2019
HARV,HARV_004,mixedForest,182.6,2019-06-24,1,Negative,Ehrlichia muris-like,HARV_004.20190624.IXOSCA.N,6,2019
HARV,HARV_004,mixedForest,182.6,2019-06-24,1,Negative,Ehrlichia muris-like,HARV_004.20190624.IXOSCA.N,6,2019
HARV,HARV_004,mixedForest,182.6,2019-06-24,1,Negative,Babesia microti,HARV_004.20190624.IXOSCA.N,6,2019
HARV,HARV_004,mixedForest,182.6,2019-06-24,1,Negative,Borrelia mayonii,HARV_004.20190624.IXOSCA.N,6,2019
HARV,HARV_004,mixedForest,182.6,2019-06-24,1,Negative,Borrelia mayonii,HARV_004.20190624.IXOSCA.N,6,2019
HARV,HARV_004,mixedForest,182.6,2019-06-24,1,Negative,Borrelia burgdorferi sensu lato,HARV_004.20190624.IXOSCA.N,6,2019
HARV,HARV_004,mixedForest,182.6,2019-06-24,1,Negative,Anaplasma phagocytophilum,HARV_004.20190624.IXOSCA.N,6,2019
HARV,HARV_004,mixedForest,182.6,2019-06-24,1,Negative,Borrelia mayonii,HARV_004.20190624.IXOSCA.N,6,2019
HARV,HARV_004,mixedForest,182.6,2019-06-24,1,Negative,Borrelia mayonii,HARV_004.20190624.IXOSCA.N,6,2019
HARV,HARV_004,mixedForest,182.6,2019-06-24,1,Negative,Ixodes pacificus,HARV_004.20190624.IXOSCA.N,6,2019
HARV,HARV_004,mixedForest,182.6,2019-06-24,1,Negative,Borrelia miyamotoi,HARV_004.20190624.IXOSCA.N,6,2019
HARV,HARV_004,mixedForest,182.6,2019-06-24,1,Negative,Ehrlichia muris-like,HARV_004.20190624.IXOSCA.N,6,2019
HARV,HARV_004,mixedForest,182.6,2019-06-24,1,Negative,Borrelia mayonii,HARV_004.20190624.IXOSCA.N,6,2019
HARV,HARV_004,mixedForest,182.6,2019-06-24,1,Negative,Borrelia sp.,HARV_004.20190624.IXOSCA.N,6,2019
HARV,HARV_004,mixedForest,182.6,2019-06-24,1,Negative,Ehrlichia muris-like,HARV_004.20190624.IXOSCA.N,6,2019
HARV,HARV_004,mixedForest,182.6,2019-06-24,1,Negative,Anaplasma phagocytophilum,HARV_004.20190624.IXOSCA.N,6,2019
HARV,HARV_004,mixedForest,182.6,2019-06-24,1,Negative,Borrelia sp.,HARV_004.20190624.IXOSCA.N,6,2019
HARV,HARV_004,mixedForest,182.6,2019-06-24,1,Negative,Babesia microti,HARV_004.20190624.IXOSCA.N,6,2019
HARV,HARV_004,mixedForest,182.6,2019-06-24,1,Negative,Ehrlichia muris-like,HARV_004.20190624.IXOSCA.N,6,2019
HARV,HARV_004,mixedForest,182.6,2019-06-24,1,Negative,Borrelia mayonii,HARV_004.20190624.IXOSCA.N,6,2019
HARV,HARV_004,mixedForest,182.6,2019-06-24,1,Negative,Borrelia mayonii,HARV_004.20190624.IXOSCA.N,6,2019
HARV,HARV_004,mixedForest,182.6,2019-06-24,1,Negative,Borrelia mayonii,HARV_004.20190624.IXOSCA.N,6,2019
HARV,HARV_004,mixedForest,182.6,2019-06-24,1,Negative,Ixodes pacificus,HARV_004.20190624.IXOSCA.N,6,2019
HARV,HARV_004,mixedForest,182.6,2019-06-24,1,Negative,Borrelia burgdorferi sensu lato,HARV_004.20190624.IXOSCA.N,6,2019
HARV,HARV_004,mixedForest,182.6,2019-06-24,1,Negative,Babesia microti,HARV_004.20190624.IXOSCA.N,6,2019
HARV,HARV_004,mixedForest,182.6,2019-06-24,1,Negative,Borrelia mayonii,HARV_004.20190624.IXOSCA.N,6,2019
HARV,HARV_004,mixedForest,182.6,2019-06-24,1,Negative,Babesia microti,HARV_004.20190624.IXOSCA.N,6,2019
HARV,HARV_004,mixedForest,182.6,2019-06-24,1,Negative,Babesia microti,HARV_004.20190624.IXOSCA.N,6,2019
HARV,HARV_004,mixedForest,182.6,2019-06-24,1,Negative,Borrelia mayonii,HARV_004.20190624.IXOSCA.N,6,2019
HARV,HARV_004,mixedForest,182.6,2019-06-24,1,Negative,Anaplasma phagocytophilum,HARV_004.20190624.IXOSCA.N,6,2019
HARV,HARV_004,mixedForest,182.6,2019-06-24,1,Negative,Anaplasma phagocytophilum,HARV_004.20190624.IXOSCA.N,6,2019
HARV,HARV_004,mixedForest,182.6,2019-06-24,1,Negative,Borrelia sp.,HARV_004.20190624.IXOSCA.N,6,2019
HARV,HARV_004,mixedForest,182.6,2019-06-24,1,Negative,Borrelia burgdorferi sensu lato,HARV_004.20190624.IXOSCA.N,6,2019
HARV,HARV_004,mixedForest,182.6,2019-06-24,1,Negative,Babesia microti,HARV_004.20190624.IXOSCA.N,6,2019
HARV,HARV_004,mixedForest,182.6,2019-06-24,1,Negative,Borrelia mayonii,HARV_004.20190624.IXOSCA.N,6,2019
HARV,HARV_004,mixedForest,182.6,2019-06-24,1,Negative,Borrelia burgdorferi sensu lato,HARV_004.20190624.IXOSCA.N,6,2019
HARV,HARV_004,mixedForest,182.6,2019-06-24,1,Negative,Borrelia burgdorferi sensu lato,HARV_004.20190624.IXOSCA.N,6,2019
HARV,HARV_004,mixedForest,182.6,2019-06-24,1,Negative,Ehrlichia muris-like,HARV_004.20190624.IXOSCA.N,6,2019
HARV,HARV_004,mixedForest,182.6,2019-06-24,1,Negative,Anaplasma phagocytophilum,HARV_004.20190624.IXOSCA.N,6,2019
HARV,HARV_004,mixedForest,182.6,2019-06-24,1,Negative,Borrelia burgdorferi sensu lato,HARV_004.20190624.IXOSCA.N,6,2019
HARV,HARV_004,mixedForest,182.6,2019-06-24,1,Negative,Borrelia miyamotoi,HARV_004.20190624.IXOSCA.N,6,2019
HARV,HARV_004,mixedForest,182.6,2019-06-24,1,Negative,Borrelia miyamotoi,HARV_004.20190624.IXOSCA.N,6,2019
HARV,HARV_004,mixedForest,182.6,2019-06-24,1,Negative,Ixodes pacificus,HARV_004.20190624.IXOSCA.N,6,2019
HARV,HARV_004,mixedForest,182.6,2019-06-24,1,Negative,Babesia microti,HARV_004.20190624.IXOSCA.N,6,2019
HARV,HARV_004,mixedForest,182.6,2019-06-24,1,Negative,Borrelia sp.,HARV_004.20190624.IXOSCA.N,6,2019
HARV,HARV_004,mixedForest,182.6,2019-06-24,1,Negative,Ixodes pacificus,HARV_004.20190624.IXOSCA.N,6,2019
HARV,HARV_004,mixedForest,182.6,2019-06-24,1,Negative,Anaplasma phagocytophilum,HARV_004.20190624.IXOSCA.N,6,2019
HARV,HARV_004,mixedForest,182.6,2019-06-24,1,Negative,Borrelia sp.,HARV_004.20190624.IXOSCA.N,6,2019
HARV,HARV_004,mixedForest,182.6,2019-06-24,1,Negative,Ixodes pacificus,HARV_004.20190624.IXOSCA.N,6,2019
HARV,HARV_004,mixedForest,182.6,2019-06-24,1,Negative,Anaplasma phagocytophilum,HARV_004.20190624.IXOSCA.N,6,2019
HARV,HARV_004,mixedForest,182.6,2019-06-24,1,Negative,Babesia microti,HARV_004.20190624.IXOSCA.N,6,2019
HARV,HARV_004,mixedForest,182.6,2019-06-24,1,Negative,Borrelia burgdorferi sensu lato,HARV_004.20190624.IXOSCA.N,6,2019
HARV,HARV_004,mixedForest,182.6,2019-06-24,1,Negative,Ixodes pacificus,HARV_004.20190624.IXOSCA.N,6,2019
HARV,HARV_004,mixedForest,182.6,2019-06-24,1,Negative,Borrelia burgdorferi sensu lato,HARV_004.20190624.IXOSCA.N,6,2019
HARV,HARV_004,mixedForest,182.6,2019-06-24,1,Negative,Borrelia miyamotoi,HARV_004.20190624.IXOSCA.N,6,2019
HARV,HARV_004,mixedForest,182.6,2019-06-24,1,Negative,Ixodes pacificus,HARV_004.20190624.IXOSCA.N,6,2019
HARV,HARV_004,mixedForest,182.6,2019-06-24,1,Negative,Ehrlichia muris-like,HARV_004.20190624.IXOSCA.N,6,2019
HARV,HARV_004,mixedForest,182.6,2019-06-24,1,Negative,Anaplasma phagocytophilum,HARV_004.20190624.IXOSCA.N,6,2019
HARV,HARV_004,mixedForest,182.6,2019-06-24,1,Negative,Borrelia burgdorferi sensu lato,HARV_004.20190624.IXOSCA.N,6,2019
HARV,HARV_004,mixedForest,182.6,2019-06-24,1,Negative,Ixodes pacificus,HARV_004.20190624.IXOSCA.N,6,2019
HARV,HARV_004,mixedForest,182.6,2019-06-24,1,Negative,Borrelia miyamotoi,HARV_004.20190624.IXOSCA.N,6,2019
HARV,HARV_004,mixedForest,182.6,2019-06-24,1,Negative,Borrelia burgdorferi sensu lato,HARV_004.20190624.IXOSCA.N,6,2019
HARV,HARV_004,mixedForest,182.6,2019-06-24,1,Negative,Anaplasma phagocytophilum,HARV_004.20190624.IXOSCA.N,6,2019
HARV,HARV_004,mixedForest,182.6,2019-06-24,1,Negative,Borrelia sp.,HARV_004.20190624.IXOSCA.N,6,2019
HARV,HARV_004,mixedForest,182.6,2019-06-24,1,Negative,Ixodes pacificus,HARV_004.20190624.IXOSCA.N,6,2019
HARV,HARV_004,mixedForest,182.6,2019-06-24,1,Negative,Ehrlichia muris-like,HARV_004.20190624.IXOSCA.N,6,2019
HARV,HARV_004,mixedForest,182.6,2019-06-24,1,Negative,Borrelia sp.,HARV_004.20190624.IXOSCA.N,6,2019
HARV,HARV_004,mixedForest,182.6,2019-06-24,1,Negative,Borrelia mayonii,HARV_004.20190624.IXOSCA.N,6,2019
HARV,HARV_004,mixedForest,182.6,2019-06-24,1,Negative,Borrelia sp.,HARV_004.20190624.IXOSCA.N,6,2019
HARV,HARV_004,mixedForest,182.6,2019-06-24,1,Negative,Ehrlichia muris-like,HARV_004.20190624.IXOSCA.N,6,2019
HARV,HARV_004,mixedForest,182.6,2019-06-24,1,Negative,Ehrlichia muris-like,HARV_004.20190624.IXOSCA.N,6,2019
HARV,HARV_004,mixedForest,182.6,2019-06-24,1,Negative,Babesia microti,HARV_004.20190624.IXOSCA.N,6,2019
HARV,HARV_004,mixedForest,182.6,2019-06-24,1,Negative,Borrelia miyamotoi,HARV_004.20190624.IXOSCA.N,6,2019
HARV,HARV_004,mixedForest,182.6,2019-06-24,1,Negative,Anaplasma phagocytophilum,HARV_004.20190624.IXOSCA.N,6,2019
HARV,HARV_004,mixedForest,182.6,2019-06-24,1,Negative,Babesia microti,HARV_004.20190624.IXOSCA.N,6,2019
HARV,HARV_004,mixedForest,182.6,2019-06-24,1,Negative,Borrelia miyamotoi,HARV_004.20190624.IXOSCA.N,6,2019
HARV,HARV_004,mixedForest,182.6,2019-06-24,1,Negative,Ehrlichia muris-like,HARV_004.20190624.IXOSCA.N,6,2019
HARV,HARV_004,mixedForest,182.6,2019-06-24,1,Negative,Ixodes pacificus,HARV_004.20190624.IXOSCA.N,6,2019
HARV,HARV_004,mixedForest,182.6,2019-06-24,1,Negative,Borrelia miyamotoi,HARV_004.20190624.IXOSCA.N,6,2019
HARV,HARV_004,mixedForest,182.6,2019-06-24,1,Negative,Anaplasma phagocytophilum,HARV_004.20190624.IXOSCA.N,6,2019
HARV,HARV_004,mixedForest,182.6,2019-06-24,1,Negative,Borrelia miyamotoi,HARV_004.20190624.IXOSCA.N,6,2019
HARV,HARV_004,mixedForest,182.6,2019-06-24,1,Negative,Borrelia miyamotoi,HARV_004.20190624.IXOSCA.N,6,2019
HARV,HARV_004,mixedForest,182.6,2019-06-24,1,Negative,Ixodes pacificus,HARV_004.20190624.IXOSCA.N,6,2019
HARV,HARV_004,mixedForest,182.6,2019-06-24,1,Negative,Babesia microti,HARV_004.20190624.IXOSCA.N,6,2019
HARV,HARV_004,mixedForest,182.6,2019-06-24,1,Negative,Ehrlichia muris-like,HARV_004.20190624.IXOSCA.N,6,2019
HARV,HARV_004,mixedForest,182.6,2019-06-24,1,Negative,Ixodes pacificus,HARV_004.20190624.IXOSCA.N,6,2019
HARV,HARV_004,mixedForest,182.6,2019-06-24,1,Negative,Babesia microti,HARV_004.20190624.IXOSCA.N,6,2019
HARV,HARV_004,mixedForest,182.6,2019-06-24,1,Negative,Borrelia sp.,HARV_004.20190624.IXOSCA.N,6,2019
HARV,HARV_004,mixedForest,182.6,2019-06-24,1,Negative,Borrelia miyamotoi,HARV_004.20190624.IXOSCA.N,6,2019
HARV,HARV_004,mixedForest,182.6,2019-06-24,1,Negative,Borrelia burgdorferi sensu lato,HARV_004.20190624.IXOSCA.N,6,2019
HARV,HARV_004,mixedForest,182.6,2019-06-24,1,Negative,Anaplasma phagocytophilum,HARV_004.20190624.IXOSCA.N,6,2019
HARV,HARV_004,mixedForest,182.6,2019-06-24,1,Negative,Anaplasma phagocytophilum,HARV_004.20190624.IXOSCA.N,6,2019
HARV,HARV_004,mixedForest,182.6,2019-06-24,1,Negative,Borrelia sp.,HARV_004.20190624.IXOSCA.N,6,2019
HARV,HARV_004,mixedForest,182.6,2019-06-24,1,Negative,Ehrlichia muris-like,HARV_004.20190624.IXOSCA.N,6,2019
HARV,HARV_001,deciduousForest,202.1,2019-06-24,1,Negative,Babesia microti,HARV_001.20190624.IXOSCA.N,6,2019
HARV,HARV_001,deciduousForest,202.1,2019-06-24,1,Negative,Borrelia mayonii,HARV_001.20190624.IXOSCA.N,6,2019
HARV,HARV_001,deciduousForest,202.1,2019-06-24,1,Negative,Borrelia burgdorferi sensu lato,HARV_001.20190624.IXOSCA.N,6,2019
HARV,HARV_001,deciduousForest,202.1,2019-06-24,1,Negative,Babesia microti,HARV_001.20190624.IXOSCA.N,6,2019
HARV,HARV_001,deciduousForest,202.1,2019-06-24,1,Negative,Borrelia miyamotoi,HARV_001.20190624.IXOSCA.N,6,2019
HARV,HARV_001,deciduousForest,202.1,2019-06-24,1,Negative,Ehrlichia muris-like,HARV_001.20190624.IXOSCA.N,6,2019
HARV,HARV_001,deciduousForest,202.1,2019-06-24,1,Negative,Borrelia sp.,HARV_001.20190624.IXOSCA.N,6,2019
HARV,HARV_001,deciduousForest,202.1,2019-06-24,1,Negative,Anaplasma phagocytophilum,HARV_001.20190624.IXOSCA.N,6,2019
HARV,HARV_001,deciduousForest,202.1,2019-06-24,1,Negative,Borrelia sp.,HARV_001.20190624.IXOSCA.N,6,2019
HARV,HARV_001,deciduousForest,202.1,2019-06-24,1,Negative,Babesia microti,HARV_001.20190624.IXOSCA.N,6,2019
HARV,HARV_001,deciduousForest,202.1,2019-06-24,1,Negative,Ehrlichia muris-like,HARV_001.20190624.IXOSCA.N,6,2019
HARV,HARV_001,deciduousForest,202.1,2019-06-24,1,Negative,Anaplasma phagocytophilum,HARV_001.20190624.IXOSCA.N,6,2019
HARV,HARV_001,deciduousForest,202.1,2019-06-24,1,Negative,Ehrlichia muris-like,HARV_001.20190624.IXOSCA.N,6,2019
HARV,HARV_001,deciduousForest,202.1,2019-06-24,1,Positive,Borrelia burgdorferi sensu lato,HARV_001.20190624.IXOSCA.N,6,2019
HARV,HARV_001,deciduousForest,202.1,2019-06-24,1,Negative,Borrelia burgdorferi sensu lato,HARV_001.20190624.IXOSCA.N,6,2019
HARV,HARV_001,deciduousForest,202.1,2019-06-24,1,Negative,Borrelia mayonii,HARV_001.20190624.IXOSCA.N,6,2019
HARV,HARV_001,deciduousForest,202.1,2019-06-24,1,Negative,Ixodes pacificus,HARV_001.20190624.IXOSCA.N,6,2019
HARV,HARV_001,deciduousForest,202.1,2019-06-24,1,Negative,Ixodes pacificus,HARV_001.20190624.IXOSCA.N,6,2019
HARV,HARV_001,deciduousForest,202.1,2019-06-24,1,Negative,Anaplasma phagocytophilum,HARV_001.20190624.IXOSCA.N,6,2019
HARV,HARV_001,deciduousForest,202.1,2019-06-24,1,Negative,Borrelia miyamotoi,HARV_001.20190624.IXOSCA.N,6,2019
HARV,HARV_001,deciduousForest,202.1,2019-06-24,1,Negative,Borrelia sp.,HARV_001.20190624.IXOSCA.N,6,2019
HARV,HARV_001,deciduousForest,202.1,2019-06-24,1,Negative,Ixodes pacificus,HARV_001.20190624.IXOSCA.N,6,2019
HARV,HARV_001,deciduousForest,202.1,2019-06-24,1,Negative,Ehrlichia muris-like,HARV_001.20190624.IXOSCA.N,6,2019
HARV,HARV_001,deciduousForest,202.1,2019-06-24,1,Negative,Ixodes pacificus,HARV_001.20190624.IXOSCA.N,6,2019
HARV,HARV_001,deciduousForest,202.1,2019-06-24,1,Negative,Anaplasma phagocytophilum,HARV_001.20190624.IXOSCA.N,6,2019
HARV,HARV_001,deciduousForest,202.1,2019-06-24,1,Negative,Borrelia mayonii,HARV_001.20190624.IXOSCA.N,6,2019
HARV,HARV_001,deciduousForest,202.1,2019-06-24,1,Negative,Babesia microti,HARV_001.20190624.IXOSCA.N,6,2019
HARV,HARV_001,deciduousForest,202.1,2019-06-24,1,Positive,Borrelia sp.,HARV_001.20190624.IXOSCA.N,6,2019
HARV,HARV_001,deciduousForest,202.1,2019-06-24,1,Negative,Borrelia miyamotoi,HARV_001.20190624.IXOSCA.N,6,2019
HARV,HARV_001,deciduousForest,202.1,2019-06-24,1,Negative,Borrelia miyamotoi,HARV_001.20190624.IXOSCA.N,6,2019
HARV,HARV_001,deciduousForest,202.1,2019-06-24,1,Negative,Borrelia mayonii,HARV_001.20190624.IXOSCA.N,6,2019
HARV,HARV_001,deciduousForest,202.1,2019-06-24,1,Negative,Borrelia burgdorferi sensu lato,HARV_001.20190624.IXOSCA.N,6,2019
HARV,HARV_006,deciduousForest,190.8,2019-06-24,1,Negative,Borrelia mayonii,HARV_006.20190624.IXOSCA.N,6,2019
HARV,HARV_006,deciduousForest,190.8,2019-06-24,1,Negative,Borrelia miyamotoi,HARV_006.20190624.IXOSCA.N,6,2019
HARV,HARV_006,deciduousForest,190.8,2019-06-24,1,Negative,Borrelia burgdorferi sensu lato,HARV_006.20190624.IXOSCA.N,6,2019
HARV,HARV_006,deciduousForest,190.8,2019-06-24,1,Negative,Borrelia burgdorferi sensu lato,HARV_006.20190624.IXOSCA.N,6,2019
HARV,HARV_006,deciduousForest,190.8,2019-06-24,1,Negative,Borrelia sp.,HARV_006.20190624.IXOSCA.N,6,2019
HARV,HARV_006,deciduousForest,190.8,2019-06-24,1,Negative,Borrelia miyamotoi,HARV_006.20190624.IXOSCA.N,6,2019
HARV,HARV_006,deciduousForest,190.8,2019-06-24,1,Negative,Borrelia mayonii,HARV_006.20190624.IXOSCA.N,6,2019
HARV,HARV_006,deciduousForest,190.8,2019-06-24,1,Negative,Borrelia sp.,HARV_006.20190624.IXOSCA.N,6,2019
HARV,HARV_006,deciduousForest,190.8,2019-06-24,1,Negative,Ehrlichia muris-like,HARV_006.20190624.IXOSCA.N,6,2019
HARV,HARV_006,deciduousForest,190.8,2019-06-24,1,Negative,Babesia microti,HARV_006.20190624.IXOSCA.N,6,2019
HARV,HARV_006,deciduousForest,190.8,2019-06-24,1,Negative,Ixodes pacificus,HARV_006.20190624.IXOSCA.N,6,2019
HARV,HARV_006,deciduousForest,190.8,2019-06-24,1,Positive,Borrelia sp.,HARV_006.20190624.IXOSCA.N,6,2019
HARV,HARV_006,deciduousForest,190.8,2019-06-24,1,Negative,Anaplasma phagocytophilum,HARV_006.20190624.IXOSCA.N,6,2019
HARV,HARV_006,deciduousForest,190.8,2019-06-24,1,Negative,Anaplasma phagocytophilum,HARV_006.20190624.IXOSCA.N,6,2019
HARV,HARV_006,deciduousForest,190.8,2019-06-24,1,Negative,Borrelia miyamotoi,HARV_006.20190624.IXOSCA.N,6,2019
HARV,HARV_006,deciduousForest,190.8,2019-06-24,1,Negative,Borrelia burgdorferi sensu lato,HARV_006.20190624.IXOSCA.N,6,2019
HARV,HARV_006,deciduousForest,190.8,2019-06-24,1,Negative,Anaplasma phagocytophilum,HARV_006.20190624.IXOSCA.N,6,2019
HARV,HARV_006,deciduousForest,190.8,2019-06-24,1,Negative,Borrelia mayonii,HARV_006.20190624.IXOSCA.N,6,2019
HARV,HARV_006,deciduousForest,190.8,2019-06-24,1,Negative,Babesia microti,HARV_006.20190624.IXOSCA.N,6,2019
HARV,HARV_006,deciduousForest,190.8,2019-06-24,1,Negative,Ehrlichia muris-like,HARV_006.20190624.IXOSCA.N,6,2019
HARV,HARV_006,deciduousForest,190.8,2019-06-24,1,Negative,Babesia microti,HARV_006.20190624.IXOSCA.N,6,2019
HARV,HARV_006,deciduousForest,190.8,2019-06-24,1,Negative,Babesia microti,HARV_006.20190624.IXOSCA.N,6,2019
HARV,HARV_006,deciduousForest,190.8,2019-06-24,1,Negative,Borrelia miyamotoi,HARV_006.20190624.IXOSCA.N,6,2019
HARV,HARV_006,deciduousForest,190.8,2019-06-24,1,Negative,Anaplasma phagocytophilum,HARV_006.20190624.IXOSCA.N,6,2019
HARV,HARV_006,deciduousForest,190.8,2019-06-24,1,Positive,Borrelia burgdorferi sensu lato,HARV_006.20190624.IXOSCA.N,6,2019
HARV,HARV_006,deciduousForest,190.8,2019-06-24,1,Negative,Babesia microti,HARV_006.20190624.IXOSCA.N,6,2019
HARV,HARV_006,deciduousForest,190.8,2019-06-24,1,Negative,Borrelia mayonii,HARV_006.20190624.IXOSCA.N,6,2019
HARV,HARV_006,deciduousForest,190.8,2019-06-24,1,Negative,Ehrlichia muris-like,HARV_006.20190624.IXOSCA.N,6,2019
HARV,HARV_006,deciduousForest,190.8,2019-06-24,1,Negative,Ehrlichia muris-like,HARV_006.20190624.IXOSCA.N,6,2019
HARV,HARV_006,deciduousForest,190.8,2019-06-24,1,Negative,Ixodes pacificus,HARV_006.20190624.IXOSCA.N,6,2019
HARV,HARV_006,deciduousForest,190.8,2019-06-24,1,Negative,Ehrlichia muris-like,HARV_006.20190624.IXOSCA.N,6,2019
HARV,HARV_006,deciduousForest,190.8,2019-06-24,1,Negative,Ixodes pacificus,HARV_006.20190624.IXOSCA.N,6,2019
HARV,HARV_006,deciduousForest,190.8,2019-06-24,1,Negative,Borrelia sp.,HARV_006.20190624.IXOSCA.N,6,2019
HARV,HARV_006,deciduousForest,190.8,2019-06-24,1,Negative,Ixodes pacificus,HARV_006.20190624.IXOSCA.N,6,2019
HARV,HARV_006,deciduousForest,190.8,2019-06-24,1,Negative,Borrelia burgdorferi sensu lato,HARV_006.20190624.IXOSCA.N,6,2019
HARV,HARV_006,deciduousForest,190.8,2019-06-24,1,Negative,Borrelia mayonii,HARV_006.20190624.IXOSCA.N,6,2019
HARV,HARV_006,deciduousForest,190.8,2019-06-24,1,Negative,Anaplasma phagocytophilum,HARV_006.20190624.IXOSCA.N,6,2019
HARV,HARV_006,deciduousForest,190.8,2019-06-24,1,Negative,Borrelia sp.,HARV_006.20190624.IXOSCA.N,6,2019
HARV,HARV_006,deciduousForest,190.8,2019-06-24,1,Negative,Ixodes pacificus,HARV_006.20190624.IXOSCA.N,6,2019
HARV,HARV_006,deciduousForest,190.8,2019-06-24,1,Negative,Borrelia miyamotoi,HARV_006.20190624.IXOSCA.N,6,2019
HARV,HARV_026,evergreenForest,187.3,2019-06-24,1,Negative,Borrelia miyamotoi,HARV_026.20190624.IXOSCA.N,6,2019
HARV,HARV_026,evergreenForest,187.3,2019-06-24,1,Negative,Borrelia sp.,HARV_026.20190624.IXOSCA.N,6,2019
HARV,HARV_026,evergreenForest,187.3,2019-06-24,1,Negative,Ixodes pacificus,HARV_026.20190624.IXOSCA.N,6,2019
HARV,HARV_026,evergreenForest,187.3,2019-06-24,1,Negative,Borrelia burgdorferi sensu lato,HARV_026.20190624.IXOSCA.N,6,2019
HARV,HARV_026,evergreenForest,187.3,2019-06-24,1,Negative,Borrelia burgdorferi sensu lato,HARV_026.20190624.IXOSCA.N,6,2019
HARV,HARV_026,evergreenForest,187.3,2019-06-24,1,Negative,Borrelia miyamotoi,HARV_026.20190624.IXOSCA.N,6,2019
HARV,HARV_026,evergreenForest,187.3,2019-06-24,1,Negative,Babesia microti,HARV_026.20190624.IXOSCA.N,6,2019
HARV,HARV_026,evergreenForest,187.3,2019-06-24,1,Negative,Ixodes pacificus,HARV_026.20190624.IXOSCA.N,6,2019
HARV,HARV_026,evergreenForest,187.3,2019-06-24,1,Negative,Borrelia sp.,HARV_026.20190624.IXOSCA.N,6,2019
HARV,HARV_026,evergreenForest,187.3,2019-06-24,1,Negative,Borrelia burgdorferi sensu lato,HARV_026.20190624.IXOSCA.N,6,2019
HARV,HARV_026,evergreenForest,187.3,2019-06-24,1,Negative,Ixodes pacificus,HARV_026.20190624.IXOSCA.N,6,2019
HARV,HARV_026,evergreenForest,187.3,2019-06-24,1,Negative,Anaplasma phagocytophilum,HARV_026.20190624.IXOSCA.N,6,2019
HARV,HARV_026,evergreenForest,187.3,2019-06-24,1,Negative,Borrelia mayonii,HARV_026.20190624.IXOSCA.N,6,2019
HARV,HARV_026,evergreenForest,187.3,2019-06-24,1,Negative,Ehrlichia muris-like,HARV_026.20190624.IXOSCA.N,6,2019
HARV,HARV_026,evergreenForest,187.3,2019-06-24,1,Negative,Borrelia miyamotoi,HARV_026.20190624.IXOSCA.N,6,2019
HARV,HARV_026,evergreenForest,187.3,2019-06-24,1,Negative,Anaplasma phagocytophilum,HARV_026.20190624.IXOSCA.N,6,2019
HARV,HARV_026,evergreenForest,187.3,2019-06-24,1,Negative,Anaplasma phagocytophilum,HARV_026.20190624.IXOSCA.N,6,2019
HARV,HARV_026,evergreenForest,187.3,2019-06-24,1,Negative,Babesia microti,HARV_026.20190624.IXOSCA.N,6,2019
HARV,HARV_026,evergreenForest,187.3,2019-06-24,1,Negative,Ehrlichia muris-like,HARV_026.20190624.IXOSCA.N,6,2019
HARV,HARV_026,evergreenForest,187.3,2019-06-24,1,Negative,Babesia microti,HARV_026.20190624.IXOSCA.N,6,2019
HARV,HARV_026,evergreenForest,187.3,2019-06-24,1,Negative,Borrelia sp.,HARV_026.20190624.IXOSCA.N,6,2019
HARV,HARV_026,evergreenForest,187.3,2019-06-24,1,Negative,Babesia microti,HARV_026.20190624.IXOSCA.N,6,2019
HARV,HARV_026,evergreenForest,187.3,2019-06-24,1,Negative,Borrelia mayonii,HARV_026.20190624.IXOSCA.N,6,2019
HARV,HARV_026,evergreenForest,187.3,2019-06-24,1,Negative,Ixodes pacificus,HARV_026.20190624.IXOSCA.N,6,2019
HARV,HARV_026,evergreenForest,187.3,2019-06-24,1,Negative,Borrelia mayonii,HARV_026.20190624.IXOSCA.N,6,2019
HARV,HARV_026,evergreenForest,187.3,2019-06-24,1,Negative,Ehrlichia muris-like,HARV_026.20190624.IXOSCA.N,6,2019
HARV,HARV_026,evergreenForest,187.3,2019-06-24,1,Negative,Borrelia miyamotoi,HARV_026.20190624.IXOSCA.N,6,2019
HARV,HARV_026,evergreenForest,187.3,2019-06-24,1,Negative,Ehrlichia muris-like,HARV_026.20190624.IXOSCA.N,6,2019
HARV,HARV_026,evergreenForest,187.3,2019-06-24,1,Negative,Borrelia mayonii,HARV_026.20190624.IXOSCA.N,6,2019
HARV,HARV_026,evergreenForest,187.3,2019-06-24,1,Negative,Anaplasma phagocytophilum,HARV_026.20190624.IXOSCA.N,6,2019
HARV,HARV_026,evergreenForest,187.3,2019-06-24,1,Negative,Borrelia burgdorferi sensu lato,HARV_026.20190624.IXOSCA.N,6,2019
HARV,HARV_026,evergreenForest,187.3,2019-06-24,1,Negative,Borrelia sp.,HARV_026.20190624.IXOSCA.N,6,2019
HARV,HARV_022,evergreenForest,185.9,2019-06-24,1,Positive,Anaplasma phagocytophilum,HARV_022.20190624.IXOSCA.N,6,2019
HARV,HARV_022,evergreenForest,185.9,2019-06-24,1,Negative,Borrelia burgdorferi sensu lato,HARV_022.20190624.IXOSCA.N,6,2019
HARV,HARV_022,evergreenForest,185.9,2019-06-24,1,Negative,Borrelia sp.,HARV_022.20190624.IXOSCA.N,6,2019
HARV,HARV_022,evergreenForest,185.9,2019-06-24,1,Negative,Borrelia mayonii,HARV_022.20190624.IXOSCA.N,6,2019
HARV,HARV_022,evergreenForest,185.9,2019-06-24,1,Positive,Borrelia burgdorferi sensu lato,HARV_022.20190624.IXOSCA.N,6,2019
HARV,HARV_022,evergreenForest,185.9,2019-06-24,1,Negative,Borrelia burgdorferi sensu lato,HARV_022.20190624.IXOSCA.N,6,2019
HARV,HARV_022,evergreenForest,185.9,2019-06-24,1,Negative,Ehrlichia muris-like,HARV_022.20190624.IXOSCA.N,6,2019
HARV,HARV_022,evergreenForest,185.9,2019-06-24,1,Negative,Borrelia sp.,HARV_022.20190624.IXOSCA.N,6,2019
HARV,HARV_022,evergreenForest,185.9,2019-06-24,1,Negative,Ehrlichia muris-like,HARV_022.20190624.IXOSCA.N,6,2019
HARV,HARV_022,evergreenForest,185.9,2019-06-24,1,Negative,Borrelia sp.,HARV_022.20190624.IXOSCA.N,6,2019
HARV,HARV_022,evergreenForest,185.9,2019-06-24,1,Negative,Anaplasma phagocytophilum,HARV_022.20190624.IXOSCA.N,6,2019
HARV,HARV_022,evergreenForest,185.9,2019-06-24,1,Negative,Borrelia mayonii,HARV_022.20190624.IXOSCA.N,6,2019
HARV,HARV_022,evergreenForest,185.9,2019-06-24,1,Negative,Borrelia mayonii,HARV_022.20190624.IXOSCA.N,6,2019
HARV,HARV_022,evergreenForest,185.9,2019-06-24,1,Negative,Borrelia miyamotoi,HARV_022.20190624.IXOSCA.N,6,2019
HARV,HARV_022,evergreenForest,185.9,2019-06-24,1,Negative,Ixodes pacificus,HARV_022.20190624.IXOSCA.N,6,2019
HARV,HARV_022,evergreenForest,185.9,2019-06-24,1,Negative,Anaplasma phagocytophilum,HARV_022.20190624.IXOSCA.N,6,2019
HARV,HARV_022,evergreenForest,185.9,2019-06-24,1,Negative,Ehrlichia muris-like,HARV_022.20190624.IXOSCA.N,6,2019
HARV,HARV_022,evergreenForest,185.9,2019-06-24,1,Negative,Borrelia mayonii,HARV_022.20190624.IXOSCA.N,6,2019
HARV,HARV_022,evergreenForest,185.9,2019-06-24,1,Negative,Borrelia mayonii,HARV_022.20190624.IXOSCA.N,6,2019
HARV,HARV_022,evergreenForest,185.9,2019-06-24,1,Negative,Babesia microti,HARV_022.20190624.IXOSCA.N,6,2019
HARV,HARV_022,evergreenForest,185.9,2019-06-24,1,Negative,Borrelia miyamotoi,HARV_022.20190624.IXOSCA.N,6,2019
HARV,HARV_022,evergreenForest,185.9,2019-06-24,1,Negative,Babesia microti,HARV_022.20190624.IXOSCA.N,6,2019
HARV,HARV_022,evergreenForest,185.9,2019-06-24,1,Negative,Ixodes pacificus,HARV_022.20190624.IXOSCA.N,6,2019
HARV,HARV_022,evergreenForest,185.9,2019-06-24,1,Negative,Borrelia mayonii,HARV_022.20190624.IXOSCA.N,6,2019
HARV,HARV_022,evergreenForest,185.9,2019-06-24,1,Negative,Borrelia sp.,HARV_022.20190624.IXOSCA.N,6,2019
HARV,HARV_022,evergreenForest,185.9,2019-06-24,1,Negative,Babesia microti,HARV_022.20190624.IXOSCA.N,6,2019
HARV,HARV_022,evergreenForest,185.9,2019-06-24,1,Positive,Borrelia burgdorferi sensu lato,HARV_022.20190624.IXOSCA.N,6,2019
HARV,HARV_022,evergreenForest,185.9,2019-06-24,1,Negative,Borrelia miyamotoi,HARV_022.20190624.IXOSCA.N,6,2019
HARV,HARV_022,evergreenForest,185.9,2019-06-24,1,Negative,Anaplasma phagocytophilum,HARV_022.20190624.IXOSCA.N,6,2019
HARV,HARV_022,evergreenForest,185.9,2019-06-24,1,Negative,Babesia microti,HARV_022.20190624.IXOSCA.N,6,2019
HARV,HARV_022,evergreenForest,185.9,2019-06-24,1,Negative,Borrelia miyamotoi,HARV_022.20190624.IXOSCA.N,6,2019
HARV,HARV_022,evergreenForest,185.9,2019-06-24,1,Negative,Ehrlichia muris-like,HARV_022.20190624.IXOSCA.N,6,2019
HARV,HARV_022,evergreenForest,185.9,2019-06-24,1,Negative,Babesia microti,HARV_022.20190624.IXOSCA.N,6,2019
HARV,HARV_022,evergreenForest,185.9,2019-06-24,1,Negative,Borrelia miyamotoi,HARV_022.20190624.IXOSCA.N,6,2019
HARV,HARV_022,evergreenForest,185.9,2019-06-24,1,Negative,Ixodes pacificus,HARV_022.20190624.IXOSCA.N,6,2019
HARV,HARV_022,evergreenForest,185.9,2019-06-24,1,Negative,Borrelia mayonii,HARV_022.20190624.IXOSCA.N,6,2019
HARV,HARV_022,evergreenForest,185.9,2019-06-24,1,Negative,Borrelia mayonii,HARV_022.20190624.IXOSCA.N,6,2019
HARV,HARV_022,evergreenForest,185.9,2019-06-24,1,Negative,Borrelia miyamotoi,HARV_022.20190624.IXOSCA.N,6,2019
HARV,HARV_022,evergreenForest,185.9,2019-06-24,1,Negative,Babesia microti,HARV_022.20190624.IXOSCA.N,6,2019
HARV,HARV_022,evergreenForest,185.9,2019-06-24,1,Negative,Babesia microti,HARV_022.20190624.IXOSCA.N,6,2019
HARV,HARV_022,evergreenForest,185.9,2019-06-24,1,Negative,Borrelia miyamotoi,HARV_022.20190624.IXOSCA.N,6,2019
HARV,HARV_022,evergreenForest,185.9,2019-06-24,1,Negative,Borrelia miyamotoi,HARV_022.20190624.IXOSCA.N,6,2019
HARV,HARV_022,evergreenForest,185.9,2019-06-24,1,Negative,Ehrlichia muris-like,HARV_022.20190624.IXOSCA.N,6,2019
HARV,HARV_022,evergreenForest,185.9,2019-06-24,1,Negative,Borrelia mayonii,HARV_022.20190624.IXOSCA.N,6,2019
HARV,HARV_022,evergreenForest,185.9,2019-06-24,1,Negative,Babesia microti,HARV_022.20190624.IXOSCA.N,6,2019
HARV,HARV_022,evergreenForest,185.9,2019-06-24,1,Negative,Borrelia mayonii,HARV_022.20190624.IXOSCA.N,6,2019
HARV,HARV_022,evergreenForest,185.9,2019-06-24,1,Negative,Borrelia sp.,HARV_022.20190624.IXOSCA.N,6,2019
HARV,HARV_022,evergreenForest,185.9,2019-06-24,1,Negative,Borrelia mayonii,HARV_022.20190624.IXOSCA.N,6,2019
HARV,HARV_022,evergreenForest,185.9,2019-06-24,1,Negative,Borrelia sp.,HARV_022.20190624.IXOSCA.N,6,2019
HARV,HARV_022,evergreenForest,185.9,2019-06-24,1,Negative,Borrelia mayonii,HARV_022.20190624.IXOSCA.N,6,2019
HARV,HARV_022,evergreenForest,185.9,2019-06-24,1,Positive,Borrelia burgdorferi sensu lato,HARV_022.20190624.IXOSCA.N,6,2019
HARV,HARV_022,evergreenForest,185.9,2019-06-24,1,Negative,Borrelia burgdorferi sensu lato,HARV_022.20190624.IXOSCA.N,6,2019
HARV,HARV_022,evergreenForest,185.9,2019-06-24,1,Positive,Borrelia sp.,HARV_022.20190624.IXOSCA.N,6,2019
HARV,HARV_022,evergreenForest,185.9,2019-06-24,1,Negative,Ehrlichia muris-like,HARV_022.20190624.IXOSCA.N,6,2019
HARV,HARV_022,evergreenForest,185.9,2019-06-24,1,Negative,Borrelia burgdorferi sensu lato,HARV_022.20190624.IXOSCA.N,6,2019
HARV,HARV_022,evergreenForest,185.9,2019-06-24,1,Negative,Ixodes pacificus,HARV_022.20190624.IXOSCA.N,6,2019
HARV,HARV_022,evergreenForest,185.9,2019-06-24,1,Negative,Ehrlichia muris-like,HARV_022.20190624.IXOSCA.N,6,2019
HARV,HARV_022,evergreenForest,185.9,2019-06-24,1,Negative,Ehrlichia muris-like,HARV_022.20190624.IXOSCA.N,6,2019
HARV,HARV_022,evergreenForest,185.9,2019-06-24,1,Negative,Babesia microti,HARV_022.20190624.IXOSCA.N,6,2019
HARV,HARV_022,evergreenForest,185.9,2019-06-24,1,Negative,Babesia microti,HARV_022.20190624.IXOSCA.N,6,2019
HARV,HARV_022,evergreenForest,185.9,2019-06-24,1,Negative,Babesia microti,HARV_022.20190624.IXOSCA.N,6,2019
HARV,HARV_022,evergreenForest,185.9,2019-06-24,1,Negative,Borrelia miyamotoi,HARV_022.20190624.IXOSCA.N,6,2019
HARV,HARV_022,evergreenForest,185.9,2019-06-24,1,Negative,Ehrlichia muris-like,HARV_022.20190624.IXOSCA.N,6,2019
HARV,HARV_022,evergreenForest,185.9,2019-06-24,1,Positive,Borrelia burgdorferi sensu lato,HARV_022.20190624.IXOSCA.N,6,2019
HARV,HARV_022,evergreenForest,185.9,2019-06-24,1,Negative,Ehrlichia muris-like,HARV_022.20190624.IXOSCA.N,6,2019
HARV,HARV_022,evergreenForest,185.9,2019-06-24,1,Negative,Ehrlichia muris-like,HARV_022.20190624.IXOSCA.N,6,2019
HARV,HARV_022,evergreenForest,185.9,2019-06-24,1,Negative,Ehrlichia muris-like,HARV_022.20190624.IXOSCA.N,6,2019
HARV,HARV_022,evergreenForest,185.9,2019-06-24,1,Negative,Anaplasma phagocytophilum,HARV_022.20190624.IXOSCA.N,6,2019
HARV,HARV_022,evergreenForest,185.9,2019-06-24,1,Negative,Ehrlichia muris-like,HARV_022.20190624.IXOSCA.N,6,2019
HARV,HARV_022,evergreenForest,185.9,2019-06-24,1,Negative,Ixodes pacificus,HARV_022.20190624.IXOSCA.N,6,2019
HARV,HARV_022,evergreenForest,185.9,2019-06-24,1,Negative,Babesia microti,HARV_022.20190624.IXOSCA.N,6,2019
HARV,HARV_022,evergreenForest,185.9,2019-06-24,1,Negative,Borrelia sp.,HARV_022.20190624.IXOSCA.N,6,2019
HARV,HARV_022,evergreenForest,185.9,2019-06-24,1,Negative,Borrelia mayonii,HARV_022.20190624.IXOSCA.N,6,2019
HARV,HARV_022,evergreenForest,185.9,2019-06-24,1,Negative,Borrelia mayonii,HARV_022.20190624.IXOSCA.N,6,2019
HARV,HARV_022,evergreenForest,185.9,2019-06-24,1,Positive,Babesia microti,HARV_022.20190624.IXOSCA.N,6,2019
HARV,HARV_022,evergreenForest,185.9,2019-06-24,1,Positive,Anaplasma phagocytophilum,HARV_022.20190624.IXOSCA.N,6,2019
HARV,HARV_022,evergreenForest,185.9,2019-06-24,1,Negative,Ixodes pacificus,HARV_022.20190624.IXOSCA.N,6,2019
HARV,HARV_022,evergreenForest,185.9,2019-06-24,1,Negative,Borrelia miyamotoi,HARV_022.20190624.IXOSCA.N,6,2019
HARV,HARV_022,evergreenForest,185.9,2019-06-24,1,Negative,Babesia microti,HARV_022.20190624.IXOSCA.N,6,2019
HARV,HARV_022,evergreenForest,185.9,2019-06-24,1,Negative,Borrelia burgdorferi sensu lato,HARV_022.20190624.IXOSCA.N,6,2019
HARV,HARV_022,evergreenForest,185.9,2019-06-24,1,Negative,Ixodes pacificus,HARV_022.20190624.IXOSCA.N,6,2019
HARV,HARV_022,evergreenForest,185.9,2019-06-24,1,Negative,Borrelia sp.,HARV_022.20190624.IXOSCA.N,6,2019
HARV,HARV_022,evergreenForest,185.9,2019-06-24,1,Negative,Borrelia sp.,HARV_022.20190624.IXOSCA.N,6,2019
HARV,HARV_022,evergreenForest,185.9,2019-06-24,1,Negative,Anaplasma phagocytophilum,HARV_022.20190624.IXOSCA.N,6,2019
HARV,HARV_022,evergreenForest,185.9,2019-06-24,1,Negative,Borrelia miyamotoi,HARV_022.20190624.IXOSCA.N,6,2019
HARV,HARV_022,evergreenForest,185.9,2019-06-24,1,Negative,Borrelia mayonii,HARV_022.20190624.IXOSCA.N,6,2019
HARV,HARV_022,evergreenForest,185.9,2019-06-24,1,Negative,Ixodes pacificus,HARV_022.20190624.IXOSCA.N,6,2019
HARV,HARV_022,evergreenForest,185.9,2019-06-24,1,Negative,Ixodes pacificus,HARV_022.20190624.IXOSCA.N,6,2019
HARV,HARV_022,evergreenForest,185.9,2019-06-24,1,Negative,Anaplasma phagocytophilum,HARV_022.20190624.IXOSCA.N,6,2019
HARV,HARV_022,evergreenForest,185.9,2019-06-24,1,Negative,Anaplasma phagocytophilum,HARV_022.20190624.IXOSCA.N,6,2019
HARV,HARV_022,evergreenForest,185.9,2019-06-24,1,Negative,Ixodes pacificus,HARV_022.20190624.IXOSCA.N,6,2019
HARV,HARV_022,evergreenForest,185.9,2019-06-24,1,Negative,Borrelia miyamotoi,HARV_022.20190624.IXOSCA.N,6,2019
HARV,HARV_022,evergreenForest,185.9,2019-06-24,1,Negative,Ehrlichia muris-like,HARV_022.20190624.IXOSCA.N,6,2019
HARV,HARV_022,evergreenForest,185.9,2019-06-24,1,Negative,Borrelia miyamotoi,HARV_022.20190624.IXOSCA.N,6,2019
HARV,HARV_022,evergreenForest,185.9,2019-06-24,1,Negative,Ixodes pacificus,HARV_022.20190624.IXOSCA.N,6,2019
HARV,HARV_022,evergreenForest,185.9,2019-06-24,1,Positive,Borrelia sp.,HARV_022.20190624.IXOSCA.N,6,2019
HARV,HARV_022,evergreenForest,185.9,2019-06-24,1,Negative,Anaplasma phagocytophilum,HARV_022.20190624.IXOSCA.N,6,2019
HARV,HARV_022,evergreenForest,185.9,2019-06-24,1,Negative,Ixodes pacificus,HARV_022.20190624.IXOSCA.N,6,2019
HARV,HARV_022,evergreenForest,185.9,2019-06-24,1,Negative,Borrelia burgdorferi sensu lato,HARV_022.20190624.IXOSCA.N,6,2019
HARV,HARV_022,evergreenForest,185.9,2019-06-24,1,Positive,Borrelia burgdorferi sensu lato,HARV_022.20190624.IXOSCA.N,6,2019
HARV,HARV_022,evergreenForest,185.9,2019-06-24,1,Negative,Anaplasma phagocytophilum,HARV_022.20190624.IXOSCA.N,6,2019
HARV,HARV_022,evergreenForest,185.9,2019-06-24,1,Positive,Borrelia sp.,HARV_022.20190624.IXOSCA.N,6,2019
HARV,HARV_022,evergreenForest,185.9,2019-06-24,1,Negative,Ehrlichia muris-like,HARV_022.20190624.IXOSCA.N,6,2019
HARV,HARV_022,evergreenForest,185.9,2019-06-24,1,Negative,Borrelia burgdorferi sensu lato,HARV_022.20190624.IXOSCA.N,6,2019
HARV,HARV_022,evergreenForest,185.9,2019-06-24,1,Negative,Borrelia miyamotoi,HARV_022.20190624.IXOSCA.N,6,2019
HARV,HARV_022,evergreenForest,185.9,2019-06-24,1,Negative,Ixodes pacificus,HARV_022.20190624.IXOSCA.N,6,2019
HARV,HARV_022,evergreenForest,185.9,2019-06-24,1,Negative,Babesia microti,HARV_022.20190624.IXOSCA.N,6,2019
HARV,HARV_022,evergreenForest,185.9,2019-06-24,1,Negative,Borrelia miyamotoi,HARV_022.20190624.IXOSCA.N,6,2019
HARV,HARV_022,evergreenForest,185.9,2019-06-24,1,Negative,Ixodes pacificus,HARV_022.20190624.IXOSCA.N,6,2019
HARV,HARV_022,evergreenForest,185.9,2019-06-24,1,Positive,Borrelia burgdorferi sensu lato,HARV_022.20190624.IXOSCA.N,6,2019
HARV,HARV_022,evergreenForest,185.9,2019-06-24,1,Negative,Anaplasma phagocytophilum,HARV_022.20190624.IXOSCA.N,6,2019
HARV,HARV_022,evergreenForest,185.9,2019-06-24,1,Negative,Borrelia burgdorferi sensu lato,HARV_022.20190624.IXOSCA.N,6,2019
HARV,HARV_022,evergreenForest,185.9,2019-06-24,1,Negative,Borrelia mayonii,HARV_022.20190624.IXOSCA.N,6,2019
HARV,HARV_022,evergreenForest,185.9,2019-06-24,1,Negative,Borrelia miyamotoi,HARV_022.20190624.IXOSCA.N,6,2019
HARV,HARV_022,evergreenForest,185.9,2019-06-24,1,Negative,Ehrlichia muris-like,HARV_022.20190624.IXOSCA.N,6,2019
HARV,HARV_022,evergreenForest,185.9,2019-06-24,1,Negative,Borrelia burgdorferi sensu lato,HARV_022.20190624.IXOSCA.N,6,2019
HARV,HARV_022,evergreenForest,185.9,2019-06-24,1,Positive,Borrelia sp.,HARV_022.20190624.IXOSCA.N,6,2019
HARV,HARV_022,evergreenForest,185.9,2019-06-24,1,Negative,Anaplasma phagocytophilum,HARV_022.20190624.IXOSCA.N,6,2019
HARV,HARV_022,evergreenForest,185.9,2019-06-24,1,Negative,Ehrlichia muris-like,HARV_022.20190624.IXOSCA.N,6,2019
HARV,HARV_022,evergreenForest,185.9,2019-06-24,1,Negative,Babesia microti,HARV_022.20190624.IXOSCA.N,6,2019
HARV,HARV_022,evergreenForest,185.9,2019-06-24,1,Negative,Ehrlichia muris-like,HARV_022.20190624.IXOSCA.N,6,2019
HARV,HARV_022,evergreenForest,185.9,2019-06-24,1,Negative,Ixodes pacificus,HARV_022.20190624.IXOSCA.N,6,2019
HARV,HARV_022,evergreenForest,185.9,2019-06-24,1,Negative,Borrelia mayonii,HARV_022.20190624.IXOSCA.N,6,2019
HARV,HARV_022,evergreenForest,185.9,2019-06-24,1,Negative,Borrelia mayonii,HARV_022.20190624.IXOSCA.N,6,2019
HARV,HARV_022,evergreenForest,185.9,2019-06-24,1,Negative,Borrelia miyamotoi,HARV_022.20190624.IXOSCA.N,6,2019
HARV,HARV_022,evergreenForest,185.9,2019-06-24,1,Negative,Anaplasma phagocytophilum,HARV_022.20190624.IXOSCA.N,6,2019
HARV,HARV_022,evergreenForest,185.9,2019-06-24,1,Negative,Borrelia burgdorferi sensu lato,HARV_022.20190624.IXOSCA.N,6,2019
HARV,HARV_022,evergreenForest,185.9,2019-06-24,1,Negative,Ixodes pacificus,HARV_022.20190624.IXOSCA.N,6,2019
HARV,HARV_022,evergreenForest,185.9,2019-06-24,1,Negative,Ixodes pacificus,HARV_022.20190624.IXOSCA.N,6,2019
HARV,HARV_022,evergreenForest,185.9,2019-06-24,1,Negative,Ehrlichia muris-like,HARV_022.20190624.IXOSCA.N,6,2019
HARV,HARV_022,evergreenForest,185.9,2019-06-24,1,Negative,Babesia microti,HARV_022.20190624.IXOSCA.N,6,2019
HARV,HARV_022,evergreenForest,185.9,2019-06-24,1,Negative,Borrelia miyamotoi,HARV_022.20190624.IXOSCA.N,6,2019
HARV,HARV_022,evergreenForest,185.9,2019-06-24,1,Negative,Borrelia mayonii,HARV_022.20190624.IXOSCA.N,6,2019
HARV,HARV_022,evergreenForest,185.9,2019-06-24,1,Negative,Anaplasma phagocytophilum,HARV_022.20190624.IXOSCA.N,6,2019
HARV,HARV_022,evergreenForest,185.9,2019-06-24,1,Negative,Babesia microti,HARV_022.20190624.IXOSCA.N,6,2019
HARV,HARV_022,evergreenForest,185.9,2019-06-24,1,Positive,Anaplasma phagocytophilum,HARV_022.20190624.IXOSCA.N,6,2019
HARV,HARV_022,evergreenForest,185.9,2019-06-24,1,Negative,Borrelia sp.,HARV_022.20190624.IXOSCA.N,6,2019
HARV,HARV_022,evergreenForest,185.9,2019-06-24,1,Negative,Anaplasma phagocytophilum,HARV_022.20190624.IXOSCA.N,6,2019
HARV,HARV_022,evergreenForest,185.9,2019-06-24,1,Negative,Anaplasma phagocytophilum,HARV_022.20190624.IXOSCA.N,6,2019
HARV,HARV_022,evergreenForest,185.9,2019-06-24,1,Positive,Borrelia sp.,HARV_022.20190624.IXOSCA.N,6,2019
HARV,HARV_022,evergreenForest,185.9,2019-06-24,1,Negative,Borrelia sp.,HARV_022.20190624.IXOSCA.N,6,2019
HARV,HARV_022,evergreenForest,185.9,2019-06-24,1,Negative,Borrelia sp.,HARV_022.20190624.IXOSCA.N,6,2019
HARV,HARV_022,evergreenForest,185.9,2019-06-24,1,Negative,Anaplasma phagocytophilum,HARV_022.20190624.IXOSCA.N,6,2019
HARV,HARV_022,evergreenForest,185.9,2019-06-24,1,Negative,Babesia microti,HARV_022.20190624.IXOSCA.N,6,2019
HARV,HARV_022,evergreenForest,185.9,2019-06-24,1,Negative,Anaplasma phagocytophilum,HARV_022.20190624.IXOSCA.N,6,2019
HARV,HARV_022,evergreenForest,185.9,2019-06-24,1,Negative,Borrelia sp.,HARV_022.20190624.IXOSCA.N,6,2019
HARV,HARV_022,evergreenForest,185.9,2019-06-24,1,Negative,Borrelia sp.,HARV_022.20190624.IXOSCA.N,6,2019
HARV,HARV_022,evergreenForest,185.9,2019-06-24,1,Negative,Ixodes pacificus,HARV_022.20190624.IXOSCA.N,6,2019
HARV,HARV_022,evergreenForest,185.9,2019-06-24,1,Negative,Borrelia burgdorferi sensu lato,HARV_022.20190624.IXOSCA.N,6,2019
HARV,HARV_022,evergreenForest,185.9,2019-06-24,1,Negative,Borrelia burgdorferi sensu lato,HARV_022.20190624.IXOSCA.N,6,2019
HARV,HARV_022,evergreenForest,185.9,2019-06-24,1,Negative,Borrelia burgdorferi sensu lato,HARV_022.20190624.IXOSCA.N,6,2019
HARV,HARV_022,evergreenForest,185.9,2019-06-24,1,Negative,Borrelia miyamotoi,HARV_022.20190624.IXOSCA.N,6,2019
HARV,HARV_022,evergreenForest,185.9,2019-06-24,1,Negative,Ehrlichia muris-like,HARV_022.20190624.IXOSCA.N,6,2019
HARV,HARV_022,evergreenForest,185.9,2019-06-24,1,Negative,Ixodes pacificus,HARV_022.20190624.IXOSCA.N,6,2019
HARV,HARV_022,evergreenForest,185.9,2019-06-24,1,Negative,Babesia microti,HARV_022.20190624.IXOSCA.N,6,2019
HARV,HARV_022,evergreenForest,185.9,2019-06-24,1,Negative,Borrelia mayonii,HARV_022.20190624.IXOSCA.N,6,2019
HARV,HARV_022,evergreenForest,185.9,2019-06-24,1,Positive,Borrelia sp.,HARV_022.20190624.IXOSCA.N,6,2019
HARV,HARV_022,evergreenForest,185.9,2019-06-24,1,Negative,Borrelia miyamotoi,HARV_022.20190624.IXOSCA.N,6,2019
HARV,HARV_022,evergreenForest,185.9,2019-06-24,1,Negative,Borrelia burgdorferi sensu lato,HARV_022.20190624.IXOSCA.N,6,2019
HARV,HARV_022,evergreenForest,185.9,2019-06-24,1,Negative,Ixodes pacificus,HARV_022.20190624.IXOSCA.N,6,2019
HARV,HARV_006,deciduousForest,190.8,2019-07-15,1,Negative,Anaplasma phagocytophilum,HARV_006.20190715.IXOSCA.N,7,2019
HARV,HARV_006,deciduousForest,190.8,2019-07-15,1,Negative,Ixodes pacificus,HARV_006.20190715.IXOSCA.N,7,2019
HARV,HARV_006,deciduousForest,190.8,2019-07-15,1,Negative,Borrelia miyamotoi,HARV_006.20190715.IXOSCA.N,7,2019
HARV,HARV_006,deciduousForest,190.8,2019-07-15,1,Negative,Babesia microti,HARV_006.20190715.IXOSCA.N,7,2019
HARV,HARV_006,deciduousForest,190.8,2019-07-15,1,Negative,Babesia microti,HARV_006.20190715.IXOSCA.N,7,2019
HARV,HARV_006,deciduousForest,190.8,2019-07-15,1,Negative,Borrelia sp.,HARV_006.20190715.IXOSCA.N,7,2019
HARV,HARV_006,deciduousForest,190.8,2019-07-15,1,Negative,Borrelia mayonii,HARV_006.20190715.IXOSCA.N,7,2019
HARV,HARV_006,deciduousForest,190.8,2019-07-15,1,Negative,Ehrlichia muris-like,HARV_006.20190715.IXOSCA.N,7,2019
HARV,HARV_006,deciduousForest,190.8,2019-07-15,1,Negative,Borrelia sp.,HARV_006.20190715.IXOSCA.N,7,2019
HARV,HARV_006,deciduousForest,190.8,2019-07-15,1,Negative,Ixodes pacificus,HARV_006.20190715.IXOSCA.N,7,2019
HARV,HARV_006,deciduousForest,190.8,2019-07-15,1,Negative,Anaplasma phagocytophilum,HARV_006.20190715.IXOSCA.N,7,2019
HARV,HARV_006,deciduousForest,190.8,2019-07-15,1,Negative,Borrelia mayonii,HARV_006.20190715.IXOSCA.N,7,2019
HARV,HARV_006,deciduousForest,190.8,2019-07-15,1,Negative,Ehrlichia muris-like,HARV_006.20190715.IXOSCA.N,7,2019
HARV,HARV_006,deciduousForest,190.8,2019-07-15,1,Negative,Borrelia sp.,HARV_006.20190715.IXOSCA.N,7,2019
HARV,HARV_006,deciduousForest,190.8,2019-07-15,1,Negative,Borrelia mayonii,HARV_006.20190715.IXOSCA.N,7,2019
HARV,HARV_006,deciduousForest,190.8,2019-07-15,1,Negative,Borrelia mayonii,HARV_006.20190715.IXOSCA.N,7,2019
HARV,HARV_006,deciduousForest,190.8,2019-07-15,1,Negative,Borrelia miyamotoi,HARV_006.20190715.IXOSCA.N,7,2019
HARV,HARV_006,deciduousForest,190.8,2019-07-15,1,Negative,Borrelia burgdorferi sensu lato,HARV_006.20190715.IXOSCA.N,7,2019
HARV,HARV_006,deciduousForest,190.8,2019-07-15,1,Negative,Ehrlichia muris-like,HARV_006.20190715.IXOSCA.N,7,2019
HARV,HARV_006,deciduousForest,190.8,2019-07-15,1,Negative,Borrelia burgdorferi sensu lato,HARV_006.20190715.IXOSCA.N,7,2019
HARV,HARV_006,deciduousForest,190.8,2019-07-15,1,Negative,Borrelia burgdorferi sensu lato,HARV_006.20190715.IXOSCA.N,7,2019
HARV,HARV_006,deciduousForest,190.8,2019-07-15,1,Negative,Anaplasma phagocytophilum,HARV_006.20190715.IXOSCA.N,7,2019
HARV,HARV_006,deciduousForest,190.8,2019-07-15,1,Negative,Borrelia mayonii,HARV_006.20190715.IXOSCA.N,7,2019
HARV,HARV_006,deciduousForest,190.8,2019-07-15,1,Negative,Borrelia burgdorferi sensu lato,HARV_006.20190715.IXOSCA.N,7,2019
HARV,HARV_006,deciduousForest,190.8,2019-07-15,1,Negative,Ixodes pacificus,HARV_006.20190715.IXOSCA.N,7,2019
HARV,HARV_006,deciduousForest,190.8,2019-07-15,1,Negative,Babesia microti,HARV_006.20190715.IXOSCA.N,7,2019
HARV,HARV_006,deciduousForest,190.8,2019-07-15,1,Negative,Ixodes pacificus,HARV_006.20190715.IXOSCA.N,7,2019
HARV,HARV_006,deciduousForest,190.8,2019-07-15,1,Negative,Borrelia burgdorferi sensu lato,HARV_006.20190715.IXOSCA.N,7,2019
HARV,HARV_006,deciduousForest,190.8,2019-07-15,1,Negative,Babesia microti,HARV_006.20190715.IXOSCA.N,7,2019
HARV,HARV_006,deciduousForest,190.8,2019-07-15,1,Negative,Babesia microti,HARV_006.20190715.IXOSCA.N,7,2019
HARV,HARV_006,deciduousForest,190.8,2019-07-15,1,Negative,Ixodes pacificus,HARV_006.20190715.IXOSCA.N,7,2019
HARV,HARV_006,deciduousForest,190.8,2019-07-15,1,Negative,Babesia microti,HARV_006.20190715.IXOSCA.N,7,2019
HARV,HARV_006,deciduousForest,190.8,2019-07-15,1,Negative,Anaplasma phagocytophilum,HARV_006.20190715.IXOSCA.N,7,2019
HARV,HARV_006,deciduousForest,190.8,2019-07-15,1,Negative,Anaplasma phagocytophilum,HARV_006.20190715.IXOSCA.N,7,2019
HARV,HARV_006,deciduousForest,190.8,2019-07-15,1,Negative,Borrelia sp.,HARV_006.20190715.IXOSCA.N,7,2019
HARV,HARV_006,deciduousForest,190.8,2019-07-15,1,Negative,Borrelia miyamotoi,HARV_006.20190715.IXOSCA.N,7,2019
HARV,HARV_006,deciduousForest,190.8,2019-07-15,1,Negative,Ehrlichia muris-like,HARV_006.20190715.IXOSCA.N,7,2019
HARV,HARV_006,deciduousForest,190.8,2019-07-15,1,Negative,Ixodes pacificus,HARV_006.20190715.IXOSCA.N,7,2019
HARV,HARV_006,deciduousForest,190.8,2019-07-15,1,Negative,Borrelia miyamotoi,HARV_006.20190715.IXOSCA.N,7,2019
HARV,HARV_006,deciduousForest,190.8,2019-07-15,1,Negative,Borrelia miyamotoi,HARV_006.20190715.IXOSCA.N,7,2019
HARV,HARV_006,deciduousForest,190.8,2019-07-15,1,Negative,Borrelia mayonii,HARV_006.20190715.IXOSCA.N,7,2019
HARV,HARV_006,deciduousForest,190.8,2019-07-15,1,Negative,Borrelia sp.,HARV_006.20190715.IXOSCA.N,7,2019
HARV,HARV_006,deciduousForest,190.8,2019-07-15,1,Negative,Borrelia sp.,HARV_006.20190715.IXOSCA.N,7,2019
HARV,HARV_006,deciduousForest,190.8,2019-07-15,1,Negative,Borrelia burgdorferi sensu lato,HARV_006.20190715.IXOSCA.N,7,2019
HARV,HARV_006,deciduousForest,190.8,2019-07-15,1,Negative,Borrelia miyamotoi,HARV_006.20190715.IXOSCA.N,7,2019
HARV,HARV_006,deciduousForest,190.8,2019-07-15,1,Negative,Ehrlichia muris-like,HARV_006.20190715.IXOSCA.N,7,2019
HARV,HARV_006,deciduousForest,190.8,2019-07-15,1,Negative,Ehrlichia muris-like,HARV_006.20190715.IXOSCA.N,7,2019
HARV,HARV_006,deciduousForest,190.8,2019-07-15,1,Negative,Anaplasma phagocytophilum,HARV_006.20190715.IXOSCA.N,7,2019
HARV,HARV_026,evergreenForest,187.3,2019-07-15,1,Negative,Borrelia burgdorferi sensu lato,HARV_026.20190715.IXOSCA.N,7,2019
HARV,HARV_026,evergreenForest,187.3,2019-07-15,1,Negative,Ehrlichia muris-like,HARV_026.20190715.IXOSCA.N,7,2019
HARV,HARV_026,evergreenForest,187.3,2019-07-15,1,Negative,Ixodes pacificus,HARV_026.20190715.IXOSCA.N,7,2019
HARV,HARV_026,evergreenForest,187.3,2019-07-15,1,Negative,Borrelia miyamotoi,HARV_026.20190715.IXOSCA.N,7,2019
HARV,HARV_026,evergreenForest,187.3,2019-07-15,1,Negative,Borrelia mayonii,HARV_026.20190715.IXOSCA.N,7,2019
HARV,HARV_026,evergreenForest,187.3,2019-07-15,1,Negative,Borrelia mayonii,HARV_026.20190715.IXOSCA.N,7,2019
HARV,HARV_026,evergreenForest,187.3,2019-07-15,1,Negative,Ehrlichia muris-like,HARV_026.20190715.IXOSCA.N,7,2019
HARV,HARV_026,evergreenForest,187.3,2019-07-15,1,Negative,Babesia microti,HARV_026.20190715.IXOSCA.N,7,2019
HARV,HARV_026,evergreenForest,187.3,2019-07-15,1,Negative,Ehrlichia muris-like,HARV_026.20190715.IXOSCA.N,7,2019
HARV,HARV_026,evergreenForest,187.3,2019-07-15,1,Negative,Babesia microti,HARV_026.20190715.IXOSCA.N,7,2019
HARV,HARV_026,evergreenForest,187.3,2019-07-15,1,Negative,Borrelia burgdorferi sensu lato,HARV_026.20190715.IXOSCA.N,7,2019
HARV,HARV_026,evergreenForest,187.3,2019-07-15,1,Negative,Borrelia sp.,HARV_026.20190715.IXOSCA.N,7,2019
HARV,HARV_026,evergreenForest,187.3,2019-07-15,1,Negative,Borrelia miyamotoi,HARV_026.20190715.IXOSCA.N,7,2019
HARV,HARV_026,evergreenForest,187.3,2019-07-15,1,Negative,Ehrlichia muris-like,HARV_026.20190715.IXOSCA.N,7,2019
HARV,HARV_026,evergreenForest,187.3,2019-07-15,1,Negative,Anaplasma phagocytophilum,HARV_026.20190715.IXOSCA.N,7,2019
HARV,HARV_026,evergreenForest,187.3,2019-07-15,1,Negative,Borrelia mayonii,HARV_026.20190715.IXOSCA.N,7,2019
HARV,HARV_026,evergreenForest,187.3,2019-07-15,1,Negative,Ixodes pacificus,HARV_026.20190715.IXOSCA.N,7,2019
HARV,HARV_026,evergreenForest,187.3,2019-07-15,1,Negative,Ixodes pacificus,HARV_026.20190715.IXOSCA.N,7,2019
HARV,HARV_026,evergreenForest,187.3,2019-07-15,1,Negative,Babesia microti,HARV_026.20190715.IXOSCA.N,7,2019
HARV,HARV_026,evergreenForest,187.3,2019-07-15,1,Negative,Borrelia sp.,HARV_026.20190715.IXOSCA.N,7,2019
HARV,HARV_026,evergreenForest,187.3,2019-07-15,1,Negative,Borrelia miyamotoi,HARV_026.20190715.IXOSCA.N,7,2019
HARV,HARV_026,evergreenForest,187.3,2019-07-15,1,Positive,Borrelia sp.,HARV_026.20190715.IXOSCA.N,7,2019
HARV,HARV_026,evergreenForest,187.3,2019-07-15,1,Negative,Anaplasma phagocytophilum,HARV_026.20190715.IXOSCA.N,7,2019
HARV,HARV_026,evergreenForest,187.3,2019-07-15,1,Positive,Borrelia burgdorferi sensu lato,HARV_026.20190715.IXOSCA.N,7,2019
HARV,HARV_026,evergreenForest,187.3,2019-07-15,1,Negative,Anaplasma phagocytophilum,HARV_026.20190715.IXOSCA.N,7,2019
HARV,HARV_026,evergreenForest,187.3,2019-07-15,1,Negative,Anaplasma phagocytophilum,HARV_026.20190715.IXOSCA.N,7,2019
HARV,HARV_026,evergreenForest,187.3,2019-07-15,1,Negative,Borrelia sp.,HARV_026.20190715.IXOSCA.N,7,2019
HARV,HARV_026,evergreenForest,187.3,2019-07-15,1,Negative,Ixodes pacificus,HARV_026.20190715.IXOSCA.N,7,2019
HARV,HARV_026,evergreenForest,187.3,2019-07-15,1,Negative,Borrelia mayonii,HARV_026.20190715.IXOSCA.N,7,2019
HARV,HARV_026,evergreenForest,187.3,2019-07-15,1,Negative,Babesia microti,HARV_026.20190715.IXOSCA.N,7,2019
HARV,HARV_026,evergreenForest,187.3,2019-07-15,1,Negative,Borrelia burgdorferi sensu lato,HARV_026.20190715.IXOSCA.N,7,2019
HARV,HARV_026,evergreenForest,187.3,2019-07-15,1,Negative,Borrelia miyamotoi,HARV_026.20190715.IXOSCA.N,7,2019
HARV,HARV_022,evergreenForest,185.9,2019-07-16,1,Negative,Borrelia sp.,HARV_022.20190716.IXOSCA.N,7,2019
HARV,HARV_022,evergreenForest,185.9,2019-07-16,1,Negative,Babesia microti,HARV_022.20190716.IXOSCA.N,7,2019
HARV,HARV_022,evergreenForest,185.9,2019-07-16,1,Negative,Borrelia mayonii,HARV_022.20190716.IXOSCA.N,7,2019
HARV,HARV_022,evergreenForest,185.9,2019-07-16,1,Negative,Borrelia burgdorferi sensu lato,HARV_022.20190716.IXOSCA.N,7,2019
HARV,HARV_022,evergreenForest,185.9,2019-07-16,1,Negative,Ehrlichia muris-like,HARV_022.20190716.IXOSCA.N,7,2019
HARV,HARV_022,evergreenForest,185.9,2019-07-16,1,Negative,Ehrlichia muris-like,HARV_022.20190716.IXOSCA.N,7,2019
HARV,HARV_022,evergreenForest,185.9,2019-07-16,1,Negative,Borrelia mayonii,HARV_022.20190716.IXOSCA.N,7,2019
HARV,HARV_022,evergreenForest,185.9,2019-07-16,1,Negative,Anaplasma phagocytophilum,HARV_022.20190716.IXOSCA.N,7,2019
HARV,HARV_022,evergreenForest,185.9,2019-07-16,1,Negative,Borrelia miyamotoi,HARV_022.20190716.IXOSCA.N,7,2019
HARV,HARV_022,evergreenForest,185.9,2019-07-16,1,Negative,Babesia microti,HARV_022.20190716.IXOSCA.N,7,2019
HARV,HARV_022,evergreenForest,185.9,2019-07-16,1,Negative,Borrelia burgdorferi sensu lato,HARV_022.20190716.IXOSCA.N,7,2019
HARV,HARV_022,evergreenForest,185.9,2019-07-16,1,Negative,Babesia microti,HARV_022.20190716.IXOSCA.N,7,2019
HARV,HARV_022,evergreenForest,185.9,2019-07-16,1,Negative,Borrelia mayonii,HARV_022.20190716.IXOSCA.N,7,2019
HARV,HARV_022,evergreenForest,185.9,2019-07-16,1,Negative,Anaplasma phagocytophilum,HARV_022.20190716.IXOSCA.N,7,2019
HARV,HARV_022,evergreenForest,185.9,2019-07-16,1,Negative,Ehrlichia muris-like,HARV_022.20190716.IXOSCA.N,7,2019
HARV,HARV_022,evergreenForest,185.9,2019-07-16,1,Negative,Ehrlichia muris-like,HARV_022.20190716.IXOSCA.N,7,2019
HARV,HARV_022,evergreenForest,185.9,2019-07-16,1,Negative,Borrelia burgdorferi sensu lato,HARV_022.20190716.IXOSCA.N,7,2019
HARV,HARV_022,evergreenForest,185.9,2019-07-16,1,Negative,Ixodes pacificus,HARV_022.20190716.IXOSCA.N,7,2019
HARV,HARV_022,evergreenForest,185.9,2019-07-16,1,Negative,Borrelia miyamotoi,HARV_022.20190716.IXOSCA.N,7,2019
HARV,HARV_022,evergreenForest,185.9,2019-07-16,1,Negative,Borrelia mayonii,HARV_022.20190716.IXOSCA.N,7,2019
HARV,HARV_022,evergreenForest,185.9,2019-07-16,1,Negative,Ixodes pacificus,HARV_022.20190716.IXOSCA.N,7,2019
HARV,HARV_022,evergreenForest,185.9,2019-07-16,1,Negative,Borrelia burgdorferi sensu lato,HARV_022.20190716.IXOSCA.N,7,2019
HARV,HARV_022,evergreenForest,185.9,2019-07-16,1,Negative,Borrelia sp.,HARV_022.20190716.IXOSCA.N,7,2019
HARV,HARV_022,evergreenForest,185.9,2019-07-16,1,Positive,Borrelia sp.,HARV_022.20190716.IXOSCA.N,7,2019
HARV,HARV_022,evergreenForest,185.9,2019-07-16,1,Negative,Borrelia miyamotoi,HARV_022.20190716.IXOSCA.N,7,2019
HARV,HARV_022,evergreenForest,185.9,2019-07-16,1,Positive,Babesia microti,HARV_022.20190716.IXOSCA.N,7,2019
HARV,HARV_022,evergreenForest,185.9,2019-07-16,1,Negative,Borrelia miyamotoi,HARV_022.20190716.IXOSCA.N,7,2019
HARV,HARV_022,evergreenForest,185.9,2019-07-16,1,Positive,Borrelia sp.,HARV_022.20190716.IXOSCA.N,7,2019
HARV,HARV_022,evergreenForest,185.9,2019-07-16,1,Negative,Anaplasma phagocytophilum,HARV_022.20190716.IXOSCA.N,7,2019
HARV,HARV_022,evergreenForest,185.9,2019-07-16,1,Negative,Borrelia mayonii,HARV_022.20190716.IXOSCA.N,7,2019
HARV,HARV_022,evergreenForest,185.9,2019-07-16,1,Positive,Borrelia burgdorferi sensu lato,HARV_022.20190716.IXOSCA.N,7,2019
HARV,HARV_022,evergreenForest,185.9,2019-07-16,1,Negative,Borrelia burgdorferi sensu lato,HARV_022.20190716.IXOSCA.N,7,2019
HARV,HARV_022,evergreenForest,185.9,2019-07-16,1,Negative,Babesia microti,HARV_022.20190716.IXOSCA.N,7,2019
HARV,HARV_022,evergreenForest,185.9,2019-07-16,1,Positive,Borrelia burgdorferi sensu lato,HARV_022.20190716.IXOSCA.N,7,2019
HARV,HARV_022,evergreenForest,185.9,2019-07-16,1,Negative,Borrelia sp.,HARV_022.20190716.IXOSCA.N,7,2019
HARV,HARV_022,evergreenForest,185.9,2019-07-16,1,Negative,Anaplasma phagocytophilum,HARV_022.20190716.IXOSCA.N,7,2019
HARV,HARV_022,evergreenForest,185.9,2019-07-16,1,Negative,Ehrlichia muris-like,HARV_022.20190716.IXOSCA.N,7,2019
HARV,HARV_022,evergreenForest,185.9,2019-07-16,1,Negative,Borrelia sp.,HARV_022.20190716.IXOSCA.N,7,2019
HARV,HARV_022,evergreenForest,185.9,2019-07-16,1,Negative,Ixodes pacificus,HARV_022.20190716.IXOSCA.N,7,2019
HARV,HARV_022,evergreenForest,185.9,2019-07-16,1,Negative,Borrelia mayonii,HARV_022.20190716.IXOSCA.N,7,2019
HARV,HARV_022,evergreenForest,185.9,2019-07-16,1,Negative,Borrelia mayonii,HARV_022.20190716.IXOSCA.N,7,2019
HARV,HARV_022,evergreenForest,185.9,2019-07-16,1,Negative,Anaplasma phagocytophilum,HARV_022.20190716.IXOSCA.N,7,2019
HARV,HARV_022,evergreenForest,185.9,2019-07-16,1,Negative,Ehrlichia muris-like,HARV_022.20190716.IXOSCA.N,7,2019
HARV,HARV_022,evergreenForest,185.9,2019-07-16,1,Negative,Ixodes pacificus,HARV_022.20190716.IXOSCA.N,7,2019
HARV,HARV_022,evergreenForest,185.9,2019-07-16,1,Negative,Babesia microti,HARV_022.20190716.IXOSCA.N,7,2019
HARV,HARV_022,evergreenForest,185.9,2019-07-16,1,Negative,Borrelia miyamotoi,HARV_022.20190716.IXOSCA.N,7,2019
HARV,HARV_022,evergreenForest,185.9,2019-07-16,1,Negative,Borrelia mayonii,HARV_022.20190716.IXOSCA.N,7,2019
HARV,HARV_022,evergreenForest,185.9,2019-07-16,1,Negative,Ehrlichia muris-like,HARV_022.20190716.IXOSCA.N,7,2019
HARV,HARV_022,evergreenForest,185.9,2019-07-16,1,Negative,Borrelia miyamotoi,HARV_022.20190716.IXOSCA.N,7,2019
HARV,HARV_022,evergreenForest,185.9,2019-07-16,1,Negative,Borrelia burgdorferi sensu lato,HARV_022.20190716.IXOSCA.N,7,2019
HARV,HARV_022,evergreenForest,185.9,2019-07-16,1,Positive,Ehrlichia muris-like,HARV_022.20190716.IXOSCA.N,7,2019
HARV,HARV_022,evergreenForest,185.9,2019-07-16,1,Negative,Anaplasma phagocytophilum,HARV_022.20190716.IXOSCA.N,7,2019
HARV,HARV_022,evergreenForest,185.9,2019-07-16,1,Negative,Ixodes pacificus,HARV_022.20190716.IXOSCA.N,7,2019
HARV,HARV_022,evergreenForest,185.9,2019-07-16,1,Negative,Borrelia sp.,HARV_022.20190716.IXOSCA.N,7,2019
HARV,HARV_022,evergreenForest,185.9,2019-07-16,1,Negative,Borrelia mayonii,HARV_022.20190716.IXOSCA.N,7,2019
HARV,HARV_022,evergreenForest,185.9,2019-07-16,1,Negative,Borrelia sp.,HARV_022.20190716.IXOSCA.N,7,2019
HARV,HARV_022,evergreenForest,185.9,2019-07-16,1,Negative,Ehrlichia muris-like,HARV_022.20190716.IXOSCA.N,7,2019
HARV,HARV_022,evergreenForest,185.9,2019-07-16,1,Negative,Babesia microti,HARV_022.20190716.IXOSCA.N,7,2019
HARV,HARV_022,evergreenForest,185.9,2019-07-16,1,Negative,Babesia microti,HARV_022.20190716.IXOSCA.N,7,2019
HARV,HARV_022,evergreenForest,185.9,2019-07-16,1,Negative,Babesia microti,HARV_022.20190716.IXOSCA.N,7,2019
HARV,HARV_022,evergreenForest,185.9,2019-07-16,1,Negative,Ixodes pacificus,HARV_022.20190716.IXOSCA.N,7,2019
HARV,HARV_022,evergreenForest,185.9,2019-07-16,1,Negative,Borrelia miyamotoi,HARV_022.20190716.IXOSCA.N,7,2019
HARV,HARV_022,evergreenForest,185.9,2019-07-16,1,Negative,Borrelia sp.,HARV_022.20190716.IXOSCA.N,7,2019
HARV,HARV_022,evergreenForest,185.9,2019-07-16,1,Negative,Ixodes pacificus,HARV_022.20190716.IXOSCA.N,7,2019
HARV,HARV_022,evergreenForest,185.9,2019-07-16,1,Negative,Borrelia miyamotoi,HARV_022.20190716.IXOSCA.N,7,2019
HARV,HARV_022,evergreenForest,185.9,2019-07-16,1,Negative,Borrelia sp.,HARV_022.20190716.IXOSCA.N,7,2019
HARV,HARV_022,evergreenForest,185.9,2019-07-16,1,Positive,Borrelia sp.,HARV_022.20190716.IXOSCA.N,7,2019
HARV,HARV_022,evergreenForest,185.9,2019-07-16,1,Negative,Ehrlichia muris-like,HARV_022.20190716.IXOSCA.N,7,2019
HARV,HARV_022,evergreenForest,185.9,2019-07-16,1,Negative,Borrelia miyamotoi,HARV_022.20190716.IXOSCA.N,7,2019
HARV,HARV_022,evergreenForest,185.9,2019-07-16,1,Positive,Borrelia sp.,HARV_022.20190716.IXOSCA.N,7,2019
HARV,HARV_022,evergreenForest,185.9,2019-07-16,1,Negative,Borrelia burgdorferi sensu lato,HARV_022.20190716.IXOSCA.N,7,2019
HARV,HARV_022,evergreenForest,185.9,2019-07-16,1,Positive,Borrelia burgdorferi sensu lato,HARV_022.20190716.IXOSCA.N,7,2019
HARV,HARV_022,evergreenForest,185.9,2019-07-16,1,Negative,Anaplasma phagocytophilum,HARV_022.20190716.IXOSCA.N,7,2019
HARV,HARV_022,evergreenForest,185.9,2019-07-16,1,Negative,Ehrlichia muris-like,HARV_022.20190716.IXOSCA.N,7,2019
HARV,HARV_022,evergreenForest,185.9,2019-07-16,1,Negative,Borrelia mayonii,HARV_022.20190716.IXOSCA.N,7,2019
HARV,HARV_022,evergreenForest,185.9,2019-07-16,1,Positive,Borrelia sp.,HARV_022.20190716.IXOSCA.N,7,2019
HARV,HARV_022,evergreenForest,185.9,2019-07-16,1,Negative,Babesia microti,HARV_022.20190716.IXOSCA.N,7,2019
HARV,HARV_022,evergreenForest,185.9,2019-07-16,1,Negative,Ixodes pacificus,HARV_022.20190716.IXOSCA.N,7,2019
HARV,HARV_022,evergreenForest,185.9,2019-07-16,1,Negative,Borrelia sp.,HARV_022.20190716.IXOSCA.N,7,2019
HARV,HARV_022,evergreenForest,185.9,2019-07-16,1,Negative,Borrelia mayonii,HARV_022.20190716.IXOSCA.N,7,2019
HARV,HARV_022,evergreenForest,185.9,2019-07-16,1,Negative,Babesia microti,HARV_022.20190716.IXOSCA.N,7,2019
HARV,HARV_022,evergreenForest,185.9,2019-07-16,1,Negative,Borrelia miyamotoi,HARV_022.20190716.IXOSCA.N,7,2019
HARV,HARV_022,evergreenForest,185.9,2019-07-16,1,Negative,Ixodes pacificus,HARV_022.20190716.IXOSCA.N,7,2019
HARV,HARV_022,evergreenForest,185.9,2019-07-16,1,Negative,Ehrlichia muris-like,HARV_022.20190716.IXOSCA.N,7,2019
HARV,HARV_022,evergreenForest,185.9,2019-07-16,1,Negative,Babesia microti,HARV_022.20190716.IXOSCA.N,7,2019
HARV,HARV_022,evergreenForest,185.9,2019-07-16,1,Negative,Borrelia burgdorferi sensu lato,HARV_022.20190716.IXOSCA.N,7,2019
HARV,HARV_022,evergreenForest,185.9,2019-07-16,1,Negative,Anaplasma phagocytophilum,HARV_022.20190716.IXOSCA.N,7,2019
HARV,HARV_022,evergreenForest,185.9,2019-07-16,1,Negative,Ixodes pacificus,HARV_022.20190716.IXOSCA.N,7,2019
HARV,HARV_022,evergreenForest,185.9,2019-07-16,1,Negative,Anaplasma phagocytophilum,HARV_022.20190716.IXOSCA.N,7,2019
HARV,HARV_022,evergreenForest,185.9,2019-07-16,1,Negative,Borrelia mayonii,HARV_022.20190716.IXOSCA.N,7,2019
HARV,HARV_022,evergreenForest,185.9,2019-07-16,1,Positive,Anaplasma phagocytophilum,HARV_022.20190716.IXOSCA.N,7,2019
HARV,HARV_022,evergreenForest,185.9,2019-07-16,1,Negative,Borrelia mayonii,HARV_022.20190716.IXOSCA.N,7,2019
HARV,HARV_022,evergreenForest,185.9,2019-07-16,1,Negative,Ixodes pacificus,HARV_022.20190716.IXOSCA.N,7,2019
HARV,HARV_022,evergreenForest,185.9,2019-07-16,1,Positive,Borrelia burgdorferi sensu lato,HARV_022.20190716.IXOSCA.N,7,2019
HARV,HARV_022,evergreenForest,185.9,2019-07-16,1,Negative,Borrelia mayonii,HARV_022.20190716.IXOSCA.N,7,2019
HARV,HARV_022,evergreenForest,185.9,2019-07-16,1,Negative,Borrelia miyamotoi,HARV_022.20190716.IXOSCA.N,7,2019
HARV,HARV_022,evergreenForest,185.9,2019-07-16,1,Negative,Borrelia sp.,HARV_022.20190716.IXOSCA.N,7,2019
HARV,HARV_022,evergreenForest,185.9,2019-07-16,1,Negative,Ehrlichia muris-like,HARV_022.20190716.IXOSCA.N,7,2019
HARV,HARV_022,evergreenForest,185.9,2019-07-16,1,Negative,Borrelia mayonii,HARV_022.20190716.IXOSCA.N,7,2019
HARV,HARV_022,evergreenForest,185.9,2019-07-16,1,Positive,Babesia microti,HARV_022.20190716.IXOSCA.N,7,2019
HARV,HARV_022,evergreenForest,185.9,2019-07-16,1,Negative,Borrelia sp.,HARV_022.20190716.IXOSCA.N,7,2019
HARV,HARV_022,evergreenForest,185.9,2019-07-16,1,Negative,Borrelia miyamotoi,HARV_022.20190716.IXOSCA.N,7,2019
HARV,HARV_022,evergreenForest,185.9,2019-07-16,1,Negative,Ehrlichia muris-like,HARV_022.20190716.IXOSCA.N,7,2019
HARV,HARV_022,evergreenForest,185.9,2019-07-16,1,Negative,Borrelia mayonii,HARV_022.20190716.IXOSCA.N,7,2019
HARV,HARV_022,evergreenForest,185.9,2019-07-16,1,Negative,Ixodes pacificus,HARV_022.20190716.IXOSCA.N,7,2019
HARV,HARV_022,evergreenForest,185.9,2019-07-16,1,Negative,Borrelia miyamotoi,HARV_022.20190716.IXOSCA.N,7,2019
HARV,HARV_022,evergreenForest,185.9,2019-07-16,1,Negative,Anaplasma phagocytophilum,HARV_022.20190716.IXOSCA.N,7,2019
HARV,HARV_022,evergreenForest,185.9,2019-07-16,1,Negative,Borrelia mayonii,HARV_022.20190716.IXOSCA.N,7,2019
HARV,HARV_022,evergreenForest,185.9,2019-07-16,1,Negative,Borrelia miyamotoi,HARV_022.20190716.IXOSCA.N,7,2019
HARV,HARV_022,evergreenForest,185.9,2019-07-16,1,Negative,Borrelia burgdorferi sensu lato,HARV_022.20190716.IXOSCA.N,7,2019
HARV,HARV_022,evergreenForest,185.9,2019-07-16,1,Negative,Anaplasma phagocytophilum,HARV_022.20190716.IXOSCA.N,7,2019
HARV,HARV_022,evergreenForest,185.9,2019-07-16,1,Positive,Borrelia burgdorferi sensu lato,HARV_022.20190716.IXOSCA.N,7,2019
HARV,HARV_022,evergreenForest,185.9,2019-07-16,1,Negative,Ixodes pacificus,HARV_022.20190716.IXOSCA.N,7,2019
HARV,HARV_022,evergreenForest,185.9,2019-07-16,1,Negative,Ehrlichia muris-like,HARV_022.20190716.IXOSCA.N,7,2019
HARV,HARV_022,evergreenForest,185.9,2019-07-16,1,Negative,Anaplasma phagocytophilum,HARV_022.20190716.IXOSCA.N,7,2019
HARV,HARV_022,evergreenForest,185.9,2019-07-16,1,Negative,Anaplasma phagocytophilum,HARV_022.20190716.IXOSCA.N,7,2019
HARV,HARV_022,evergreenForest,185.9,2019-07-16,1,Negative,Babesia microti,HARV_022.20190716.IXOSCA.N,7,2019
HARV,HARV_022,evergreenForest,185.9,2019-07-16,1,Negative,Anaplasma phagocytophilum,HARV_022.20190716.IXOSCA.N,7,2019
HARV,HARV_022,evergreenForest,185.9,2019-07-16,1,Negative,Ixodes pacificus,HARV_022.20190716.IXOSCA.N,7,2019
HARV,HARV_022,evergreenForest,185.9,2019-07-16,1,Negative,Ixodes pacificus,HARV_022.20190716.IXOSCA.N,7,2019
HARV,HARV_022,evergreenForest,185.9,2019-07-16,1,Negative,Borrelia burgdorferi sensu lato,HARV_022.20190716.IXOSCA.N,7,2019
HARV,HARV_022,evergreenForest,185.9,2019-07-16,1,Negative,Borrelia mayonii,HARV_022.20190716.IXOSCA.N,7,2019
HARV,HARV_022,evergreenForest,185.9,2019-07-16,1,Positive,Borrelia sp.,HARV_022.20190716.IXOSCA.N,7,2019
HARV,HARV_022,evergreenForest,185.9,2019-07-16,1,Positive,Borrelia burgdorferi sensu lato,HARV_022.20190716.IXOSCA.N,7,2019
HARV,HARV_022,evergreenForest,185.9,2019-07-16,1,Negative,Babesia microti,HARV_022.20190716.IXOSCA.N,7,2019
HARV,HARV_022,evergreenForest,185.9,2019-07-16,1,Negative,Borrelia miyamotoi,HARV_022.20190716.IXOSCA.N,7,2019
HARV,HARV_022,evergreenForest,185.9,2019-07-16,1,Negative,Ehrlichia muris-like,HARV_022.20190716.IXOSCA.N,7,2019
HARV,HARV_022,evergreenForest,185.9,2019-07-16,1,Positive,Borrelia burgdorferi sensu lato,HARV_022.20190716.IXOSCA.N,7,2019
HARV,HARV_022,evergreenForest,185.9,2019-07-16,1,Negative,Ehrlichia muris-like,HARV_022.20190716.IXOSCA.N,7,2019
HARV,HARV_022,evergreenForest,185.9,2019-07-16,1,Negative,Anaplasma phagocytophilum,HARV_022.20190716.IXOSCA.N,7,2019
HARV,HARV_022,evergreenForest,185.9,2019-07-16,1,Negative,Ixodes pacificus,HARV_022.20190716.IXOSCA.N,7,2019
HARV,HARV_022,evergreenForest,185.9,2019-07-16,1,Negative,Borrelia miyamotoi,HARV_022.20190716.IXOSCA.N,7,2019
HARV,HARV_022,evergreenForest,185.9,2019-07-16,1,Negative,Babesia microti,HARV_022.20190716.IXOSCA.N,7,2019
HARV,HARV_022,evergreenForest,185.9,2019-07-16,1,Negative,Borrelia mayonii,HARV_022.20190716.IXOSCA.N,7,2019
HARV,HARV_022,evergreenForest,185.9,2019-07-16,1,Negative,Ixodes pacificus,HARV_022.20190716.IXOSCA.N,7,2019
HARV,HARV_022,evergreenForest,185.9,2019-07-16,1,Negative,Babesia microti,HARV_022.20190716.IXOSCA.N,7,2019
HARV,HARV_022,evergreenForest,185.9,2019-07-16,1,Negative,Borrelia miyamotoi,HARV_022.20190716.IXOSCA.N,7,2019
HARV,HARV_022,evergreenForest,185.9,2019-07-16,1,Negative,Ixodes pacificus,HARV_022.20190716.IXOSCA.N,7,2019
HARV,HARV_022,evergreenForest,185.9,2019-07-16,1,Negative,Ixodes pacificus,HARV_022.20190716.IXOSCA.N,7,2019
HARV,HARV_022,evergreenForest,185.9,2019-07-16,1,Negative,Borrelia miyamotoi,HARV_022.20190716.IXOSCA.N,7,2019
HARV,HARV_022,evergreenForest,185.9,2019-07-16,1,Positive,Borrelia sp.,HARV_022.20190716.IXOSCA.N,7,2019
HARV,HARV_022,evergreenForest,185.9,2019-07-16,1,Negative,Babesia microti,HARV_022.20190716.IXOSCA.N,7,2019
HARV,HARV_022,evergreenForest,185.9,2019-07-16,1,Negative,Borrelia miyamotoi,HARV_022.20190716.IXOSCA.N,7,2019
HARV,HARV_022,evergreenForest,185.9,2019-07-16,1,Negative,Ehrlichia muris-like,HARV_022.20190716.IXOSCA.N,7,2019
HARV,HARV_022,evergreenForest,185.9,2019-07-16,1,Negative,Ehrlichia muris-like,HARV_022.20190716.IXOSCA.N,7,2019
HARV,HARV_022,evergreenForest,185.9,2019-07-16,1,Negative,Ixodes pacificus,HARV_022.20190716.IXOSCA.N,7,2019
HARV,HARV_022,evergreenForest,185.9,2019-07-16,1,Negative,Borrelia miyamotoi,HARV_022.20190716.IXOSCA.N,7,2019
HARV,HARV_022,evergreenForest,185.9,2019-07-16,1,Negative,Ehrlichia muris-like,HARV_022.20190716.IXOSCA.N,7,2019
HARV,HARV_022,evergreenForest,185.9,2019-07-16,1,Negative,Ixodes pacificus,HARV_022.20190716.IXOSCA.N,7,2019
HARV,HARV_022,evergreenForest,185.9,2019-07-16,1,Negative,Anaplasma phagocytophilum,HARV_022.20190716.IXOSCA.N,7,2019
HARV,HARV_022,evergreenForest,185.9,2019-07-16,1,Positive,Borrelia burgdorferi sensu lato,HARV_022.20190716.IXOSCA.N,7,2019
HARV,HARV_022,evergreenForest,185.9,2019-07-16,1,Negative,Borrelia burgdorferi sensu lato,HARV_022.20190716.IXOSCA.N,7,2019
HARV,HARV_022,evergreenForest,185.9,2019-07-16,1,Negative,Borrelia burgdorferi sensu lato,HARV_022.20190716.IXOSCA.N,7,2019
HARV,HARV_022,evergreenForest,185.9,2019-07-16,1,Negative,Anaplasma phagocytophilum,HARV_022.20190716.IXOSCA.N,7,2019
HARV,HARV_022,evergreenForest,185.9,2019-07-16,1,Negative,Babesia microti,HARV_022.20190716.IXOSCA.N,7,2019
HARV,HARV_022,evergreenForest,185.9,2019-07-16,1,Negative,Borrelia mayonii,HARV_022.20190716.IXOSCA.N,7,2019
HARV,HARV_022,evergreenForest,185.9,2019-07-16,1,Positive,Borrelia sp.,HARV_022.20190716.IXOSCA.N,7,2019
HARV,HARV_022,evergreenForest,185.9,2019-07-16,1,Negative,Borrelia miyamotoi,HARV_022.20190716.IXOSCA.N,7,2019
HARV,HARV_022,evergreenForest,185.9,2019-07-16,1,Negative,Anaplasma phagocytophilum,HARV_022.20190716.IXOSCA.N,7,2019
HARV,HARV_022,evergreenForest,185.9,2019-07-16,1,Negative,Babesia microti,HARV_022.20190716.IXOSCA.N,7,2019
HARV,HARV_022,evergreenForest,185.9,2019-07-16,1,Negative,Ehrlichia muris-like,HARV_022.20190716.IXOSCA.N,7,2019
HARV,HARV_022,evergreenForest,185.9,2019-07-16,1,Negative,Babesia microti,HARV_022.20190716.IXOSCA.N,7,2019
HARV,HARV_022,evergreenForest,185.9,2019-07-16,1,Negative,Borrelia burgdorferi sensu lato,HARV_022.20190716.IXOSCA.N,7,2019
HARV,HARV_022,evergreenForest,185.9,2019-07-16,1,Negative,Borrelia sp.,HARV_022.20190716.IXOSCA.N,7,2019
HARV,HARV_022,evergreenForest,185.9,2019-07-16,1,Negative,Borrelia mayonii,HARV_022.20190716.IXOSCA.N,7,2019
HARV,HARV_022,evergreenForest,185.9,2019-07-16,1,Negative,Anaplasma phagocytophilum,HARV_022.20190716.IXOSCA.N,7,2019
HARV,HARV_022,evergreenForest,185.9,2019-07-16,1,Negative,Borrelia sp.,HARV_022.20190716.IXOSCA.N,7,2019
HARV,HARV_022,evergreenForest,185.9,2019-07-16,1,Negative,Anaplasma phagocytophilum,HARV_022.20190716.IXOSCA.N,7,2019
HARV,HARV_004,mixedForest,182.6,2019-07-16,1,Negative,Anaplasma phagocytophilum,HARV_004.20190716.IXOSCA.N,7,2019
HARV,HARV_004,mixedForest,182.6,2019-07-16,1,Negative,Babesia microti,HARV_004.20190716.IXOSCA.N,7,2019
HARV,HARV_004,mixedForest,182.6,2019-07-16,1,Negative,Ixodes pacificus,HARV_004.20190716.IXOSCA.N,7,2019
HARV,HARV_004,mixedForest,182.6,2019-07-16,1,Negative,Ehrlichia muris-like,HARV_004.20190716.IXOSCA.N,7,2019
HARV,HARV_004,mixedForest,182.6,2019-07-16,1,Negative,Anaplasma phagocytophilum,HARV_004.20190716.IXOSCA.N,7,2019
HARV,HARV_004,mixedForest,182.6,2019-07-16,1,Negative,Borrelia miyamotoi,HARV_004.20190716.IXOSCA.N,7,2019
HARV,HARV_004,mixedForest,182.6,2019-07-16,1,Negative,Borrelia mayonii,HARV_004.20190716.IXOSCA.N,7,2019
HARV,HARV_004,mixedForest,182.6,2019-07-16,1,Negative,Borrelia mayonii,HARV_004.20190716.IXOSCA.N,7,2019
HARV,HARV_004,mixedForest,182.6,2019-07-16,1,Negative,Borrelia burgdorferi sensu lato,HARV_004.20190716.IXOSCA.N,7,2019
HARV,HARV_004,mixedForest,182.6,2019-07-16,1,Negative,Anaplasma phagocytophilum,HARV_004.20190716.IXOSCA.N,7,2019
HARV,HARV_004,mixedForest,182.6,2019-07-16,1,Negative,Borrelia miyamotoi,HARV_004.20190716.IXOSCA.N,7,2019
HARV,HARV_004,mixedForest,182.6,2019-07-16,1,Negative,Ehrlichia muris-like,HARV_004.20190716.IXOSCA.N,7,2019
HARV,HARV_004,mixedForest,182.6,2019-07-16,1,Negative,Babesia microti,HARV_004.20190716.IXOSCA.N,7,2019
HARV,HARV_004,mixedForest,182.6,2019-07-16,1,Negative,Babesia microti,HARV_004.20190716.IXOSCA.N,7,2019
HARV,HARV_004,mixedForest,182.6,2019-07-16,1,Negative,Anaplasma phagocytophilum,HARV_004.20190716.IXOSCA.N,7,2019
HARV,HARV_004,mixedForest,182.6,2019-07-16,1,Negative,Ehrlichia muris-like,HARV_004.20190716.IXOSCA.N,7,2019
HARV,HARV_004,mixedForest,182.6,2019-07-16,1,Negative,Borrelia miyamotoi,HARV_004.20190716.IXOSCA.N,7,2019
HARV,HARV_004,mixedForest,182.6,2019-07-16,1,Negative,Borrelia mayonii,HARV_004.20190716.IXOSCA.N,7,2019
HARV,HARV_004,mixedForest,182.6,2019-07-16,1,Negative,Borrelia miyamotoi,HARV_004.20190716.IXOSCA.N,7,2019
HARV,HARV_004,mixedForest,182.6,2019-07-16,1,Negative,Borrelia miyamotoi,HARV_004.20190716.IXOSCA.N,7,2019
HARV,HARV_004,mixedForest,182.6,2019-07-16,1,Negative,Borrelia miyamotoi,HARV_004.20190716.IXOSCA.N,7,2019
HARV,HARV_004,mixedForest,182.6,2019-07-16,1,Negative,Ixodes pacificus,HARV_004.20190716.IXOSCA.N,7,2019
HARV,HARV_004,mixedForest,182.6,2019-07-16,1,Negative,Borrelia sp.,HARV_004.20190716.IXOSCA.N,7,2019
HARV,HARV_004,mixedForest,182.6,2019-07-16,1,Positive,Borrelia burgdorferi sensu lato,HARV_004.20190716.IXOSCA.N,7,2019
HARV,HARV_004,mixedForest,182.6,2019-07-16,1,Negative,Ehrlichia muris-like,HARV_004.20190716.IXOSCA.N,7,2019
HARV,HARV_004,mixedForest,182.6,2019-07-16,1,Negative,Ixodes pacificus,HARV_004.20190716.IXOSCA.N,7,2019
HARV,HARV_004,mixedForest,182.6,2019-07-16,1,Negative,Ehrlichia muris-like,HARV_004.20190716.IXOSCA.N,7,2019
HARV,HARV_004,mixedForest,182.6,2019-07-16,1,Negative,Borrelia miyamotoi,HARV_004.20190716.IXOSCA.N,7,2019
HARV,HARV_004,mixedForest,182.6,2019-07-16,1,Negative,Ehrlichia muris-like,HARV_004.20190716.IXOSCA.N,7,2019
HARV,HARV_004,mixedForest,182.6,2019-07-16,1,Positive,Borrelia burgdorferi sensu lato,HARV_004.20190716.IXOSCA.N,7,2019
HARV,HARV_004,mixedForest,182.6,2019-07-16,1,Negative,Babesia microti,HARV_004.20190716.IXOSCA.N,7,2019
HARV,HARV_004,mixedForest,182.6,2019-07-16,1,Positive,Borrelia sp.,HARV_004.20190716.IXOSCA.N,7,2019
HARV,HARV_004,mixedForest,182.6,2019-07-16,1,Negative,Ixodes pacificus,HARV_004.20190716.IXOSCA.N,7,2019
HARV,HARV_004,mixedForest,182.6,2019-07-16,1,Negative,Babesia microti,HARV_004.20190716.IXOSCA.N,7,2019
HARV,HARV_004,mixedForest,182.6,2019-07-16,1,Negative,Borrelia mayonii,HARV_004.20190716.IXOSCA.N,7,2019
HARV,HARV_004,mixedForest,182.6,2019-07-16,1,Negative,Ehrlichia muris-like,HARV_004.20190716.IXOSCA.N,7,2019
HARV,HARV_004,mixedForest,182.6,2019-07-16,1,Negative,Ixodes pacificus,HARV_004.20190716.IXOSCA.N,7,2019
HARV,HARV_004,mixedForest,182.6,2019-07-16,1,Negative,Anaplasma phagocytophilum,HARV_004.20190716.IXOSCA.N,7,2019
HARV,HARV_004,mixedForest,182.6,2019-07-16,1,Negative,Borrelia mayonii,HARV_004.20190716.IXOSCA.N,7,2019
HARV,HARV_004,mixedForest,182.6,2019-07-16,1,Negative,Borrelia miyamotoi,HARV_004.20190716.IXOSCA.N,7,2019
HARV,HARV_004,mixedForest,182.6,2019-07-16,1,Negative,Borrelia miyamotoi,HARV_004.20190716.IXOSCA.N,7,2019
HARV,HARV_004,mixedForest,182.6,2019-07-16,1,Negative,Borrelia sp.,HARV_004.20190716.IXOSCA.N,7,2019
HARV,HARV_004,mixedForest,182.6,2019-07-16,1,Negative,Borrelia burgdorferi sensu lato,HARV_004.20190716.IXOSCA.N,7,2019
HARV,HARV_004,mixedForest,182.6,2019-07-16,1,Negative,Anaplasma phagocytophilum,HARV_004.20190716.IXOSCA.N,7,2019
HARV,HARV_004,mixedForest,182.6,2019-07-16,1,Negative,Borrelia sp.,HARV_004.20190716.IXOSCA.N,7,2019
HARV,HARV_004,mixedForest,182.6,2019-07-16,1,Negative,Babesia microti,HARV_004.20190716.IXOSCA.N,7,2019
HARV,HARV_004,mixedForest,182.6,2019-07-16,1,Negative,Anaplasma phagocytophilum,HARV_004.20190716.IXOSCA.N,7,2019
HARV,HARV_004,mixedForest,182.6,2019-07-16,1,Negative,Anaplasma phagocytophilum,HARV_004.20190716.IXOSCA.N,7,2019
HARV,HARV_004,mixedForest,182.6,2019-07-16,1,Negative,Babesia microti,HARV_004.20190716.IXOSCA.N,7,2019
HARV,HARV_004,mixedForest,182.6,2019-07-16,1,Negative,Borrelia mayonii,HARV_004.20190716.IXOSCA.N,7,2019
HARV,HARV_004,mixedForest,182.6,2019-07-16,1,Negative,Borrelia sp.,HARV_004.20190716.IXOSCA.N,7,2019
HARV,HARV_004,mixedForest,182.6,2019-07-16,1,Negative,Ixodes pacificus,HARV_004.20190716.IXOSCA.N,7,2019
HARV,HARV_004,mixedForest,182.6,2019-07-16,1,Negative,Babesia microti,HARV_004.20190716.IXOSCA.N,7,2019
HARV,HARV_004,mixedForest,182.6,2019-07-16,1,Negative,Borrelia burgdorferi sensu lato,HARV_004.20190716.IXOSCA.N,7,2019
HARV,HARV_004,mixedForest,182.6,2019-07-16,1,Negative,Borrelia mayonii,HARV_004.20190716.IXOSCA.N,7,2019
HARV,HARV_004,mixedForest,182.6,2019-07-16,1,Negative,Anaplasma phagocytophilum,HARV_004.20190716.IXOSCA.N,7,2019
HARV,HARV_004,mixedForest,182.6,2019-07-16,1,Negative,Borrelia mayonii,HARV_004.20190716.IXOSCA.N,7,2019
HARV,HARV_004,mixedForest,182.6,2019-07-16,1,Negative,Borrelia miyamotoi,HARV_004.20190716.IXOSCA.N,7,2019
HARV,HARV_004,mixedForest,182.6,2019-07-16,1,Negative,Borrelia miyamotoi,HARV_004.20190716.IXOSCA.N,7,2019
HARV,HARV_004,mixedForest,182.6,2019-07-16,1,Negative,Babesia microti,HARV_004.20190716.IXOSCA.N,7,2019
HARV,HARV_004,mixedForest,182.6,2019-07-16,1,Negative,Borrelia mayonii,HARV_004.20190716.IXOSCA.N,7,2019
HARV,HARV_004,mixedForest,182.6,2019-07-16,1,Negative,Borrelia sp.,HARV_004.20190716.IXOSCA.N,7,2019
HARV,HARV_004,mixedForest,182.6,2019-07-16,1,Negative,Ehrlichia muris-like,HARV_004.20190716.IXOSCA.N,7,2019
HARV,HARV_004,mixedForest,182.6,2019-07-16,1,Negative,Ixodes pacificus,HARV_004.20190716.IXOSCA.N,7,2019
HARV,HARV_004,mixedForest,182.6,2019-07-16,1,Negative,Borrelia sp.,HARV_004.20190716.IXOSCA.N,7,2019
HARV,HARV_004,mixedForest,182.6,2019-07-16,1,Negative,Anaplasma phagocytophilum,HARV_004.20190716.IXOSCA.N,7,2019
HARV,HARV_004,mixedForest,182.6,2019-07-16,1,Positive,Borrelia miyamotoi,HARV_004.20190716.IXOSCA.N,7,2019
HARV,HARV_004,mixedForest,182.6,2019-07-16,1,Negative,Borrelia burgdorferi sensu lato,HARV_004.20190716.IXOSCA.N,7,2019
HARV,HARV_004,mixedForest,182.6,2019-07-16,1,Negative,Anaplasma phagocytophilum,HARV_004.20190716.IXOSCA.N,7,2019
HARV,HARV_004,mixedForest,182.6,2019-07-16,1,Negative,Borrelia burgdorferi sensu lato,HARV_004.20190716.IXOSCA.N,7,2019
HARV,HARV_004,mixedForest,182.6,2019-07-16,1,Negative,Borrelia miyamotoi,HARV_004.20190716.IXOSCA.N,7,2019
HARV,HARV_004,mixedForest,182.6,2019-07-16,1,Negative,Borrelia burgdorferi sensu lato,HARV_004.20190716.IXOSCA.N,7,2019
HARV,HARV_004,mixedForest,182.6,2019-07-16,1,Negative,Ehrlichia muris-like,HARV_004.20190716.IXOSCA.N,7,2019
HARV,HARV_004,mixedForest,182.6,2019-07-16,1,Negative,Borrelia sp.,HARV_004.20190716.IXOSCA.N,7,2019
HARV,HARV_004,mixedForest,182.6,2019-07-16,1,Positive,Borrelia burgdorferi sensu lato,HARV_004.20190716.IXOSCA.N,7,2019
HARV,HARV_004,mixedForest,182.6,2019-07-16,1,Negative,Borrelia mayonii,HARV_004.20190716.IXOSCA.N,7,2019
HARV,HARV_004,mixedForest,182.6,2019-07-16,1,Negative,Borrelia burgdorferi sensu lato,HARV_004.20190716.IXOSCA.N,7,2019
HARV,HARV_004,mixedForest,182.6,2019-07-16,1,Negative,Ixodes pacificus,HARV_004.20190716.IXOSCA.N,7,2019
HARV,HARV_004,mixedForest,182.6,2019-07-16,1,Negative,Babesia microti,HARV_004.20190716.IXOSCA.N,7,2019
HARV,HARV_004,mixedForest,182.6,2019-07-16,1,Negative,Borrelia burgdorferi sensu lato,HARV_004.20190716.IXOSCA.N,7,2019
HARV,HARV_004,mixedForest,182.6,2019-07-16,1,Negative,Borrelia mayonii,HARV_004.20190716.IXOSCA.N,7,2019
HARV,HARV_004,mixedForest,182.6,2019-07-16,1,Negative,Ixodes pacificus,HARV_004.20190716.IXOSCA.N,7,2019
HARV,HARV_004,mixedForest,182.6,2019-07-16,1,Negative,Ehrlichia muris-like,HARV_004.20190716.IXOSCA.N,7,2019
HARV,HARV_004,mixedForest,182.6,2019-07-16,1,Negative,Ehrlichia muris-like,HARV_004.20190716.IXOSCA.N,7,2019
HARV,HARV_004,mixedForest,182.6,2019-07-16,1,Negative,Borrelia mayonii,HARV_004.20190716.IXOSCA.N,7,2019
HARV,HARV_004,mixedForest,182.6,2019-07-16,1,Negative,Ixodes pacificus,HARV_004.20190716.IXOSCA.N,7,2019
HARV,HARV_004,mixedForest,182.6,2019-07-16,1,Negative,Babesia microti,HARV_004.20190716.IXOSCA.N,7,2019
HARV,HARV_004,mixedForest,182.6,2019-07-16,1,Negative,Borrelia miyamotoi,HARV_004.20190716.IXOSCA.N,7,2019
HARV,HARV_004,mixedForest,182.6,2019-07-16,1,Negative,Babesia microti,HARV_004.20190716.IXOSCA.N,7,2019
HARV,HARV_004,mixedForest,182.6,2019-07-16,1,Negative,Ixodes pacificus,HARV_004.20190716.IXOSCA.N,7,2019
HARV,HARV_004,mixedForest,182.6,2019-07-16,1,Negative,Borrelia miyamotoi,HARV_004.20190716.IXOSCA.N,7,2019
HARV,HARV_004,mixedForest,182.6,2019-07-16,1,Negative,Ixodes pacificus,HARV_004.20190716.IXOSCA.N,7,2019
HARV,HARV_004,mixedForest,182.6,2019-07-16,1,Negative,Ixodes pacificus,HARV_004.20190716.IXOSCA.N,7,2019
HARV,HARV_004,mixedForest,182.6,2019-07-16,1,Negative,Ehrlichia muris-like,HARV_004.20190716.IXOSCA.N,7,2019
HARV,HARV_004,mixedForest,182.6,2019-07-16,1,Negative,Ixodes pacificus,HARV_004.20190716.IXOSCA.N,7,2019
HARV,HARV_004,mixedForest,182.6,2019-07-16,1,Negative,Ehrlichia muris-like,HARV_004.20190716.IXOSCA.N,7,2019
HARV,HARV_004,mixedForest,182.6,2019-07-16,1,Negative,Ehrlichia muris-like,HARV_004.20190716.IXOSCA.N,7,2019
HARV,HARV_004,mixedForest,182.6,2019-07-16,1,Negative,Borrelia miyamotoi,HARV_004.20190716.IXOSCA.N,7,2019
HARV,HARV_004,mixedForest,182.6,2019-07-16,1,Negative,Borrelia sp.,HARV_004.20190716.IXOSCA.N,7,2019
HARV,HARV_004,mixedForest,182.6,2019-07-16,1,Negative,Borrelia sp.,HARV_004.20190716.IXOSCA.N,7,2019
HARV,HARV_004,mixedForest,182.6,2019-07-16,1,Negative,Borrelia burgdorferi sensu lato,HARV_004.20190716.IXOSCA.N,7,2019
HARV,HARV_004,mixedForest,182.6,2019-07-16,1,Negative,Borrelia burgdorferi sensu lato,HARV_004.20190716.IXOSCA.N,7,2019
HARV,HARV_004,mixedForest,182.6,2019-07-16,1,Negative,Anaplasma phagocytophilum,HARV_004.20190716.IXOSCA.N,7,2019
HARV,HARV_004,mixedForest,182.6,2019-07-16,1,Negative,Borrelia sp.,HARV_004.20190716.IXOSCA.N,7,2019
HARV,HARV_004,mixedForest,182.6,2019-07-16,1,Negative,Anaplasma phagocytophilum,HARV_004.20190716.IXOSCA.N,7,2019
HARV,HARV_004,mixedForest,182.6,2019-07-16,1,Negative,Borrelia mayonii,HARV_004.20190716.IXOSCA.N,7,2019
HARV,HARV_004,mixedForest,182.6,2019-07-16,1,Negative,Borrelia mayonii,HARV_004.20190716.IXOSCA.N,7,2019
HARV,HARV_004,mixedForest,182.6,2019-07-16,1,Negative,Anaplasma phagocytophilum,HARV_004.20190716.IXOSCA.N,7,2019
HARV,HARV_004,mixedForest,182.6,2019-07-16,1,Negative,Babesia microti,HARV_004.20190716.IXOSCA.N,7,2019
HARV,HARV_004,mixedForest,182.6,2019-07-16,1,Negative,Anaplasma phagocytophilum,HARV_004.20190716.IXOSCA.N,7,2019
HARV,HARV_004,mixedForest,182.6,2019-07-16,1,Negative,Borrelia sp.,HARV_004.20190716.IXOSCA.N,7,2019
HARV,HARV_004,mixedForest,182.6,2019-07-16,1,Positive,Borrelia sp.,HARV_004.20190716.IXOSCA.N,7,2019
HARV,HARV_004,mixedForest,182.6,2019-07-16,1,Negative,Ixodes pacificus,HARV_004.20190716.IXOSCA.N,7,2019
HARV,HARV_004,mixedForest,182.6,2019-07-16,1,Positive,Borrelia sp.,HARV_004.20190716.IXOSCA.N,7,2019
HARV,HARV_004,mixedForest,182.6,2019-07-16,1,Negative,Babesia microti,HARV_004.20190716.IXOSCA.N,7,2019
HARV,HARV_004,mixedForest,182.6,2019-07-16,1,Negative,Babesia microti,HARV_004.20190716.IXOSCA.N,7,2019
HARV,HARV_004,mixedForest,182.6,2019-07-16,1,Negative,Borrelia mayonii,HARV_004.20190716.IXOSCA.N,7,2019
HARV,HARV_004,mixedForest,182.6,2019-07-16,1,Negative,Borrelia burgdorferi sensu lato,HARV_004.20190716.IXOSCA.N,7,2019
HARV,HARV_004,mixedForest,182.6,2019-07-16,1,Negative,Ehrlichia muris-like,HARV_004.20190716.IXOSCA.N,7,2019
HARV,HARV_004,mixedForest,182.6,2019-07-16,1,Negative,Borrelia burgdorferi sensu lato,HARV_004.20190716.IXOSCA.N,7,2019
HARV,HARV_004,mixedForest,182.6,2019-07-16,1,Negative,Ixodes pacificus,HARV_004.20190716.IXOSCA.N,7,2019
HARV,HARV_004,mixedForest,182.6,2019-07-16,1,Negative,Borrelia sp.,HARV_004.20190716.IXOSCA.N,7,2019
HARV,HARV_004,mixedForest,182.6,2019-07-16,1,Negative,Borrelia burgdorferi sensu lato,HARV_004.20190716.IXOSCA.N,7,2019
HARV,HARV_004,mixedForest,182.6,2019-07-16,1,Negative,Babesia microti,HARV_004.20190716.IXOSCA.N,7,2019
HARV,HARV_004,mixedForest,182.6,2019-07-16,1,Negative,Anaplasma phagocytophilum,HARV_004.20190716.IXOSCA.N,7,2019
HARV,HARV_004,mixedForest,182.6,2019-07-16,1,Negative,Borrelia mayonii,HARV_004.20190716.IXOSCA.N,7,2019
HARV,HARV_004,mixedForest,182.6,2019-07-16,1,Positive,Borrelia sp.,HARV_004.20190716.IXOSCA.N,7,2019
HARV,HARV_004,mixedForest,182.6,2019-07-16,1,Negative,Ehrlichia muris-like,HARV_004.20190716.IXOSCA.N,7,2019
HARV,HARV_002,deciduousForest,187.7,2019-07-16,1,Negative,Borrelia miyamotoi,HARV_002.20190716.IXOSCA.N,7,2019
HARV,HARV_002,deciduousForest,187.7,2019-07-16,1,Negative,Babesia microti,HARV_002.20190716.IXOSCA.N,7,2019
HARV,HARV_002,deciduousForest,187.7,2019-07-16,1,Negative,Borrelia burgdorferi sensu lato,HARV_002.20190716.IXOSCA.N,7,2019
HARV,HARV_002,deciduousForest,187.7,2019-07-16,1,Negative,Ixodes pacificus,HARV_002.20190716.IXOSCA.N,7,2019
HARV,HARV_002,deciduousForest,187.7,2019-07-16,1,Negative,Borrelia burgdorferi sensu lato,HARV_002.20190716.IXOSCA.N,7,2019
HARV,HARV_002,deciduousForest,187.7,2019-07-16,1,Negative,Borrelia mayonii,HARV_002.20190716.IXOSCA.N,7,2019
HARV,HARV_002,deciduousForest,187.7,2019-07-16,1,Negative,Ixodes pacificus,HARV_002.20190716.IXOSCA.N,7,2019
HARV,HARV_002,deciduousForest,187.7,2019-07-16,1,Negative,Ehrlichia muris-like,HARV_002.20190716.IXOSCA.N,7,2019
HARV,HARV_002,deciduousForest,187.7,2019-07-16,1,Negative,Borrelia mayonii,HARV_002.20190716.IXOSCA.N,7,2019
HARV,HARV_002,deciduousForest,187.7,2019-07-16,1,Negative,Borrelia mayonii,HARV_002.20190716.IXOSCA.N,7,2019
HARV,HARV_002,deciduousForest,187.7,2019-07-16,1,Negative,Borrelia sp.,HARV_002.20190716.IXOSCA.N,7,2019
HARV,HARV_002,deciduousForest,187.7,2019-07-16,1,Negative,Babesia microti,HARV_002.20190716.IXOSCA.N,7,2019
HARV,HARV_002,deciduousForest,187.7,2019-07-16,1,Negative,Babesia microti,HARV_002.20190716.IXOSCA.N,7,2019
HARV,HARV_002,deciduousForest,187.7,2019-07-16,1,Negative,Ehrlichia muris-like,HARV_002.20190716.IXOSCA.N,7,2019
HARV,HARV_002,deciduousForest,187.7,2019-07-16,1,Negative,Borrelia burgdorferi sensu lato,HARV_002.20190716.IXOSCA.N,7,2019
HARV,HARV_002,deciduousForest,187.7,2019-07-16,1,Negative,Ixodes pacificus,HARV_002.20190716.IXOSCA.N,7,2019
HARV,HARV_002,deciduousForest,187.7,2019-07-16,1,Negative,Borrelia mayonii,HARV_002.20190716.IXOSCA.N,7,2019
HARV,HARV_002,deciduousForest,187.7,2019-07-16,1,Negative,Babesia microti,HARV_002.20190716.IXOSCA.N,7,2019
HARV,HARV_002,deciduousForest,187.7,2019-07-16,1,Negative,Babesia microti,HARV_002.20190716.IXOSCA.N,7,2019
HARV,HARV_002,deciduousForest,187.7,2019-07-16,1,Negative,Ixodes pacificus,HARV_002.20190716.IXOSCA.N,7,2019
HARV,HARV_002,deciduousForest,187.7,2019-07-16,1,Negative,Ehrlichia muris-like,HARV_002.20190716.IXOSCA.N,7,2019
HARV,HARV_002,deciduousForest,187.7,2019-07-16,1,Negative,Ixodes pacificus,HARV_002.20190716.IXOSCA.N,7,2019
HARV,HARV_002,deciduousForest,187.7,2019-07-16,1,Negative,Borrelia sp.,HARV_002.20190716.IXOSCA.N,7,2019
HARV,HARV_002,deciduousForest,187.7,2019-07-16,1,Negative,Borrelia burgdorferi sensu lato,HARV_002.20190716.IXOSCA.N,7,2019
HARV,HARV_002,deciduousForest,187.7,2019-07-16,1,Negative,Anaplasma phagocytophilum,HARV_002.20190716.IXOSCA.N,7,2019
HARV,HARV_002,deciduousForest,187.7,2019-07-16,1,Negative,Anaplasma phagocytophilum,HARV_002.20190716.IXOSCA.N,7,2019
HARV,HARV_002,deciduousForest,187.7,2019-07-16,1,Negative,Borrelia burgdorferi sensu lato,HARV_002.20190716.IXOSCA.N,7,2019
HARV,HARV_002,deciduousForest,187.7,2019-07-16,1,Negative,Borrelia miyamotoi,HARV_002.20190716.IXOSCA.N,7,2019
HARV,HARV_002,deciduousForest,187.7,2019-07-16,1,Negative,Ehrlichia muris-like,HARV_002.20190716.IXOSCA.N,7,2019
HARV,HARV_002,deciduousForest,187.7,2019-07-16,1,Positive,Anaplasma phagocytophilum,HARV_002.20190716.IXOSCA.N,7,2019
HARV,HARV_002,deciduousForest,187.7,2019-07-16,1,Negative,Anaplasma phagocytophilum,HARV_002.20190716.IXOSCA.N,7,2019
HARV,HARV_002,deciduousForest,187.7,2019-07-16,1,Negative,Borrelia sp.,HARV_002.20190716.IXOSCA.N,7,2019
HARV,HARV_002,deciduousForest,187.7,2019-07-16,1,Negative,Borrelia miyamotoi,HARV_002.20190716.IXOSCA.N,7,2019
HARV,HARV_002,deciduousForest,187.7,2019-07-16,1,Negative,Borrelia sp.,HARV_002.20190716.IXOSCA.N,7,2019
HARV,HARV_002,deciduousForest,187.7,2019-07-16,1,Negative,Ehrlichia muris-like,HARV_002.20190716.IXOSCA.N,7,2019
HARV,HARV_002,deciduousForest,187.7,2019-07-16,1,Negative,Borrelia burgdorferi sensu lato,HARV_002.20190716.IXOSCA.N,7,2019
HARV,HARV_002,deciduousForest,187.7,2019-07-16,1,Negative,Borrelia miyamotoi,HARV_002.20190716.IXOSCA.N,7,2019
HARV,HARV_002,deciduousForest,187.7,2019-07-16,1,Negative,Anaplasma phagocytophilum,HARV_002.20190716.IXOSCA.N,7,2019
HARV,HARV_002,deciduousForest,187.7,2019-07-16,1,Negative,Borrelia mayonii,HARV_002.20190716.IXOSCA.N,7,2019
HARV,HARV_002,deciduousForest,187.7,2019-07-16,1,Negative,Babesia microti,HARV_002.20190716.IXOSCA.N,7,2019
HARV,HARV_002,deciduousForest,187.7,2019-07-16,1,Negative,Borrelia miyamotoi,HARV_002.20190716.IXOSCA.N,7,2019
HARV,HARV_002,deciduousForest,187.7,2019-07-16,1,Negative,Ehrlichia muris-like,HARV_002.20190716.IXOSCA.N,7,2019
HARV,HARV_002,deciduousForest,187.7,2019-07-16,1,Negative,Borrelia sp.,HARV_002.20190716.IXOSCA.N,7,2019
HARV,HARV_002,deciduousForest,187.7,2019-07-16,1,Negative,Borrelia miyamotoi,HARV_002.20190716.IXOSCA.N,7,2019
HARV,HARV_002,deciduousForest,187.7,2019-07-16,1,Negative,Anaplasma phagocytophilum,HARV_002.20190716.IXOSCA.N,7,2019
HARV,HARV_002,deciduousForest,187.7,2019-07-16,1,Negative,Borrelia mayonii,HARV_002.20190716.IXOSCA.N,7,2019
HARV,HARV_002,deciduousForest,187.7,2019-07-16,1,Negative,Borrelia sp.,HARV_002.20190716.IXOSCA.N,7,2019
HARV,HARV_002,deciduousForest,187.7,2019-07-16,1,Negative,Ixodes pacificus,HARV_002.20190716.IXOSCA.N,7,2019
HARV,HARV_006,deciduousForest,190.8,2019-08-05,1,Negative,Ehrlichia muris-like,HARV_006.20190805.IXOSCA.N,8,2019
HARV,HARV_006,deciduousForest,190.8,2019-08-05,1,Negative,Anaplasma phagocytophilum,HARV_006.20190805.IXOSCA.N,8,2019
HARV,HARV_006,deciduousForest,190.8,2019-08-05,1,Negative,Babesia microti,HARV_006.20190805.IXOSCA.N,8,2019
HARV,HARV_006,deciduousForest,190.8,2019-08-05,1,Negative,Ehrlichia muris-like,HARV_006.20190805.IXOSCA.N,8,2019
HARV,HARV_006,deciduousForest,190.8,2019-08-05,1,Negative,Ehrlichia muris-like,HARV_006.20190805.IXOSCA.N,8,2019
HARV,HARV_006,deciduousForest,190.8,2019-08-05,1,Negative,Borrelia sp.,HARV_006.20190805.IXOSCA.N,8,2019
HARV,HARV_006,deciduousForest,190.8,2019-08-05,1,Negative,Borrelia burgdorferi sensu lato,HARV_006.20190805.IXOSCA.N,8,2019
HARV,HARV_006,deciduousForest,190.8,2019-08-05,1,Positive,Borrelia sp.,HARV_006.20190805.IXOSCA.N,8,2019
HARV,HARV_006,deciduousForest,190.8,2019-08-05,1,Negative,Borrelia mayonii,HARV_006.20190805.IXOSCA.N,8,2019
HARV,HARV_006,deciduousForest,190.8,2019-08-05,1,Negative,Borrelia miyamotoi,HARV_006.20190805.IXOSCA.N,8,2019
HARV,HARV_006,deciduousForest,190.8,2019-08-05,1,Negative,Borrelia sp.,HARV_006.20190805.IXOSCA.N,8,2019
HARV,HARV_006,deciduousForest,190.8,2019-08-05,1,Negative,Borrelia mayonii,HARV_006.20190805.IXOSCA.N,8,2019
HARV,HARV_006,deciduousForest,190.8,2019-08-05,1,Negative,Borrelia burgdorferi sensu lato,HARV_006.20190805.IXOSCA.N,8,2019
HARV,HARV_006,deciduousForest,190.8,2019-08-05,1,Negative,Ehrlichia muris-like,HARV_006.20190805.IXOSCA.N,8,2019
HARV,HARV_006,deciduousForest,190.8,2019-08-05,1,Negative,Borrelia sp.,HARV_006.20190805.IXOSCA.N,8,2019
HARV,HARV_006,deciduousForest,190.8,2019-08-05,1,Negative,Ixodes pacificus,HARV_006.20190805.IXOSCA.N,8,2019
HARV,HARV_006,deciduousForest,190.8,2019-08-05,1,Negative,Borrelia miyamotoi,HARV_006.20190805.IXOSCA.N,8,2019
HARV,HARV_006,deciduousForest,190.8,2019-08-05,1,Negative,Anaplasma phagocytophilum,HARV_006.20190805.IXOSCA.N,8,2019
HARV,HARV_006,deciduousForest,190.8,2019-08-05,1,Negative,Borrelia miyamotoi,HARV_006.20190805.IXOSCA.N,8,2019
HARV,HARV_006,deciduousForest,190.8,2019-08-05,1,Negative,Ixodes pacificus,HARV_006.20190805.IXOSCA.N,8,2019
HARV,HARV_006,deciduousForest,190.8,2019-08-05,1,Negative,Babesia microti,HARV_006.20190805.IXOSCA.N,8,2019
HARV,HARV_006,deciduousForest,190.8,2019-08-05,1,Negative,Borrelia sp.,HARV_006.20190805.IXOSCA.N,8,2019
HARV,HARV_006,deciduousForest,190.8,2019-08-05,1,Negative,Babesia microti,HARV_006.20190805.IXOSCA.N,8,2019
HARV,HARV_006,deciduousForest,190.8,2019-08-05,1,Negative,Ixodes pacificus,HARV_006.20190805.IXOSCA.N,8,2019
HARV,HARV_006,deciduousForest,190.8,2019-08-05,1,Negative,Borrelia miyamotoi,HARV_006.20190805.IXOSCA.N,8,2019
HARV,HARV_006,deciduousForest,190.8,2019-08-05,1,Negative,Ixodes pacificus,HARV_006.20190805.IXOSCA.N,8,2019
HARV,HARV_006,deciduousForest,190.8,2019-08-05,1,Positive,Borrelia burgdorferi sensu lato,HARV_006.20190805.IXOSCA.N,8,2019
HARV,HARV_006,deciduousForest,190.8,2019-08-05,1,Negative,Borrelia mayonii,HARV_006.20190805.IXOSCA.N,8,2019
HARV,HARV_006,deciduousForest,190.8,2019-08-05,1,Negative,Borrelia mayonii,HARV_006.20190805.IXOSCA.N,8,2019
HARV,HARV_006,deciduousForest,190.8,2019-08-05,1,Negative,Borrelia mayonii,HARV_006.20190805.IXOSCA.N,8,2019
HARV,HARV_006,deciduousForest,190.8,2019-08-05,1,Negative,Borrelia sp.,HARV_006.20190805.IXOSCA.N,8,2019
HARV,HARV_006,deciduousForest,190.8,2019-08-05,1,Negative,Anaplasma phagocytophilum,HARV_006.20190805.IXOSCA.N,8,2019
HARV,HARV_006,deciduousForest,190.8,2019-08-05,1,Negative,Borrelia mayonii,HARV_006.20190805.IXOSCA.N,8,2019
HARV,HARV_006,deciduousForest,190.8,2019-08-05,1,Negative,Borrelia burgdorferi sensu lato,HARV_006.20190805.IXOSCA.N,8,2019
HARV,HARV_006,deciduousForest,190.8,2019-08-05,1,Negative,Ehrlichia muris-like,HARV_006.20190805.IXOSCA.N,8,2019
HARV,HARV_006,deciduousForest,190.8,2019-08-05,1,Negative,Ixodes pacificus,HARV_006.20190805.IXOSCA.N,8,2019
HARV,HARV_006,deciduousForest,190.8,2019-08-05,1,Negative,Ehrlichia muris-like,HARV_006.20190805.IXOSCA.N,8,2019
HARV,HARV_006,deciduousForest,190.8,2019-08-05,1,Negative,Borrelia burgdorferi sensu lato,HARV_006.20190805.IXOSCA.N,8,2019
HARV,HARV_006,deciduousForest,190.8,2019-08-05,1,Negative,Babesia microti,HARV_006.20190805.IXOSCA.N,8,2019
HARV,HARV_006,deciduousForest,190.8,2019-08-05,1,Negative,Anaplasma phagocytophilum,HARV_006.20190805.IXOSCA.N,8,2019
HARV,HARV_006,deciduousForest,190.8,2019-08-05,1,Negative,Borrelia miyamotoi,HARV_006.20190805.IXOSCA.N,8,2019
HARV,HARV_006,deciduousForest,190.8,2019-08-05,1,Negative,Anaplasma phagocytophilum,HARV_006.20190805.IXOSCA.N,8,2019
HARV,HARV_006,deciduousForest,190.8,2019-08-05,1,Negative,Babesia microti,HARV_006.20190805.IXOSCA.N,8,2019
HARV,HARV_006,deciduousForest,190.8,2019-08-05,1,Negative,Borrelia burgdorferi sensu lato,HARV_006.20190805.IXOSCA.N,8,2019
HARV,HARV_006,deciduousForest,190.8,2019-08-05,1,Negative,Anaplasma phagocytophilum,HARV_006.20190805.IXOSCA.N,8,2019
HARV,HARV_006,deciduousForest,190.8,2019-08-05,1,Negative,Ehrlichia muris-like,HARV_006.20190805.IXOSCA.N,8,2019
HARV,HARV_006,deciduousForest,190.8,2019-08-05,1,Negative,Borrelia mayonii,HARV_006.20190805.IXOSCA.N,8,2019
HARV,HARV_006,deciduousForest,190.8,2019-08-05,1,Negative,Babesia microti,HARV_006.20190805.IXOSCA.N,8,2019
HARV,HARV_006,deciduousForest,190.8,2019-08-05,1,Negative,Babesia microti,HARV_006.20190805.IXOSCA.N,8,2019
HARV,HARV_006,deciduousForest,190.8,2019-08-05,1,Negative,Anaplasma phagocytophilum,HARV_006.20190805.IXOSCA.N,8,2019
HARV,HARV_006,deciduousForest,190.8,2019-08-05,1,Negative,Borrelia sp.,HARV_006.20190805.IXOSCA.N,8,2019
HARV,HARV_006,deciduousForest,190.8,2019-08-05,1,Negative,Borrelia burgdorferi sensu lato,HARV_006.20190805.IXOSCA.N,8,2019
HARV,HARV_006,deciduousForest,190.8,2019-08-05,1,Negative,Ixodes pacificus,HARV_006.20190805.IXOSCA.N,8,2019
HARV,HARV_006,deciduousForest,190.8,2019-08-05,1,Negative,Borrelia miyamotoi,HARV_006.20190805.IXOSCA.N,8,2019
HARV,HARV_006,deciduousForest,190.8,2019-08-05,1,Negative,Ixodes pacificus,HARV_006.20190805.IXOSCA.N,8,2019
HARV,HARV_006,deciduousForest,190.8,2019-08-05,1,Negative,Borrelia miyamotoi,HARV_006.20190805.IXOSCA.N,8,2019
HARV,HARV_022,evergreenForest,185.9,2019-08-05,1,Positive,Borrelia burgdorferi sensu lato,HARV_022.20190805.IXOSCA.N,8,2019
HARV,HARV_022,evergreenForest,185.9,2019-08-05,1,Negative,Borrelia burgdorferi sensu lato,HARV_022.20190805.IXOSCA.N,8,2019
HARV,HARV_022,evergreenForest,185.9,2019-08-05,1,Negative,Anaplasma phagocytophilum,HARV_022.20190805.IXOSCA.N,8,2019
HARV,HARV_022,evergreenForest,185.9,2019-08-05,1,Negative,Babesia microti,HARV_022.20190805.IXOSCA.N,8,2019
HARV,HARV_022,evergreenForest,185.9,2019-08-05,1,Positive,Borrelia burgdorferi sensu lato,HARV_022.20190805.IXOSCA.N,8,2019
HARV,HARV_022,evergreenForest,185.9,2019-08-05,1,Negative,Ixodes pacificus,HARV_022.20190805.IXOSCA.N,8,2019
HARV,HARV_022,evergreenForest,185.9,2019-08-05,1,Positive,Borrelia burgdorferi sensu lato,HARV_022.20190805.IXOSCA.N,8,2019
HARV,HARV_022,evergreenForest,185.9,2019-08-05,1,Negative,Babesia microti,HARV_022.20190805.IXOSCA.N,8,2019
HARV,HARV_022,evergreenForest,185.9,2019-08-05,1,Negative,Borrelia mayonii,HARV_022.20190805.IXOSCA.N,8,2019
HARV,HARV_022,evergreenForest,185.9,2019-08-05,1,Negative,Borrelia miyamotoi,HARV_022.20190805.IXOSCA.N,8,2019
HARV,HARV_022,evergreenForest,185.9,2019-08-05,1,Negative,Ixodes pacificus,HARV_022.20190805.IXOSCA.N,8,2019
HARV,HARV_022,evergreenForest,185.9,2019-08-05,1,Negative,Borrelia miyamotoi,HARV_022.20190805.IXOSCA.N,8,2019
HARV,HARV_022,evergreenForest,185.9,2019-08-05,1,Negative,Ehrlichia muris-like,HARV_022.20190805.IXOSCA.N,8,2019
HARV,HARV_022,evergreenForest,185.9,2019-08-05,1,Negative,Babesia microti,HARV_022.20190805.IXOSCA.N,8,2019
HARV,HARV_022,evergreenForest,185.9,2019-08-05,1,Negative,Ixodes pacificus,HARV_022.20190805.IXOSCA.N,8,2019
HARV,HARV_022,evergreenForest,185.9,2019-08-05,1,Negative,Borrelia miyamotoi,HARV_022.20190805.IXOSCA.N,8,2019
HARV,HARV_022,evergreenForest,185.9,2019-08-05,1,Negative,Borrelia mayonii,HARV_022.20190805.IXOSCA.N,8,2019
HARV,HARV_022,evergreenForest,185.9,2019-08-05,1,Negative,Borrelia mayonii,HARV_022.20190805.IXOSCA.N,8,2019
HARV,HARV_022,evergreenForest,185.9,2019-08-05,1,Negative,Anaplasma phagocytophilum,HARV_022.20190805.IXOSCA.N,8,2019
HARV,HARV_022,evergreenForest,185.9,2019-08-05,1,Positive,Babesia microti,HARV_022.20190805.IXOSCA.N,8,2019
HARV,HARV_022,evergreenForest,185.9,2019-08-05,1,Negative,Anaplasma phagocytophilum,HARV_022.20190805.IXOSCA.N,8,2019
HARV,HARV_022,evergreenForest,185.9,2019-08-05,1,Negative,Babesia microti,HARV_022.20190805.IXOSCA.N,8,2019
HARV,HARV_022,evergreenForest,185.9,2019-08-05,1,Negative,Borrelia miyamotoi,HARV_022.20190805.IXOSCA.N,8,2019
HARV,HARV_022,evergreenForest,185.9,2019-08-05,1,Negative,Borrelia miyamotoi,HARV_022.20190805.IXOSCA.N,8,2019
HARV,HARV_022,evergreenForest,185.9,2019-08-05,1,Negative,Borrelia sp.,HARV_022.20190805.IXOSCA.N,8,2019
HARV,HARV_022,evergreenForest,185.9,2019-08-05,1,Negative,Ehrlichia muris-like,HARV_022.20190805.IXOSCA.N,8,2019
HARV,HARV_022,evergreenForest,185.9,2019-08-05,1,Negative,Babesia microti,HARV_022.20190805.IXOSCA.N,8,2019
HARV,HARV_022,evergreenForest,185.9,2019-08-05,1,Negative,Ehrlichia muris-like,HARV_022.20190805.IXOSCA.N,8,2019
HARV,HARV_022,evergreenForest,185.9,2019-08-05,1,Negative,Borrelia burgdorferi sensu lato,HARV_022.20190805.IXOSCA.N,8,2019
HARV,HARV_022,evergreenForest,185.9,2019-08-05,1,Negative,Ixodes pacificus,HARV_022.20190805.IXOSCA.N,8,2019
HARV,HARV_022,evergreenForest,185.9,2019-08-05,1,Negative,Borrelia sp.,HARV_022.20190805.IXOSCA.N,8,2019
HARV,HARV_022,evergreenForest,185.9,2019-08-05,1,Negative,Borrelia miyamotoi,HARV_022.20190805.IXOSCA.N,8,2019
HARV,HARV_022,evergreenForest,185.9,2019-08-05,1,Negative,Borrelia burgdorferi sensu lato,HARV_022.20190805.IXOSCA.N,8,2019
HARV,HARV_022,evergreenForest,185.9,2019-08-05,1,Negative,Anaplasma phagocytophilum,HARV_022.20190805.IXOSCA.N,8,2019
HARV,HARV_022,evergreenForest,185.9,2019-08-05,1,Negative,Borrelia burgdorferi sensu lato,HARV_022.20190805.IXOSCA.N,8,2019
HARV,HARV_022,evergreenForest,185.9,2019-08-05,1,Negative,Borrelia sp.,HARV_022.20190805.IXOSCA.N,8,2019
HARV,HARV_022,evergreenForest,185.9,2019-08-05,1,Negative,Anaplasma phagocytophilum,HARV_022.20190805.IXOSCA.N,8,2019
HARV,HARV_022,evergreenForest,185.9,2019-08-05,1,Positive,Borrelia sp.,HARV_022.20190805.IXOSCA.N,8,2019
HARV,HARV_022,evergreenForest,185.9,2019-08-05,1,Negative,Babesia microti,HARV_022.20190805.IXOSCA.N,8,2019
HARV,HARV_022,evergreenForest,185.9,2019-08-05,1,Positive,Borrelia sp.,HARV_022.20190805.IXOSCA.N,8,2019
HARV,HARV_022,evergreenForest,185.9,2019-08-05,1,Negative,Borrelia miyamotoi,HARV_022.20190805.IXOSCA.N,8,2019
HARV,HARV_022,evergreenForest,185.9,2019-08-05,1,Negative,Babesia microti,HARV_022.20190805.IXOSCA.N,8,2019
HARV,HARV_022,evergreenForest,185.9,2019-08-05,1,Negative,Ixodes pacificus,HARV_022.20190805.IXOSCA.N,8,2019
HARV,HARV_022,evergreenForest,185.9,2019-08-05,1,Negative,Borrelia miyamotoi,HARV_022.20190805.IXOSCA.N,8,2019
HARV,HARV_022,evergreenForest,185.9,2019-08-05,1,Negative,Ehrlichia muris-like,HARV_022.20190805.IXOSCA.N,8,2019
HARV,HARV_022,evergreenForest,185.9,2019-08-05,1,Negative,Babesia microti,HARV_022.20190805.IXOSCA.N,8,2019
HARV,HARV_022,evergreenForest,185.9,2019-08-05,1,Negative,Ehrlichia muris-like,HARV_022.20190805.IXOSCA.N,8,2019
HARV,HARV_022,evergreenForest,185.9,2019-08-05,1,Negative,Ehrlichia muris-like,HARV_022.20190805.IXOSCA.N,8,2019
HARV,HARV_022,evergreenForest,185.9,2019-08-05,1,Negative,Anaplasma phagocytophilum,HARV_022.20190805.IXOSCA.N,8,2019
HARV,HARV_022,evergreenForest,185.9,2019-08-05,1,Negative,Ehrlichia muris-like,HARV_022.20190805.IXOSCA.N,8,2019
HARV,HARV_022,evergreenForest,185.9,2019-08-05,1,Negative,Anaplasma phagocytophilum,HARV_022.20190805.IXOSCA.N,8,2019
HARV,HARV_022,evergreenForest,185.9,2019-08-05,1,Negative,Ehrlichia muris-like,HARV_022.20190805.IXOSCA.N,8,2019
HARV,HARV_022,evergreenForest,185.9,2019-08-05,1,Positive,Borrelia sp.,HARV_022.20190805.IXOSCA.N,8,2019
HARV,HARV_022,evergreenForest,185.9,2019-08-05,1,Negative,Borrelia mayonii,HARV_022.20190805.IXOSCA.N,8,2019
HARV,HARV_022,evergreenForest,185.9,2019-08-05,1,Negative,Borrelia mayonii,HARV_022.20190805.IXOSCA.N,8,2019
HARV,HARV_022,evergreenForest,185.9,2019-08-05,1,Negative,Borrelia mayonii,HARV_022.20190805.IXOSCA.N,8,2019
HARV,HARV_022,evergreenForest,185.9,2019-08-05,1,Negative,Borrelia mayonii,HARV_022.20190805.IXOSCA.N,8,2019
HARV,HARV_022,evergreenForest,185.9,2019-08-05,1,Positive,Borrelia burgdorferi sensu lato,HARV_022.20190805.IXOSCA.N,8,2019
HARV,HARV_022,evergreenForest,185.9,2019-08-05,1,Negative,Ixodes pacificus,HARV_022.20190805.IXOSCA.N,8,2019
HARV,HARV_022,evergreenForest,185.9,2019-08-05,1,Negative,Borrelia miyamotoi,HARV_022.20190805.IXOSCA.N,8,2019
HARV,HARV_022,evergreenForest,185.9,2019-08-05,1,Negative,Anaplasma phagocytophilum,HARV_022.20190805.IXOSCA.N,8,2019
HARV,HARV_022,evergreenForest,185.9,2019-08-05,1,Negative,Borrelia sp.,HARV_022.20190805.IXOSCA.N,8,2019
HARV,HARV_022,evergreenForest,185.9,2019-08-05,1,Positive,Borrelia sp.,HARV_022.20190805.IXOSCA.N,8,2019
HARV,HARV_022,evergreenForest,185.9,2019-08-05,1,Negative,Ixodes pacificus,HARV_022.20190805.IXOSCA.N,8,2019
HARV,HARV_022,evergreenForest,185.9,2019-08-05,1,Negative,Borrelia mayonii,HARV_022.20190805.IXOSCA.N,8,2019
HARV,HARV_022,evergreenForest,185.9,2019-08-05,1,Negative,Borrelia mayonii,HARV_022.20190805.IXOSCA.N,8,2019
HARV,HARV_022,evergreenForest,185.9,2019-08-05,1,Negative,Borrelia burgdorferi sensu lato,HARV_022.20190805.IXOSCA.N,8,2019
HARV,HARV_022,evergreenForest,185.9,2019-08-05,1,Negative,Anaplasma phagocytophilum,HARV_022.20190805.IXOSCA.N,8,2019
HARV,HARV_022,evergreenForest,185.9,2019-08-05,1,Negative,Ixodes pacificus,HARV_022.20190805.IXOSCA.N,8,2019
HARV,HARV_022,evergreenForest,185.9,2019-08-05,1,Negative,Borrelia sp.,HARV_022.20190805.IXOSCA.N,8,2019
HARV,HARV_022,evergreenForest,185.9,2019-08-05,1,Negative,Ixodes pacificus,HARV_022.20190805.IXOSCA.N,8,2019
HARV,HARV_022,evergreenForest,185.9,2019-08-05,1,Negative,Ehrlichia muris-like,HARV_022.20190805.IXOSCA.N,8,2019
HARV,HARV_001,deciduousForest,202.1,2019-08-06,1,Negative,Ehrlichia muris-like,HARV_001.20190806.IXOSCA.N,8,2019
HARV,HARV_001,deciduousForest,202.1,2019-08-06,1,Negative,Borrelia sp.,HARV_001.20190806.IXOSCA.N,8,2019
HARV,HARV_001,deciduousForest,202.1,2019-08-06,1,Negative,Ixodes pacificus,HARV_001.20190806.IXOSCA.N,8,2019
HARV,HARV_001,deciduousForest,202.1,2019-08-06,1,Negative,Borrelia sp.,HARV_001.20190806.IXOSCA.N,8,2019
HARV,HARV_001,deciduousForest,202.1,2019-08-06,1,Positive,Borrelia burgdorferi sensu lato,HARV_001.20190806.IXOSCA.N,8,2019
HARV,HARV_001,deciduousForest,202.1,2019-08-06,1,Negative,Anaplasma phagocytophilum,HARV_001.20190806.IXOSCA.N,8,2019
HARV,HARV_001,deciduousForest,202.1,2019-08-06,1,Negative,Ixodes pacificus,HARV_001.20190806.IXOSCA.N,8,2019
HARV,HARV_001,deciduousForest,202.1,2019-08-06,1,Negative,Borrelia burgdorferi sensu lato,HARV_001.20190806.IXOSCA.N,8,2019
HARV,HARV_001,deciduousForest,202.1,2019-08-06,1,Negative,Borrelia miyamotoi,HARV_001.20190806.IXOSCA.N,8,2019
HARV,HARV_001,deciduousForest,202.1,2019-08-06,1,Negative,Borrelia miyamotoi,HARV_001.20190806.IXOSCA.N,8,2019
HARV,HARV_001,deciduousForest,202.1,2019-08-06,1,Positive,Borrelia sp.,HARV_001.20190806.IXOSCA.N,8,2019
HARV,HARV_001,deciduousForest,202.1,2019-08-06,1,Negative,Ixodes pacificus,HARV_001.20190806.IXOSCA.N,8,2019
HARV,HARV_001,deciduousForest,202.1,2019-08-06,1,Negative,Borrelia mayonii,HARV_001.20190806.IXOSCA.N,8,2019
HARV,HARV_001,deciduousForest,202.1,2019-08-06,1,Negative,Babesia microti,HARV_001.20190806.IXOSCA.N,8,2019
HARV,HARV_001,deciduousForest,202.1,2019-08-06,1,Negative,Borrelia sp.,HARV_001.20190806.IXOSCA.N,8,2019
HARV,HARV_001,deciduousForest,202.1,2019-08-06,1,Negative,Borrelia burgdorferi sensu lato,HARV_001.20190806.IXOSCA.N,8,2019
HARV,HARV_001,deciduousForest,202.1,2019-08-06,1,Negative,Babesia microti,HARV_001.20190806.IXOSCA.N,8,2019
HARV,HARV_001,deciduousForest,202.1,2019-08-06,1,Negative,Anaplasma phagocytophilum,HARV_001.20190806.IXOSCA.N,8,2019
HARV,HARV_001,deciduousForest,202.1,2019-08-06,1,Positive,Borrelia sp.,HARV_001.20190806.IXOSCA.N,8,2019
HARV,HARV_001,deciduousForest,202.1,2019-08-06,1,Negative,Borrelia mayonii,HARV_001.20190806.IXOSCA.N,8,2019
HARV,HARV_001,deciduousForest,202.1,2019-08-06,1,Negative,Anaplasma phagocytophilum,HARV_001.20190806.IXOSCA.N,8,2019
HARV,HARV_001,deciduousForest,202.1,2019-08-06,1,Negative,Babesia microti,HARV_001.20190806.IXOSCA.N,8,2019
HARV,HARV_001,deciduousForest,202.1,2019-08-06,1,Negative,Borrelia miyamotoi,HARV_001.20190806.IXOSCA.N,8,2019
HARV,HARV_001,deciduousForest,202.1,2019-08-06,1,Negative,Borrelia mayonii,HARV_001.20190806.IXOSCA.N,8,2019
HARV,HARV_001,deciduousForest,202.1,2019-08-06,1,Negative,Ehrlichia muris-like,HARV_001.20190806.IXOSCA.N,8,2019
HARV,HARV_001,deciduousForest,202.1,2019-08-06,1,Negative,Borrelia miyamotoi,HARV_001.20190806.IXOSCA.N,8,2019
HARV,HARV_001,deciduousForest,202.1,2019-08-06,1,Negative,Borrelia miyamotoi,HARV_001.20190806.IXOSCA.N,8,2019
HARV,HARV_001,deciduousForest,202.1,2019-08-06,1,Negative,Anaplasma phagocytophilum,HARV_001.20190806.IXOSCA.N,8,2019
HARV,HARV_001,deciduousForest,202.1,2019-08-06,1,Negative,Babesia microti,HARV_001.20190806.IXOSCA.N,8,2019
HARV,HARV_001,deciduousForest,202.1,2019-08-06,1,Negative,Borrelia burgdorferi sensu lato,HARV_001.20190806.IXOSCA.N,8,2019
HARV,HARV_001,deciduousForest,202.1,2019-08-06,1,Negative,Anaplasma phagocytophilum,HARV_001.20190806.IXOSCA.N,8,2019
HARV,HARV_001,deciduousForest,202.1,2019-08-06,1,Negative,Ixodes pacificus,HARV_001.20190806.IXOSCA.N,8,2019
HARV,HARV_001,deciduousForest,202.1,2019-08-06,1,Negative,Ixodes pacificus,HARV_001.20190806.IXOSCA.N,8,2019
HARV,HARV_001,deciduousForest,202.1,2019-08-06,1,Negative,Babesia microti,HARV_001.20190806.IXOSCA.N,8,2019
HARV,HARV_001,deciduousForest,202.1,2019-08-06,1,Negative,Ixodes pacificus,HARV_001.20190806.IXOSCA.N,8,2019
HARV,HARV_001,deciduousForest,202.1,2019-08-06,1,Negative,Ixodes pacificus,HARV_001.20190806.IXOSCA.N,8,2019
HARV,HARV_001,deciduousForest,202.1,2019-08-06,1,Positive,Borrelia burgdorferi sensu lato,HARV_001.20190806.IXOSCA.N,8,2019
HARV,HARV_001,deciduousForest,202.1,2019-08-06,1,Negative,Borrelia burgdorferi sensu lato,HARV_001.20190806.IXOSCA.N,8,2019
HARV,HARV_001,deciduousForest,202.1,2019-08-06,1,Negative,Babesia microti,HARV_001.20190806.IXOSCA.N,8,2019
HARV,HARV_001,deciduousForest,202.1,2019-08-06,1,Negative,Ehrlichia muris-like,HARV_001.20190806.IXOSCA.N,8,2019
HARV,HARV_001,deciduousForest,202.1,2019-08-06,1,Negative,Borrelia sp.,HARV_001.20190806.IXOSCA.N,8,2019
HARV,HARV_001,deciduousForest,202.1,2019-08-06,1,Negative,Ixodes pacificus,HARV_001.20190806.IXOSCA.N,8,2019
HARV,HARV_001,deciduousForest,202.1,2019-08-06,1,Negative,Babesia microti,HARV_001.20190806.IXOSCA.N,8,2019
HARV,HARV_001,deciduousForest,202.1,2019-08-06,1,Negative,Anaplasma phagocytophilum,HARV_001.20190806.IXOSCA.N,8,2019
HARV,HARV_001,deciduousForest,202.1,2019-08-06,1,Negative,Ehrlichia muris-like,HARV_001.20190806.IXOSCA.N,8,2019
HARV,HARV_001,deciduousForest,202.1,2019-08-06,1,Negative,Borrelia miyamotoi,HARV_001.20190806.IXOSCA.N,8,2019
HARV,HARV_001,deciduousForest,202.1,2019-08-06,1,Negative,Anaplasma phagocytophilum,HARV_001.20190806.IXOSCA.N,8,2019
HARV,HARV_001,deciduousForest,202.1,2019-08-06,1,Negative,Borrelia mayonii,HARV_001.20190806.IXOSCA.N,8,2019
HARV,HARV_001,deciduousForest,202.1,2019-08-06,1,Negative,Borrelia burgdorferi sensu lato,HARV_001.20190806.IXOSCA.N,8,2019
HARV,HARV_001,deciduousForest,202.1,2019-08-06,1,Negative,Borrelia mayonii,HARV_001.20190806.IXOSCA.N,8,2019
HARV,HARV_001,deciduousForest,202.1,2019-08-06,1,Negative,Borrelia miyamotoi,HARV_001.20190806.IXOSCA.N,8,2019
HARV,HARV_001,deciduousForest,202.1,2019-08-06,1,Negative,Borrelia mayonii,HARV_001.20190806.IXOSCA.N,8,2019
HARV,HARV_001,deciduousForest,202.1,2019-08-06,1,Negative,Anaplasma phagocytophilum,HARV_001.20190806.IXOSCA.N,8,2019
HARV,HARV_001,deciduousForest,202.1,2019-08-06,1,Negative,Ehrlichia muris-like,HARV_001.20190806.IXOSCA.N,8,2019
HARV,HARV_001,deciduousForest,202.1,2019-08-06,1,Negative,Borrelia mayonii,HARV_001.20190806.IXOSCA.N,8,2019
HARV,HARV_001,deciduousForest,202.1,2019-08-06,1,Negative,Borrelia sp.,HARV_001.20190806.IXOSCA.N,8,2019
HARV,HARV_001,deciduousForest,202.1,2019-08-06,1,Negative,Borrelia mayonii,HARV_001.20190806.IXOSCA.N,8,2019
HARV,HARV_001,deciduousForest,202.1,2019-08-06,1,Negative,Borrelia burgdorferi sensu lato,HARV_001.20190806.IXOSCA.N,8,2019
HARV,HARV_001,deciduousForest,202.1,2019-08-06,1,Negative,Borrelia sp.,HARV_001.20190806.IXOSCA.N,8,2019
HARV,HARV_001,deciduousForest,202.1,2019-08-06,1,Negative,Babesia microti,HARV_001.20190806.IXOSCA.N,8,2019
HARV,HARV_001,deciduousForest,202.1,2019-08-06,1,Negative,Ehrlichia muris-like,HARV_001.20190806.IXOSCA.N,8,2019
HARV,HARV_001,deciduousForest,202.1,2019-08-06,1,Negative,Borrelia miyamotoi,HARV_001.20190806.IXOSCA.N,8,2019
HARV,HARV_001,deciduousForest,202.1,2019-08-06,1,Negative,Ehrlichia muris-like,HARV_001.20190806.IXOSCA.N,8,2019
HARV,HARV_001,deciduousForest,202.1,2019-08-06,1,Negative,Ehrlichia muris-like,HARV_001.20190806.IXOSCA.N,8,2019
HARV,HARV_004,mixedForest,182.6,2019-08-06,1,Negative,Ehrlichia muris-like,HARV_004.20190806.IXOSCA.N,8,2019
HARV,HARV_004,mixedForest,182.6,2019-08-06,1,Negative,Borrelia mayonii,HARV_004.20190806.IXOSCA.N,8,2019
HARV,HARV_004,mixedForest,182.6,2019-08-06,1,Positive,Borrelia sp.,HARV_004.20190806.IXOSCA.N,8,2019
HARV,HARV_004,mixedForest,182.6,2019-08-06,1,Positive,Borrelia sp.,HARV_004.20190806.IXOSCA.N,8,2019
HARV,HARV_004,mixedForest,182.6,2019-08-06,1,Positive,Borrelia burgdorferi sensu lato,HARV_004.20190806.IXOSCA.N,8,2019
HARV,HARV_004,mixedForest,182.6,2019-08-06,1,Positive,Borrelia burgdorferi sensu lato,HARV_004.20190806.IXOSCA.N,8,2019
HARV,HARV_004,mixedForest,182.6,2019-08-06,1,Negative,Borrelia miyamotoi,HARV_004.20190806.IXOSCA.N,8,2019
HARV,HARV_004,mixedForest,182.6,2019-08-06,1,Negative,Anaplasma phagocytophilum,HARV_004.20190806.IXOSCA.N,8,2019
HARV,HARV_004,mixedForest,182.6,2019-08-06,1,Negative,Ehrlichia muris-like,HARV_004.20190806.IXOSCA.N,8,2019
HARV,HARV_004,mixedForest,182.6,2019-08-06,1,Negative,Anaplasma phagocytophilum,HARV_004.20190806.IXOSCA.N,8,2019
HARV,HARV_004,mixedForest,182.6,2019-08-06,1,Positive,Anaplasma phagocytophilum,HARV_004.20190806.IXOSCA.N,8,2019
HARV,HARV_004,mixedForest,182.6,2019-08-06,1,Negative,Ehrlichia muris-like,HARV_004.20190806.IXOSCA.N,8,2019
HARV,HARV_004,mixedForest,182.6,2019-08-06,1,Negative,Borrelia miyamotoi,HARV_004.20190806.IXOSCA.N,8,2019
HARV,HARV_004,mixedForest,182.6,2019-08-06,1,Negative,Ixodes pacificus,HARV_004.20190806.IXOSCA.N,8,2019
HARV,HARV_004,mixedForest,182.6,2019-08-06,1,Negative,Borrelia burgdorferi sensu lato,HARV_004.20190806.IXOSCA.N,8,2019
HARV,HARV_004,mixedForest,182.6,2019-08-06,1,Negative,Babesia microti,HARV_004.20190806.IXOSCA.N,8,2019
HARV,HARV_004,mixedForest,182.6,2019-08-06,1,Negative,Borrelia mayonii,HARV_004.20190806.IXOSCA.N,8,2019
HARV,HARV_004,mixedForest,182.6,2019-08-06,1,Negative,Borrelia sp.,HARV_004.20190806.IXOSCA.N,8,2019
HARV,HARV_004,mixedForest,182.6,2019-08-06,1,Negative,Borrelia burgdorferi sensu lato,HARV_004.20190806.IXOSCA.N,8,2019
HARV,HARV_004,mixedForest,182.6,2019-08-06,1,Negative,Babesia microti,HARV_004.20190806.IXOSCA.N,8,2019
HARV,HARV_004,mixedForest,182.6,2019-08-06,1,Negative,Borrelia miyamotoi,HARV_004.20190806.IXOSCA.N,8,2019
HARV,HARV_004,mixedForest,182.6,2019-08-06,1,Negative,Borrelia mayonii,HARV_004.20190806.IXOSCA.N,8,2019
HARV,HARV_004,mixedForest,182.6,2019-08-06,1,Negative,Borrelia mayonii,HARV_004.20190806.IXOSCA.N,8,2019
HARV,HARV_004,mixedForest,182.6,2019-08-06,1,Negative,Borrelia sp.,HARV_004.20190806.IXOSCA.N,8,2019
HARV,HARV_004,mixedForest,182.6,2019-08-06,1,Negative,Borrelia miyamotoi,HARV_004.20190806.IXOSCA.N,8,2019
HARV,HARV_004,mixedForest,182.6,2019-08-06,1,Positive,Borrelia burgdorferi sensu lato,HARV_004.20190806.IXOSCA.N,8,2019
HARV,HARV_004,mixedForest,182.6,2019-08-06,1,Negative,Anaplasma phagocytophilum,HARV_004.20190806.IXOSCA.N,8,2019
HARV,HARV_004,mixedForest,182.6,2019-08-06,1,Negative,Anaplasma phagocytophilum,HARV_004.20190806.IXOSCA.N,8,2019
HARV,HARV_004,mixedForest,182.6,2019-08-06,1,Negative,Borrelia burgdorferi sensu lato,HARV_004.20190806.IXOSCA.N,8,2019
HARV,HARV_004,mixedForest,182.6,2019-08-06,1,Positive,Borrelia sp.,HARV_004.20190806.IXOSCA.N,8,2019
HARV,HARV_004,mixedForest,182.6,2019-08-06,1,Negative,Borrelia mayonii,HARV_004.20190806.IXOSCA.N,8,2019
HARV,HARV_004,mixedForest,182.6,2019-08-06,1,Negative,Borrelia mayonii,HARV_004.20190806.IXOSCA.N,8,2019
HARV,HARV_004,mixedForest,182.6,2019-08-06,1,Negative,Ixodes pacificus,HARV_004.20190806.IXOSCA.N,8,2019
HARV,HARV_004,mixedForest,182.6,2019-08-06,1,Negative,Ehrlichia muris-like,HARV_004.20190806.IXOSCA.N,8,2019
HARV,HARV_004,mixedForest,182.6,2019-08-06,1,Negative,Anaplasma phagocytophilum,HARV_004.20190806.IXOSCA.N,8,2019
HARV,HARV_004,mixedForest,182.6,2019-08-06,1,Negative,Borrelia miyamotoi,HARV_004.20190806.IXOSCA.N,8,2019
HARV,HARV_004,mixedForest,182.6,2019-08-06,1,Negative,Babesia microti,HARV_004.20190806.IXOSCA.N,8,2019
HARV,HARV_004,mixedForest,182.6,2019-08-06,1,Negative,Ixodes pacificus,HARV_004.20190806.IXOSCA.N,8,2019
HARV,HARV_004,mixedForest,182.6,2019-08-06,1,Negative,Ehrlichia muris-like,HARV_004.20190806.IXOSCA.N,8,2019
HARV,HARV_004,mixedForest,182.6,2019-08-06,1,Negative,Babesia microti,HARV_004.20190806.IXOSCA.N,8,2019
HARV,HARV_004,mixedForest,182.6,2019-08-06,1,Negative,Ixodes pacificus,HARV_004.20190806.IXOSCA.N,8,2019
HARV,HARV_004,mixedForest,182.6,2019-08-06,1,Negative,Borrelia sp.,HARV_004.20190806.IXOSCA.N,8,2019
HARV,HARV_004,mixedForest,182.6,2019-08-06,1,Negative,Borrelia miyamotoi,HARV_004.20190806.IXOSCA.N,8,2019
HARV,HARV_004,mixedForest,182.6,2019-08-06,1,Negative,Anaplasma phagocytophilum,HARV_004.20190806.IXOSCA.N,8,2019
HARV,HARV_004,mixedForest,182.6,2019-08-06,1,Negative,Borrelia mayonii,HARV_004.20190806.IXOSCA.N,8,2019
HARV,HARV_004,mixedForest,182.6,2019-08-06,1,Negative,Ehrlichia muris-like,HARV_004.20190806.IXOSCA.N,8,2019
HARV,HARV_004,mixedForest,182.6,2019-08-06,1,Negative,Ixodes pacificus,HARV_004.20190806.IXOSCA.N,8,2019
HARV,HARV_004,mixedForest,182.6,2019-08-06,1,Negative,Ehrlichia muris-like,HARV_004.20190806.IXOSCA.N,8,2019
HARV,HARV_004,mixedForest,182.6,2019-08-06,1,Negative,Babesia microti,HARV_004.20190806.IXOSCA.N,8,2019
HARV,HARV_004,mixedForest,182.6,2019-08-06,1,Negative,Ixodes pacificus,HARV_004.20190806.IXOSCA.N,8,2019
HARV,HARV_004,mixedForest,182.6,2019-08-06,1,Negative,Borrelia sp.,HARV_004.20190806.IXOSCA.N,8,2019
HARV,HARV_004,mixedForest,182.6,2019-08-06,1,Negative,Borrelia mayonii,HARV_004.20190806.IXOSCA.N,8,2019
HARV,HARV_004,mixedForest,182.6,2019-08-06,1,Negative,Babesia microti,HARV_004.20190806.IXOSCA.N,8,2019
HARV,HARV_004,mixedForest,182.6,2019-08-06,1,Negative,Ixodes pacificus,HARV_004.20190806.IXOSCA.N,8,2019
HARV,HARV_004,mixedForest,182.6,2019-08-06,1,Negative,Borrelia miyamotoi,HARV_004.20190806.IXOSCA.N,8,2019
HARV,HARV_004,mixedForest,182.6,2019-08-06,1,Negative,Ehrlichia muris-like,HARV_004.20190806.IXOSCA.N,8,2019
HARV,HARV_004,mixedForest,182.6,2019-08-06,1,Negative,Borrelia burgdorferi sensu lato,HARV_004.20190806.IXOSCA.N,8,2019
HARV,HARV_004,mixedForest,182.6,2019-08-06,1,Negative,Ixodes pacificus,HARV_004.20190806.IXOSCA.N,8,2019
HARV,HARV_004,mixedForest,182.6,2019-08-06,1,Negative,Babesia microti,HARV_004.20190806.IXOSCA.N,8,2019
HARV,HARV_004,mixedForest,182.6,2019-08-06,1,Negative,Borrelia miyamotoi,HARV_004.20190806.IXOSCA.N,8,2019
HARV,HARV_004,mixedForest,182.6,2019-08-06,1,Negative,Anaplasma phagocytophilum,HARV_004.20190806.IXOSCA.N,8,2019
HARV,HARV_004,mixedForest,182.6,2019-08-06,1,Negative,Borrelia burgdorferi sensu lato,HARV_004.20190806.IXOSCA.N,8,2019
HARV,HARV_004,mixedForest,182.6,2019-08-06,1,Negative,Babesia microti,HARV_004.20190806.IXOSCA.N,8,2019
HARV,HARV_004,mixedForest,182.6,2019-08-06,1,Negative,Borrelia sp.,HARV_004.20190806.IXOSCA.N,8,2019
HARV,HARV_002,deciduousForest,187.7,2019-08-06,1,Negative,Borrelia mayonii,HARV_002.20190806.IXOSCA.N,8,2019
HARV,HARV_002,deciduousForest,187.7,2019-08-06,1,Negative,Borrelia mayonii,HARV_002.20190806.IXOSCA.N,8,2019
HARV,HARV_002,deciduousForest,187.7,2019-08-06,1,Negative,Babesia microti,HARV_002.20190806.IXOSCA.N,8,2019
HARV,HARV_002,deciduousForest,187.7,2019-08-06,1,Negative,Borrelia miyamotoi,HARV_002.20190806.IXOSCA.N,8,2019
HARV,HARV_002,deciduousForest,187.7,2019-08-06,1,Negative,Ehrlichia muris-like,HARV_002.20190806.IXOSCA.N,8,2019
HARV,HARV_002,deciduousForest,187.7,2019-08-06,1,Negative,Ixodes pacificus,HARV_002.20190806.IXOSCA.N,8,2019
HARV,HARV_002,deciduousForest,187.7,2019-08-06,1,Negative,Ehrlichia muris-like,HARV_002.20190806.IXOSCA.N,8,2019
HARV,HARV_002,deciduousForest,187.7,2019-08-06,1,Negative,Borrelia burgdorferi sensu lato,HARV_002.20190806.IXOSCA.N,8,2019
HARV,HARV_002,deciduousForest,187.7,2019-08-06,1,Negative,Borrelia burgdorferi sensu lato,HARV_002.20190806.IXOSCA.N,8,2019
HARV,HARV_002,deciduousForest,187.7,2019-08-06,1,Negative,Babesia microti,HARV_002.20190806.IXOSCA.N,8,2019
HARV,HARV_002,deciduousForest,187.7,2019-08-06,1,Negative,Anaplasma phagocytophilum,HARV_002.20190806.IXOSCA.N,8,2019
HARV,HARV_002,deciduousForest,187.7,2019-08-06,1,Negative,Borrelia miyamotoi,HARV_002.20190806.IXOSCA.N,8,2019
HARV,HARV_002,deciduousForest,187.7,2019-08-06,1,Negative,Borrelia sp.,HARV_002.20190806.IXOSCA.N,8,2019
HARV,HARV_002,deciduousForest,187.7,2019-08-06,1,Negative,Ixodes pacificus,HARV_002.20190806.IXOSCA.N,8,2019
HARV,HARV_002,deciduousForest,187.7,2019-08-06,1,Negative,Anaplasma phagocytophilum,HARV_002.20190806.IXOSCA.N,8,2019
HARV,HARV_002,deciduousForest,187.7,2019-08-06,1,Negative,Borrelia sp.,HARV_002.20190806.IXOSCA.N,8,2019
HARV,HARV_022,evergreenForest,185.9,2019-08-26,1,Negative,Borrelia miyamotoi,HARV_022.20190826.IXOSCA.N,8,2019
HARV,HARV_022,evergreenForest,185.9,2019-08-26,1,Negative,Ehrlichia muris-like,HARV_022.20190826.IXOSCA.N,8,2019
HARV,HARV_022,evergreenForest,185.9,2019-08-26,1,Negative,Borrelia sp.,HARV_022.20190826.IXOSCA.N,8,2019
HARV,HARV_022,evergreenForest,185.9,2019-08-26,1,Negative,Ixodes pacificus,HARV_022.20190826.IXOSCA.N,8,2019
HARV,HARV_022,evergreenForest,185.9,2019-08-26,1,Negative,Anaplasma phagocytophilum,HARV_022.20190826.IXOSCA.N,8,2019
HARV,HARV_022,evergreenForest,185.9,2019-08-26,1,Positive,Borrelia burgdorferi sensu lato,HARV_022.20190826.IXOSCA.N,8,2019
HARV,HARV_022,evergreenForest,185.9,2019-08-26,1,Negative,Borrelia mayonii,HARV_022.20190826.IXOSCA.N,8,2019
HARV,HARV_022,evergreenForest,185.9,2019-08-26,1,Negative,Babesia microti,HARV_022.20190826.IXOSCA.N,8,2019
HARV,HARV_022,evergreenForest,185.9,2019-08-26,1,Negative,Borrelia miyamotoi,HARV_022.20190826.IXOSCA.N,8,2019
HARV,HARV_022,evergreenForest,185.9,2019-08-26,1,Positive,Borrelia sp.,HARV_022.20190826.IXOSCA.N,8,2019
HARV,HARV_022,evergreenForest,185.9,2019-08-26,1,Negative,Borrelia miyamotoi,HARV_022.20190826.IXOSCA.N,8,2019
HARV,HARV_022,evergreenForest,185.9,2019-08-26,1,Negative,Borrelia mayonii,HARV_022.20190826.IXOSCA.N,8,2019
HARV,HARV_022,evergreenForest,185.9,2019-08-26,1,Negative,Anaplasma phagocytophilum,HARV_022.20190826.IXOSCA.N,8,2019
HARV,HARV_022,evergreenForest,185.9,2019-08-26,1,Negative,Ehrlichia muris-like,HARV_022.20190826.IXOSCA.N,8,2019
HARV,HARV_022,evergreenForest,185.9,2019-08-26,1,Negative,Borrelia miyamotoi,HARV_022.20190826.IXOSCA.N,8,2019
HARV,HARV_022,evergreenForest,185.9,2019-08-26,1,Negative,Anaplasma phagocytophilum,HARV_022.20190826.IXOSCA.N,8,2019
HARV,HARV_022,evergreenForest,185.9,2019-08-26,1,Negative,Borrelia sp.,HARV_022.20190826.IXOSCA.N,8,2019
HARV,HARV_022,evergreenForest,185.9,2019-08-26,1,Negative,Ixodes pacificus,HARV_022.20190826.IXOSCA.N,8,2019
HARV,HARV_022,evergreenForest,185.9,2019-08-26,1,Negative,Ixodes pacificus,HARV_022.20190826.IXOSCA.N,8,2019
HARV,HARV_022,evergreenForest,185.9,2019-08-26,1,Negative,Borrelia miyamotoi,HARV_022.20190826.IXOSCA.N,8,2019
HARV,HARV_022,evergreenForest,185.9,2019-08-26,1,Positive,Borrelia sp.,HARV_022.20190826.IXOSCA.N,8,2019
HARV,HARV_022,evergreenForest,185.9,2019-08-26,1,Positive,Borrelia burgdorferi sensu lato,HARV_022.20190826.IXOSCA.N,8,2019
HARV,HARV_022,evergreenForest,185.9,2019-08-26,1,Negative,Anaplasma phagocytophilum,HARV_022.20190826.IXOSCA.N,8,2019
HARV,HARV_022,evergreenForest,185.9,2019-08-26,1,Negative,Borrelia sp.,HARV_022.20190826.IXOSCA.N,8,2019
HARV,HARV_022,evergreenForest,185.9,2019-08-26,1,Negative,Ixodes pacificus,HARV_022.20190826.IXOSCA.N,8,2019
HARV,HARV_022,evergreenForest,185.9,2019-08-26,1,Negative,Babesia microti,HARV_022.20190826.IXOSCA.N,8,2019
HARV,HARV_022,evergreenForest,185.9,2019-08-26,1,Negative,Ixodes pacificus,HARV_022.20190826.IXOSCA.N,8,2019
HARV,HARV_022,evergreenForest,185.9,2019-08-26,1,Negative,Ehrlichia muris-like,HARV_022.20190826.IXOSCA.N,8,2019
HARV,HARV_022,evergreenForest,185.9,2019-08-26,1,Negative,Borrelia mayonii,HARV_022.20190826.IXOSCA.N,8,2019
HARV,HARV_022,evergreenForest,185.9,2019-08-26,1,Negative,Borrelia burgdorferi sensu lato,HARV_022.20190826.IXOSCA.N,8,2019
HARV,HARV_022,evergreenForest,185.9,2019-08-26,1,Negative,Borrelia miyamotoi,HARV_022.20190826.IXOSCA.N,8,2019
HARV,HARV_022,evergreenForest,185.9,2019-08-26,1,Positive,Borrelia sp.,HARV_022.20190826.IXOSCA.N,8,2019
HARV,HARV_022,evergreenForest,185.9,2019-08-26,1,Negative,Babesia microti,HARV_022.20190826.IXOSCA.N,8,2019
HARV,HARV_022,evergreenForest,185.9,2019-08-26,1,Negative,Borrelia mayonii,HARV_022.20190826.IXOSCA.N,8,2019
HARV,HARV_022,evergreenForest,185.9,2019-08-26,1,Negative,Ehrlichia muris-like,HARV_022.20190826.IXOSCA.N,8,2019
HARV,HARV_022,evergreenForest,185.9,2019-08-26,1,Negative,Ehrlichia muris-like,HARV_022.20190826.IXOSCA.N,8,2019
HARV,HARV_022,evergreenForest,185.9,2019-08-26,1,Negative,Borrelia miyamotoi,HARV_022.20190826.IXOSCA.N,8,2019
HARV,HARV_022,evergreenForest,185.9,2019-08-26,1,Positive,Borrelia burgdorferi sensu lato,HARV_022.20190826.IXOSCA.N,8,2019
HARV,HARV_022,evergreenForest,185.9,2019-08-26,1,Negative,Borrelia sp.,HARV_022.20190826.IXOSCA.N,8,2019
HARV,HARV_022,evergreenForest,185.9,2019-08-26,1,Negative,Borrelia burgdorferi sensu lato,HARV_022.20190826.IXOSCA.N,8,2019
HARV,HARV_022,evergreenForest,185.9,2019-08-26,1,Positive,Borrelia burgdorferi sensu lato,HARV_022.20190826.IXOSCA.N,8,2019
HARV,HARV_022,evergreenForest,185.9,2019-08-26,1,Negative,Ixodes pacificus,HARV_022.20190826.IXOSCA.N,8,2019
HARV,HARV_022,evergreenForest,185.9,2019-08-26,1,Negative,Ehrlichia muris-like,HARV_022.20190826.IXOSCA.N,8,2019
HARV,HARV_022,evergreenForest,185.9,2019-08-26,1,Negative,Ixodes pacificus,HARV_022.20190826.IXOSCA.N,8,2019
HARV,HARV_022,evergreenForest,185.9,2019-08-26,1,Negative,Borrelia mayonii,HARV_022.20190826.IXOSCA.N,8,2019
HARV,HARV_022,evergreenForest,185.9,2019-08-26,1,Positive,Borrelia sp.,HARV_022.20190826.IXOSCA.N,8,2019
HARV,HARV_022,evergreenForest,185.9,2019-08-26,1,Negative,Borrelia burgdorferi sensu lato,HARV_022.20190826.IXOSCA.N,8,2019
HARV,HARV_022,evergreenForest,185.9,2019-08-26,1,Negative,Anaplasma phagocytophilum,HARV_022.20190826.IXOSCA.N,8,2019
HARV,HARV_022,evergreenForest,185.9,2019-08-26,1,Negative,Babesia microti,HARV_022.20190826.IXOSCA.N,8,2019
HARV,HARV_022,evergreenForest,185.9,2019-08-26,1,Negative,Borrelia mayonii,HARV_022.20190826.IXOSCA.N,8,2019
HARV,HARV_022,evergreenForest,185.9,2019-08-26,1,Negative,Anaplasma phagocytophilum,HARV_022.20190826.IXOSCA.N,8,2019
HARV,HARV_022,evergreenForest,185.9,2019-08-26,1,Positive,Babesia microti,HARV_022.20190826.IXOSCA.N,8,2019
HARV,HARV_022,evergreenForest,185.9,2019-08-26,1,Negative,Ehrlichia muris-like,HARV_022.20190826.IXOSCA.N,8,2019
HARV,HARV_022,evergreenForest,185.9,2019-08-26,1,Negative,Anaplasma phagocytophilum,HARV_022.20190826.IXOSCA.N,8,2019
HARV,HARV_022,evergreenForest,185.9,2019-08-26,1,Negative,Babesia microti,HARV_022.20190826.IXOSCA.N,8,2019
HARV,HARV_022,evergreenForest,185.9,2019-08-26,1,Negative,Ixodes pacificus,HARV_022.20190826.IXOSCA.N,8,2019
HARV,HARV_022,evergreenForest,185.9,2019-08-26,1,Negative,Borrelia mayonii,HARV_022.20190826.IXOSCA.N,8,2019
HARV,HARV_022,evergreenForest,185.9,2019-08-26,1,Negative,Borrelia miyamotoi,HARV_022.20190826.IXOSCA.N,8,2019
HARV,HARV_022,evergreenForest,185.9,2019-08-26,1,Negative,Borrelia mayonii,HARV_022.20190826.IXOSCA.N,8,2019
HARV,HARV_022,evergreenForest,185.9,2019-08-26,1,Negative,Borrelia burgdorferi sensu lato,HARV_022.20190826.IXOSCA.N,8,2019
HARV,HARV_022,evergreenForest,185.9,2019-08-26,1,Negative,Ehrlichia muris-like,HARV_022.20190826.IXOSCA.N,8,2019
HARV,HARV_022,evergreenForest,185.9,2019-08-26,1,Negative,Anaplasma phagocytophilum,HARV_022.20190826.IXOSCA.N,8,2019
HARV,HARV_022,evergreenForest,185.9,2019-08-26,1,Negative,Babesia microti,HARV_022.20190826.IXOSCA.N,8,2019
HARV,HARV_022,evergreenForest,185.9,2019-08-26,1,Negative,Babesia microti,HARV_022.20190826.IXOSCA.N,8,2019
HARV,HARV_002,deciduousForest,187.7,2019-08-26,1,Negative,Ehrlichia muris-like,HARV_002.20190826.IXOSCA.N,8,2019
HARV,HARV_002,deciduousForest,187.7,2019-08-26,1,Negative,Anaplasma phagocytophilum,HARV_002.20190826.IXOSCA.N,8,2019
HARV,HARV_002,deciduousForest,187.7,2019-08-26,1,Negative,Borrelia burgdorferi sensu lato,HARV_002.20190826.IXOSCA.N,8,2019
HARV,HARV_002,deciduousForest,187.7,2019-08-26,1,Negative,Borrelia sp.,HARV_002.20190826.IXOSCA.N,8,2019
HARV,HARV_002,deciduousForest,187.7,2019-08-26,1,Negative,Borrelia burgdorferi sensu lato,HARV_002.20190826.IXOSCA.N,8,2019
HARV,HARV_002,deciduousForest,187.7,2019-08-26,1,Negative,Borrelia mayonii,HARV_002.20190826.IXOSCA.N,8,2019
HARV,HARV_002,deciduousForest,187.7,2019-08-26,1,Negative,Babesia microti,HARV_002.20190826.IXOSCA.N,8,2019
HARV,HARV_002,deciduousForest,187.7,2019-08-26,1,Negative,Borrelia sp.,HARV_002.20190826.IXOSCA.N,8,2019
HARV,HARV_002,deciduousForest,187.7,2019-08-26,1,Negative,Babesia microti,HARV_002.20190826.IXOSCA.N,8,2019
HARV,HARV_002,deciduousForest,187.7,2019-08-26,1,Negative,Borrelia miyamotoi,HARV_002.20190826.IXOSCA.N,8,2019
HARV,HARV_002,deciduousForest,187.7,2019-08-26,1,Negative,Ixodes pacificus,HARV_002.20190826.IXOSCA.N,8,2019
HARV,HARV_002,deciduousForest,187.7,2019-08-26,1,Negative,Anaplasma phagocytophilum,HARV_002.20190826.IXOSCA.N,8,2019
HARV,HARV_002,deciduousForest,187.7,2019-08-26,1,Negative,Borrelia mayonii,HARV_002.20190826.IXOSCA.N,8,2019
HARV,HARV_002,deciduousForest,187.7,2019-08-26,1,Negative,Borrelia miyamotoi,HARV_002.20190826.IXOSCA.N,8,2019
HARV,HARV_002,deciduousForest,187.7,2019-08-26,1,Negative,Ehrlichia muris-like,HARV_002.20190826.IXOSCA.N,8,2019
HARV,HARV_002,deciduousForest,187.7,2019-08-26,1,Negative,Ixodes pacificus,HARV_002.20190826.IXOSCA.N,8,2019
HARV,HARV_004,mixedForest,182.6,2019-08-26,1,Negative,Borrelia mayonii,HARV_004.20190826.IXOSCA.N,8,2019
HARV,HARV_004,mixedForest,182.6,2019-08-26,1,Negative,Borrelia mayonii,HARV_004.20190826.IXOSCA.N,8,2019
HARV,HARV_004,mixedForest,182.6,2019-08-26,1,Negative,Ixodes pacificus,HARV_004.20190826.IXOSCA.N,8,2019
HARV,HARV_004,mixedForest,182.6,2019-08-26,1,Negative,Ehrlichia muris-like,HARV_004.20190826.IXOSCA.N,8,2019
HARV,HARV_004,mixedForest,182.6,2019-08-26,1,Negative,Anaplasma phagocytophilum,HARV_004.20190826.IXOSCA.N,8,2019
HARV,HARV_004,mixedForest,182.6,2019-08-26,1,Negative,Babesia microti,HARV_004.20190826.IXOSCA.N,8,2019
HARV,HARV_004,mixedForest,182.6,2019-08-26,1,Negative,Borrelia miyamotoi,HARV_004.20190826.IXOSCA.N,8,2019
HARV,HARV_004,mixedForest,182.6,2019-08-26,1,Negative,Borrelia sp.,HARV_004.20190826.IXOSCA.N,8,2019
HARV,HARV_004,mixedForest,182.6,2019-08-26,1,Negative,Babesia microti,HARV_004.20190826.IXOSCA.N,8,2019
HARV,HARV_004,mixedForest,182.6,2019-08-26,1,Negative,Borrelia sp.,HARV_004.20190826.IXOSCA.N,8,2019
HARV,HARV_004,mixedForest,182.6,2019-08-26,1,Negative,Anaplasma phagocytophilum,HARV_004.20190826.IXOSCA.N,8,2019
HARV,HARV_004,mixedForest,182.6,2019-08-26,1,Negative,Ehrlichia muris-like,HARV_004.20190826.IXOSCA.N,8,2019
HARV,HARV_004,mixedForest,182.6,2019-08-26,1,Negative,Babesia microti,HARV_004.20190826.IXOSCA.N,8,2019
HARV,HARV_004,mixedForest,182.6,2019-08-26,1,Negative,Borrelia burgdorferi sensu lato,HARV_004.20190826.IXOSCA.N,8,2019
HARV,HARV_004,mixedForest,182.6,2019-08-26,1,Negative,Borrelia miyamotoi,HARV_004.20190826.IXOSCA.N,8,2019
HARV,HARV_004,mixedForest,182.6,2019-08-26,1,Negative,Borrelia burgdorferi sensu lato,HARV_004.20190826.IXOSCA.N,8,2019
HARV,HARV_004,mixedForest,182.6,2019-08-26,1,Negative,Ixodes pacificus,HARV_004.20190826.IXOSCA.N,8,2019
HARV,HARV_004,mixedForest,182.6,2019-08-26,1,Negative,Borrelia miyamotoi,HARV_004.20190826.IXOSCA.N,8,2019
HARV,HARV_004,mixedForest,182.6,2019-08-26,1,Negative,Anaplasma phagocytophilum,HARV_004.20190826.IXOSCA.N,8,2019
HARV,HARV_004,mixedForest,182.6,2019-08-26,1,Negative,Borrelia mayonii,HARV_004.20190826.IXOSCA.N,8,2019
HARV,HARV_004,mixedForest,182.6,2019-08-26,1,Negative,Borrelia sp.,HARV_004.20190826.IXOSCA.N,8,2019
HARV,HARV_004,mixedForest,182.6,2019-08-26,1,Negative,Ixodes pacificus,HARV_004.20190826.IXOSCA.N,8,2019
HARV,HARV_004,mixedForest,182.6,2019-08-26,1,Negative,Borrelia burgdorferi sensu lato,HARV_004.20190826.IXOSCA.N,8,2019
HARV,HARV_004,mixedForest,182.6,2019-08-26,1,Negative,Ehrlichia muris-like,HARV_004.20190826.IXOSCA.N,8,2019
HARV,HARV_004,mixedForest,182.6,2020-08-10,1,Negative,Ixodes pacificus,HARV_004.20200810.IXOSCA.N,8,2020
HARV,HARV_004,mixedForest,182.6,2020-08-10,1,Negative,Borrelia mayonii,HARV_004.20200810.IXOSCA.N,8,2020
HARV,HARV_004,mixedForest,182.6,2020-08-10,1,Negative,Ehrlichia muris-like,HARV_004.20200810.IXOSCA.N,8,2020
HARV,HARV_004,mixedForest,182.6,2020-08-10,1,Positive,Borrelia sp.,HARV_004.20200810.IXOSCA.N,8,2020
HARV,HARV_004,mixedForest,182.6,2020-08-10,1,Negative,Ehrlichia muris-like,HARV_004.20200810.IXOSCA.N,8,2020
HARV,HARV_004,mixedForest,182.6,2020-08-10,1,Negative,Borrelia sp.,HARV_004.20200810.IXOSCA.N,8,2020
HARV,HARV_004,mixedForest,182.6,2020-08-10,1,Positive,Babesia microti,HARV_004.20200810.IXOSCA.N,8,2020
HARV,HARV_004,mixedForest,182.6,2020-08-10,1,Positive,Borrelia burgdorferi sensu lato,HARV_004.20200810.IXOSCA.N,8,2020
HARV,HARV_004,mixedForest,182.6,2020-08-10,1,Negative,Ixodes pacificus,HARV_004.20200810.IXOSCA.N,8,2020
HARV,HARV_004,mixedForest,182.6,2020-08-10,1,Negative,Borrelia miyamotoi,HARV_004.20200810.IXOSCA.N,8,2020
HARV,HARV_004,mixedForest,182.6,2020-08-10,1,Negative,Borrelia burgdorferi sensu lato,HARV_004.20200810.IXOSCA.N,8,2020
HARV,HARV_004,mixedForest,182.6,2020-08-10,1,Negative,Anaplasma phagocytophilum,HARV_004.20200810.IXOSCA.N,8,2020
HARV,HARV_004,mixedForest,182.6,2020-08-10,1,Negative,Borrelia mayonii,HARV_004.20200810.IXOSCA.N,8,2020
HARV,HARV_004,mixedForest,182.6,2020-08-10,1,Negative,Anaplasma phagocytophilum,HARV_004.20200810.IXOSCA.N,8,2020
HARV,HARV_004,mixedForest,182.6,2020-08-10,1,Negative,Borrelia miyamotoi,HARV_004.20200810.IXOSCA.N,8,2020
HARV,HARV_004,mixedForest,182.6,2020-08-10,1,Negative,Babesia microti,HARV_004.20200810.IXOSCA.N,8,2020
HARV,HARV_026,evergreenForest,187.3,2021-05-13,1,Negative,Ehrlichia muris-like,HARV_026.20210513.IXOSCA.N,5,2021
HARV,HARV_026,evergreenForest,187.3,2021-05-13,1,Negative,Babesia microti,HARV_026.20210513.IXOSCA.N,5,2021
HARV,HARV_026,evergreenForest,187.3,2021-05-13,1,Negative,Borrelia burgdorferi sensu lato,HARV_026.20210513.IXOSCA.N,5,2021
HARV,HARV_026,evergreenForest,187.3,2021-05-13,1,Negative,Anaplasma phagocytophilum,HARV_026.20210513.IXOSCA.N,5,2021
HARV,HARV_026,evergreenForest,187.3,2021-05-13,1,Negative,Ehrlichia muris-like,HARV_026.20210513.IXOSCA.N,5,2021
HARV,HARV_026,evergreenForest,187.3,2021-05-13,1,Negative,Anaplasma phagocytophilum,HARV_026.20210513.IXOSCA.N,5,2021
HARV,HARV_026,evergreenForest,187.3,2021-05-13,1,Negative,Ixodes pacificus,HARV_026.20210513.IXOSCA.N,5,2021
HARV,HARV_026,evergreenForest,187.3,2021-05-13,1,Negative,Ixodes pacificus,HARV_026.20210513.IXOSCA.N,5,2021
HARV,HARV_026,evergreenForest,187.3,2021-05-13,1,Negative,Borrelia mayonii,HARV_026.20210513.IXOSCA.N,5,2021
HARV,HARV_026,evergreenForest,187.3,2021-05-13,1,Negative,Borrelia sp.,HARV_026.20210513.IXOSCA.N,5,2021
HARV,HARV_026,evergreenForest,187.3,2021-05-13,1,Negative,Borrelia miyamotoi,HARV_026.20210513.IXOSCA.N,5,2021
HARV,HARV_026,evergreenForest,187.3,2021-05-13,1,Negative,Borrelia sp.,HARV_026.20210513.IXOSCA.N,5,2021
HARV,HARV_026,evergreenForest,187.3,2021-05-13,1,Negative,Babesia microti,HARV_026.20210513.IXOSCA.N,5,2021
HARV,HARV_026,evergreenForest,187.3,2021-05-13,1,Negative,Borrelia miyamotoi,HARV_026.20210513.IXOSCA.N,5,2021
HARV,HARV_026,evergreenForest,187.3,2021-05-13,1,Negative,Borrelia mayonii,HARV_026.20210513.IXOSCA.N,5,2021
HARV,HARV_026,evergreenForest,187.3,2021-05-13,1,Negative,Borrelia burgdorferi sensu lato,HARV_026.20210513.IXOSCA.N,5,2021
HARV,HARV_004,mixedForest,182.6,2020-09-04,1,Negative,Borrelia mayonii,HARV_004.20200904.IXOSCA.N,9,2020
HARV,HARV_004,mixedForest,182.6,2020-09-04,1,Negative,Ixodes pacificus,HARV_004.20200904.IXOSCA.N,9,2020
HARV,HARV_004,mixedForest,182.6,2020-09-04,1,Negative,Borrelia miyamotoi,HARV_004.20200904.IXOSCA.N,9,2020
HARV,HARV_004,mixedForest,182.6,2020-09-04,1,Negative,Ehrlichia muris-like,HARV_004.20200904.IXOSCA.N,9,2020
HARV,HARV_004,mixedForest,182.6,2020-09-04,1,Negative,Anaplasma phagocytophilum,HARV_004.20200904.IXOSCA.N,9,2020
HARV,HARV_004,mixedForest,182.6,2020-09-04,1,Negative,Ehrlichia muris-like,HARV_004.20200904.IXOSCA.N,9,2020
HARV,HARV_004,mixedForest,182.6,2020-09-04,1,Negative,Ixodes pacificus,HARV_004.20200904.IXOSCA.N,9,2020
HARV,HARV_004,mixedForest,182.6,2020-09-04,1,Negative,Ehrlichia muris-like,HARV_004.20200904.IXOSCA.N,9,2020
HARV,HARV_004,mixedForest,182.6,2020-09-04,1,Positive,Borrelia sp.,HARV_004.20200904.IXOSCA.N,9,2020
HARV,HARV_004,mixedForest,182.6,2020-09-04,1,Negative,Borrelia mayonii,HARV_004.20200904.IXOSCA.N,9,2020
HARV,HARV_004,mixedForest,182.6,2020-09-04,1,Negative,Borrelia burgdorferi sensu lato,HARV_004.20200904.IXOSCA.N,9,2020
HARV,HARV_004,mixedForest,182.6,2020-09-04,1,Negative,Borrelia mayonii,HARV_004.20200904.IXOSCA.N,9,2020
HARV,HARV_004,mixedForest,182.6,2020-09-04,1,Negative,Borrelia miyamotoi,HARV_004.20200904.IXOSCA.N,9,2020
HARV,HARV_004,mixedForest,182.6,2020-09-04,1,Negative,Babesia microti,HARV_004.20200904.IXOSCA.N,9,2020
HARV,HARV_004,mixedForest,182.6,2020-09-04,1,Negative,Borrelia sp.,HARV_004.20200904.IXOSCA.N,9,2020
HARV,HARV_004,mixedForest,182.6,2020-09-04,1,Negative,Borrelia mayonii,HARV_004.20200904.IXOSCA.N,9,2020
HARV,HARV_004,mixedForest,182.6,2020-09-04,1,Negative,Babesia microti,HARV_004.20200904.IXOSCA.N,9,2020
HARV,HARV_004,mixedForest,182.6,2020-09-04,1,Negative,Anaplasma phagocytophilum,HARV_004.20200904.IXOSCA.N,9,2020
HARV,HARV_004,mixedForest,182.6,2020-09-04,1,Negative,Borrelia sp.,HARV_004.20200904.IXOSCA.N,9,2020
HARV,HARV_004,mixedForest,182.6,2020-09-04,1,Negative,Borrelia mayonii,HARV_004.20200904.IXOSCA.N,9,2020
HARV,HARV_004,mixedForest,182.6,2020-09-04,1,Negative,Borrelia burgdorferi sensu lato,HARV_004.20200904.IXOSCA.N,9,2020
HARV,HARV_004,mixedForest,182.6,2020-09-04,1,Negative,Borrelia miyamotoi,HARV_004.20200904.IXOSCA.N,9,2020
HARV,HARV_004,mixedForest,182.6,2020-09-04,1,Negative,Borrelia miyamotoi,HARV_004.20200904.IXOSCA.N,9,2020
HARV,HARV_004,mixedForest,182.6,2020-09-04,1,Negative,Ixodes pacificus,HARV_004.20200904.IXOSCA.N,9,2020
HARV,HARV_004,mixedForest,182.6,2020-09-04,1,Negative,Ixodes pacificus,HARV_004.20200904.IXOSCA.N,9,2020
HARV,HARV_004,mixedForest,182.6,2020-09-04,1,Negative,Ehrlichia muris-like,HARV_004.20200904.IXOSCA.N,9,2020
HARV,HARV_004,mixedForest,182.6,2020-09-04,1,Negative,Anaplasma phagocytophilum,HARV_004.20200904.IXOSCA.N,9,2020
HARV,HARV_004,mixedForest,182.6,2020-09-04,1,Negative,Borrelia sp.,HARV_004.20200904.IXOSCA.N,9,2020
HARV,HARV_004,mixedForest,182.6,2020-09-04,1,Negative,Borrelia miyamotoi,HARV_004.20200904.IXOSCA.N,9,2020
HARV,HARV_004,mixedForest,182.6,2020-09-04,1,Negative,Ehrlichia muris-like,HARV_004.20200904.IXOSCA.N,9,2020
HARV,HARV_004,mixedForest,182.6,2020-09-04,1,Positive,Borrelia burgdorferi sensu lato,HARV_004.20200904.IXOSCA.N,9,2020
HARV,HARV_004,mixedForest,182.6,2020-09-04,1,Negative,Babesia microti,HARV_004.20200904.IXOSCA.N,9,2020
HARV,HARV_004,mixedForest,182.6,2020-09-04,1,Negative,Anaplasma phagocytophilum,HARV_004.20200904.IXOSCA.N,9,2020
HARV,HARV_004,mixedForest,182.6,2020-09-04,1,Negative,Babesia microti,HARV_004.20200904.IXOSCA.N,9,2020
HARV,HARV_004,mixedForest,182.6,2020-09-04,1,Negative,Babesia microti,HARV_004.20200904.IXOSCA.N,9,2020
HARV,HARV_004,mixedForest,182.6,2020-09-04,1,Negative,Borrelia sp.,HARV_004.20200904.IXOSCA.N,9,2020
HARV,HARV_004,mixedForest,182.6,2020-09-04,1,Negative,Borrelia burgdorferi sensu lato,HARV_004.20200904.IXOSCA.N,9,2020
HARV,HARV_004,mixedForest,182.6,2020-09-04,1,Negative,Anaplasma phagocytophilum,HARV_004.20200904.IXOSCA.N,9,2020
HARV,HARV_004,mixedForest,182.6,2020-09-04,1,Negative,Borrelia burgdorferi sensu lato,HARV_004.20200904.IXOSCA.N,9,2020
HARV,HARV_004,mixedForest,182.6,2020-09-04,1,Negative,Ixodes pacificus,HARV_004.20200904.IXOSCA.N,9,2020
HARV,HARV_001,deciduousForest,202.1,2020-07-02,1,Negative,Borrelia burgdorferi sensu lato,HARV_001.20200702.IXOSCA.N,7,2020
HARV,HARV_001,deciduousForest,202.1,2020-07-02,1,Negative,Ehrlichia muris-like,HARV_001.20200702.IXOSCA.N,7,2020
HARV,HARV_001,deciduousForest,202.1,2020-07-02,1,Negative,Ehrlichia muris-like,HARV_001.20200702.IXOSCA.N,7,2020
HARV,HARV_001,deciduousForest,202.1,2020-07-02,1,Negative,Anaplasma phagocytophilum,HARV_001.20200702.IXOSCA.N,7,2020
HARV,HARV_001,deciduousForest,202.1,2020-07-02,1,Negative,Borrelia sp.,HARV_001.20200702.IXOSCA.N,7,2020
HARV,HARV_001,deciduousForest,202.1,2020-07-02,1,Negative,Borrelia miyamotoi,HARV_001.20200702.IXOSCA.N,7,2020
HARV,HARV_001,deciduousForest,202.1,2020-07-02,1,Negative,Borrelia miyamotoi,HARV_001.20200702.IXOSCA.N,7,2020
HARV,HARV_001,deciduousForest,202.1,2020-07-02,1,Negative,Anaplasma phagocytophilum,HARV_001.20200702.IXOSCA.N,7,2020
HARV,HARV_001,deciduousForest,202.1,2020-07-02,1,Positive,Babesia microti,HARV_001.20200702.IXOSCA.N,7,2020
HARV,HARV_001,deciduousForest,202.1,2020-07-02,1,Negative,Borrelia sp.,HARV_001.20200702.IXOSCA.N,7,2020
HARV,HARV_001,deciduousForest,202.1,2020-07-02,1,Negative,Borrelia mayonii,HARV_001.20200702.IXOSCA.N,7,2020
HARV,HARV_001,deciduousForest,202.1,2020-07-02,1,Negative,Borrelia mayonii,HARV_001.20200702.IXOSCA.N,7,2020
HARV,HARV_001,deciduousForest,202.1,2020-07-02,1,Negative,Borrelia mayonii,HARV_001.20200702.IXOSCA.N,7,2020
HARV,HARV_001,deciduousForest,202.1,2020-07-02,1,Negative,Anaplasma phagocytophilum,HARV_001.20200702.IXOSCA.N,7,2020
HARV,HARV_001,deciduousForest,202.1,2020-07-02,1,Negative,Babesia microti,HARV_001.20200702.IXOSCA.N,7,2020
HARV,HARV_001,deciduousForest,202.1,2020-07-02,1,Negative,Borrelia burgdorferi sensu lato,HARV_001.20200702.IXOSCA.N,7,2020
HARV,HARV_001,deciduousForest,202.1,2020-07-02,1,Negative,Ixodes pacificus,HARV_001.20200702.IXOSCA.N,7,2020
HARV,HARV_001,deciduousForest,202.1,2020-07-02,1,Negative,Borrelia sp.,HARV_001.20200702.IXOSCA.N,7,2020
HARV,HARV_001,deciduousForest,202.1,2020-07-02,1,Negative,Ixodes pacificus,HARV_001.20200702.IXOSCA.N,7,2020
HARV,HARV_001,deciduousForest,202.1,2020-07-02,1,Negative,Ehrlichia muris-like,HARV_001.20200702.IXOSCA.N,7,2020
HARV,HARV_001,deciduousForest,202.1,2020-07-02,1,Negative,Babesia microti,HARV_001.20200702.IXOSCA.N,7,2020
HARV,HARV_001,deciduousForest,202.1,2020-07-02,1,Negative,Borrelia miyamotoi,HARV_001.20200702.IXOSCA.N,7,2020
HARV,HARV_001,deciduousForest,202.1,2020-07-02,1,Negative,Ixodes pacificus,HARV_001.20200702.IXOSCA.N,7,2020
HARV,HARV_001,deciduousForest,202.1,2020-07-02,1,Negative,Borrelia burgdorferi sensu lato,HARV_001.20200702.IXOSCA.N,7,2020
HARV,HARV_022,evergreenForest,185.9,2020-07-05,1,Negative,Anaplasma phagocytophilum,HARV_022.20200705.IXOSCA.N,7,2020
HARV,HARV_022,evergreenForest,185.9,2020-07-05,1,Negative,Babesia microti,HARV_022.20200705.IXOSCA.N,7,2020
HARV,HARV_022,evergreenForest,185.9,2020-07-05,1,Negative,Ixodes pacificus,HARV_022.20200705.IXOSCA.N,7,2020
HARV,HARV_022,evergreenForest,185.9,2020-07-05,1,Negative,Ehrlichia muris-like,HARV_022.20200705.IXOSCA.N,7,2020
HARV,HARV_022,evergreenForest,185.9,2020-07-05,1,Negative,Borrelia burgdorferi sensu lato,HARV_022.20200705.IXOSCA.N,7,2020
HARV,HARV_022,evergreenForest,185.9,2020-07-05,1,Negative,Ehrlichia muris-like,HARV_022.20200705.IXOSCA.N,7,2020
HARV,HARV_022,evergreenForest,185.9,2020-07-05,1,Negative,Babesia microti,HARV_022.20200705.IXOSCA.N,7,2020
HARV,HARV_022,evergreenForest,185.9,2020-07-05,1,Negative,Borrelia miyamotoi,HARV_022.20200705.IXOSCA.N,7,2020
HARV,HARV_022,evergreenForest,185.9,2020-07-05,1,Negative,Borrelia sp.,HARV_022.20200705.IXOSCA.N,7,2020
HARV,HARV_022,evergreenForest,185.9,2020-07-05,1,Negative,Ixodes pacificus,HARV_022.20200705.IXOSCA.N,7,2020
HARV,HARV_022,evergreenForest,185.9,2020-07-05,1,Negative,Borrelia mayonii,HARV_022.20200705.IXOSCA.N,7,2020
HARV,HARV_022,evergreenForest,185.9,2020-07-05,1,Negative,Borrelia burgdorferi sensu lato,HARV_022.20200705.IXOSCA.N,7,2020
HARV,HARV_022,evergreenForest,185.9,2020-07-05,1,Negative,Anaplasma phagocytophilum,HARV_022.20200705.IXOSCA.N,7,2020
HARV,HARV_022,evergreenForest,185.9,2020-07-05,1,Negative,Borrelia mayonii,HARV_022.20200705.IXOSCA.N,7,2020
HARV,HARV_022,evergreenForest,185.9,2020-07-05,1,Negative,Borrelia sp.,HARV_022.20200705.IXOSCA.N,7,2020
HARV,HARV_022,evergreenForest,185.9,2020-07-05,1,Negative,Borrelia miyamotoi,HARV_022.20200705.IXOSCA.N,7,2020
HARV,HARV_004,mixedForest,182.6,2020-07-05,1,Negative,Borrelia mayonii,HARV_004.20200705.IXOSCA.N,7,2020
HARV,HARV_004,mixedForest,182.6,2020-07-05,1,Negative,Borrelia sp.,HARV_004.20200705.IXOSCA.N,7,2020
HARV,HARV_004,mixedForest,182.6,2020-07-05,1,Negative,Anaplasma phagocytophilum,HARV_004.20200705.IXOSCA.N,7,2020
HARV,HARV_004,mixedForest,182.6,2020-07-05,1,Negative,Borrelia burgdorferi sensu lato,HARV_004.20200705.IXOSCA.N,7,2020
HARV,HARV_004,mixedForest,182.6,2020-07-05,1,Negative,Borrelia miyamotoi,HARV_004.20200705.IXOSCA.N,7,2020
HARV,HARV_004,mixedForest,182.6,2020-07-05,1,Negative,Borrelia miyamotoi,HARV_004.20200705.IXOSCA.N,7,2020
HARV,HARV_004,mixedForest,182.6,2020-07-05,1,Negative,Ixodes pacificus,HARV_004.20200705.IXOSCA.N,7,2020
HARV,HARV_004,mixedForest,182.6,2020-07-05,1,Negative,Borrelia miyamotoi,HARV_004.20200705.IXOSCA.N,7,2020
HARV,HARV_004,mixedForest,182.6,2020-07-05,1,Negative,Babesia microti,HARV_004.20200705.IXOSCA.N,7,2020
HARV,HARV_004,mixedForest,182.6,2020-07-05,1,Negative,Anaplasma phagocytophilum,HARV_004.20200705.IXOSCA.N,7,2020
HARV,HARV_004,mixedForest,182.6,2020-07-05,1,Negative,Borrelia miyamotoi,HARV_004.20200705.IXOSCA.N,7,2020
HARV,HARV_004,mixedForest,182.6,2020-07-05,1,Negative,Babesia microti,HARV_004.20200705.IXOSCA.N,7,2020
HARV,HARV_004,mixedForest,182.6,2020-07-05,1,Negative,Ehrlichia muris-like,HARV_004.20200705.IXOSCA.N,7,2020
HARV,HARV_004,mixedForest,182.6,2020-07-05,1,Negative,Borrelia burgdorferi sensu lato,HARV_004.20200705.IXOSCA.N,7,2020
HARV,HARV_004,mixedForest,182.6,2020-07-05,1,Negative,Borrelia mayonii,HARV_004.20200705.IXOSCA.N,7,2020
HARV,HARV_004,mixedForest,182.6,2020-07-05,1,Negative,Babesia microti,HARV_004.20200705.IXOSCA.N,7,2020
HARV,HARV_004,mixedForest,182.6,2020-07-05,1,Negative,Borrelia mayonii,HARV_004.20200705.IXOSCA.N,7,2020
HARV,HARV_004,mixedForest,182.6,2020-07-05,1,Negative,Borrelia miyamotoi,HARV_004.20200705.IXOSCA.N,7,2020
HARV,HARV_004,mixedForest,182.6,2020-07-05,1,Negative,Anaplasma phagocytophilum,HARV_004.20200705.IXOSCA.N,7,2020
HARV,HARV_004,mixedForest,182.6,2020-07-05,1,Negative,Ixodes pacificus,HARV_004.20200705.IXOSCA.N,7,2020
HARV,HARV_004,mixedForest,182.6,2020-07-05,1,Negative,Babesia microti,HARV_004.20200705.IXOSCA.N,7,2020
HARV,HARV_004,mixedForest,182.6,2020-07-05,1,Negative,Borrelia sp.,HARV_004.20200705.IXOSCA.N,7,2020
HARV,HARV_004,mixedForest,182.6,2020-07-05,1,Negative,Borrelia mayonii,HARV_004.20200705.IXOSCA.N,7,2020
HARV,HARV_004,mixedForest,182.6,2020-07-05,1,Negative,Ehrlichia muris-like,HARV_004.20200705.IXOSCA.N,7,2020
HARV,HARV_004,mixedForest,182.6,2020-07-05,1,Negative,Ehrlichia muris-like,HARV_004.20200705.IXOSCA.N,7,2020
HARV,HARV_004,mixedForest,182.6,2020-07-05,1,Negative,Borrelia sp.,HARV_004.20200705.IXOSCA.N,7,2020
HARV,HARV_004,mixedForest,182.6,2020-07-05,1,Negative,Borrelia sp.,HARV_004.20200705.IXOSCA.N,7,2020
HARV,HARV_004,mixedForest,182.6,2020-07-05,1,Negative,Borrelia mayonii,HARV_004.20200705.IXOSCA.N,7,2020
HARV,HARV_004,mixedForest,182.6,2020-07-05,1,Negative,Ehrlichia muris-like,HARV_004.20200705.IXOSCA.N,7,2020
HARV,HARV_004,mixedForest,182.6,2020-07-05,1,Negative,Ixodes pacificus,HARV_004.20200705.IXOSCA.N,7,2020
HARV,HARV_004,mixedForest,182.6,2020-07-05,1,Negative,Anaplasma phagocytophilum,HARV_004.20200705.IXOSCA.N,7,2020
HARV,HARV_004,mixedForest,182.6,2020-07-05,1,Negative,Ixodes pacificus,HARV_004.20200705.IXOSCA.N,7,2020
HARV,HARV_004,mixedForest,182.6,2020-07-05,1,Negative,Borrelia miyamotoi,HARV_004.20200705.IXOSCA.N,7,2020
HARV,HARV_004,mixedForest,182.6,2020-07-05,1,Negative,Borrelia sp.,HARV_004.20200705.IXOSCA.N,7,2020
HARV,HARV_004,mixedForest,182.6,2020-07-05,1,Negative,Babesia microti,HARV_004.20200705.IXOSCA.N,7,2020
HARV,HARV_004,mixedForest,182.6,2020-07-05,1,Negative,Borrelia sp.,HARV_004.20200705.IXOSCA.N,7,2020
HARV,HARV_004,mixedForest,182.6,2020-07-05,1,Negative,Babesia microti,HARV_004.20200705.IXOSCA.N,7,2020
HARV,HARV_004,mixedForest,182.6,2020-07-05,1,Negative,Borrelia mayonii,HARV_004.20200705.IXOSCA.N,7,2020
HARV,HARV_004,mixedForest,182.6,2020-07-05,1,Negative,Ixodes pacificus,HARV_004.20200705.IXOSCA.N,7,2020
HARV,HARV_004,mixedForest,182.6,2020-07-05,1,Negative,Borrelia burgdorferi sensu lato,HARV_004.20200705.IXOSCA.N,7,2020
HARV,HARV_004,mixedForest,182.6,2020-07-05,1,Negative,Anaplasma phagocytophilum,HARV_004.20200705.IXOSCA.N,7,2020
HARV,HARV_004,mixedForest,182.6,2020-07-05,1,Negative,Borrelia miyamotoi,HARV_004.20200705.IXOSCA.N,7,2020
HARV,HARV_004,mixedForest,182.6,2020-07-05,1,Negative,Ixodes pacificus,HARV_004.20200705.IXOSCA.N,7,2020
HARV,HARV_004,mixedForest,182.6,2020-07-05,1,Negative,Borrelia mayonii,HARV_004.20200705.IXOSCA.N,7,2020
HARV,HARV_004,mixedForest,182.6,2020-07-05,1,Negative,Borrelia burgdorferi sensu lato,HARV_004.20200705.IXOSCA.N,7,2020
HARV,HARV_004,mixedForest,182.6,2020-07-05,1,Negative,Borrelia mayonii,HARV_004.20200705.IXOSCA.N,7,2020
HARV,HARV_004,mixedForest,182.6,2020-07-05,1,Negative,Borrelia burgdorferi sensu lato,HARV_004.20200705.IXOSCA.N,7,2020
HARV,HARV_004,mixedForest,182.6,2020-07-05,1,Negative,Borrelia burgdorferi sensu lato,HARV_004.20200705.IXOSCA.N,7,2020
HARV,HARV_004,mixedForest,182.6,2020-07-05,1,Negative,Babesia microti,HARV_004.20200705.IXOSCA.N,7,2020
HARV,HARV_004,mixedForest,182.6,2020-07-05,1,Negative,Ehrlichia muris-like,HARV_004.20200705.IXOSCA.N,7,2020
HARV,HARV_004,mixedForest,182.6,2020-07-05,1,Negative,Ixodes pacificus,HARV_004.20200705.IXOSCA.N,7,2020
HARV,HARV_004,mixedForest,182.6,2020-07-05,1,Negative,Ixodes pacificus,HARV_004.20200705.IXOSCA.N,7,2020
HARV,HARV_004,mixedForest,182.6,2020-07-05,1,Negative,Ehrlichia muris-like,HARV_004.20200705.IXOSCA.N,7,2020
HARV,HARV_004,mixedForest,182.6,2020-07-05,1,Negative,Anaplasma phagocytophilum,HARV_004.20200705.IXOSCA.N,7,2020
HARV,HARV_004,mixedForest,182.6,2020-07-05,1,Negative,Babesia microti,HARV_004.20200705.IXOSCA.N,7,2020
HARV,HARV_004,mixedForest,182.6,2020-07-05,1,Negative,Borrelia burgdorferi sensu lato,HARV_004.20200705.IXOSCA.N,7,2020
HARV,HARV_004,mixedForest,182.6,2020-07-05,1,Negative,Borrelia sp.,HARV_004.20200705.IXOSCA.N,7,2020
HARV,HARV_004,mixedForest,182.6,2020-07-05,1,Negative,Borrelia miyamotoi,HARV_004.20200705.IXOSCA.N,7,2020
HARV,HARV_004,mixedForest,182.6,2020-07-05,1,Negative,Anaplasma phagocytophilum,HARV_004.20200705.IXOSCA.N,7,2020
HARV,HARV_004,mixedForest,182.6,2020-07-05,1,Negative,Ehrlichia muris-like,HARV_004.20200705.IXOSCA.N,7,2020
HARV,HARV_004,mixedForest,182.6,2020-07-05,1,Negative,Borrelia burgdorferi sensu lato,HARV_004.20200705.IXOSCA.N,7,2020
HARV,HARV_004,mixedForest,182.6,2020-07-05,1,Negative,Anaplasma phagocytophilum,HARV_004.20200705.IXOSCA.N,7,2020
HARV,HARV_004,mixedForest,182.6,2020-07-05,1,Negative,Borrelia sp.,HARV_004.20200705.IXOSCA.N,7,2020
HARV,HARV_004,mixedForest,182.6,2020-07-05,1,Negative,Ehrlichia muris-like,HARV_004.20200705.IXOSCA.N,7,2020
HARV,HARV_006,deciduousForest,190.8,2020-07-05,1,Negative,Babesia microti,HARV_006.20200705.IXOSCA.N,7,2020
HARV,HARV_006,deciduousForest,190.8,2020-07-05,1,Negative,Ixodes pacificus,HARV_006.20200705.IXOSCA.N,7,2020
HARV,HARV_006,deciduousForest,190.8,2020-07-05,1,Negative,Borrelia sp.,HARV_006.20200705.IXOSCA.N,7,2020
HARV,HARV_006,deciduousForest,190.8,2020-07-05,1,Negative,Borrelia burgdorferi sensu lato,HARV_006.20200705.IXOSCA.N,7,2020
HARV,HARV_006,deciduousForest,190.8,2020-07-05,1,Negative,Ehrlichia muris-like,HARV_006.20200705.IXOSCA.N,7,2020
HARV,HARV_006,deciduousForest,190.8,2020-07-05,1,Negative,Anaplasma phagocytophilum,HARV_006.20200705.IXOSCA.N,7,2020
HARV,HARV_006,deciduousForest,190.8,2020-07-05,1,Negative,Borrelia sp.,HARV_006.20200705.IXOSCA.N,7,2020
HARV,HARV_006,deciduousForest,190.8,2020-07-05,1,Negative,Borrelia miyamotoi,HARV_006.20200705.IXOSCA.N,7,2020
HARV,HARV_006,deciduousForest,190.8,2020-07-05,1,Negative,Ixodes pacificus,HARV_006.20200705.IXOSCA.N,7,2020
HARV,HARV_006,deciduousForest,190.8,2020-07-05,1,Negative,Ehrlichia muris-like,HARV_006.20200705.IXOSCA.N,7,2020
HARV,HARV_006,deciduousForest,190.8,2020-07-05,1,Negative,Borrelia burgdorferi sensu lato,HARV_006.20200705.IXOSCA.N,7,2020
HARV,HARV_006,deciduousForest,190.8,2020-07-05,1,Negative,Borrelia mayonii,HARV_006.20200705.IXOSCA.N,7,2020
HARV,HARV_006,deciduousForest,190.8,2020-07-05,1,Negative,Babesia microti,HARV_006.20200705.IXOSCA.N,7,2020
HARV,HARV_006,deciduousForest,190.8,2020-07-05,1,Negative,Borrelia miyamotoi,HARV_006.20200705.IXOSCA.N,7,2020
HARV,HARV_006,deciduousForest,190.8,2020-07-05,1,Negative,Anaplasma phagocytophilum,HARV_006.20200705.IXOSCA.N,7,2020
HARV,HARV_006,deciduousForest,190.8,2020-07-05,1,Negative,Borrelia mayonii,HARV_006.20200705.IXOSCA.N,7,2020
HARV,HARV_026,evergreenForest,187.3,2020-07-05,1,Negative,Ixodes pacificus,HARV_026.20200705.IXOSCA.N,7,2020
HARV,HARV_026,evergreenForest,187.3,2020-07-05,1,Negative,Anaplasma phagocytophilum,HARV_026.20200705.IXOSCA.N,7,2020
HARV,HARV_026,evergreenForest,187.3,2020-07-05,1,Negative,Borrelia mayonii,HARV_026.20200705.IXOSCA.N,7,2020
HARV,HARV_026,evergreenForest,187.3,2020-07-05,1,Positive,Borrelia miyamotoi,HARV_026.20200705.IXOSCA.N,7,2020
HARV,HARV_026,evergreenForest,187.3,2020-07-05,1,Negative,Borrelia burgdorferi sensu lato,HARV_026.20200705.IXOSCA.N,7,2020
HARV,HARV_026,evergreenForest,187.3,2020-07-05,1,Negative,Ehrlichia muris-like,HARV_026.20200705.IXOSCA.N,7,2020
HARV,HARV_026,evergreenForest,187.3,2020-07-05,1,Negative,Babesia microti,HARV_026.20200705.IXOSCA.N,7,2020
HARV,HARV_026,evergreenForest,187.3,2020-07-05,1,Negative,Ixodes pacificus,HARV_026.20200705.IXOSCA.N,7,2020
HARV,HARV_026,evergreenForest,187.3,2020-07-05,1,Negative,Babesia microti,HARV_026.20200705.IXOSCA.N,7,2020
HARV,HARV_026,evergreenForest,187.3,2020-07-05,1,Negative,Borrelia sp.,HARV_026.20200705.IXOSCA.N,7,2020
HARV,HARV_026,evergreenForest,187.3,2020-07-05,1,Negative,Borrelia burgdorferi sensu lato,HARV_026.20200705.IXOSCA.N,7,2020
HARV,HARV_026,evergreenForest,187.3,2020-07-05,1,Negative,Ehrlichia muris-like,HARV_026.20200705.IXOSCA.N,7,2020
HARV,HARV_026,evergreenForest,187.3,2020-07-05,1,Negative,Borrelia mayonii,HARV_026.20200705.IXOSCA.N,7,2020
HARV,HARV_026,evergreenForest,187.3,2020-07-05,1,Positive,Borrelia sp.,HARV_026.20200705.IXOSCA.N,7,2020
HARV,HARV_026,evergreenForest,187.3,2020-07-05,1,Negative,Anaplasma phagocytophilum,HARV_026.20200705.IXOSCA.N,7,2020
HARV,HARV_026,evergreenForest,187.3,2020-07-05,1,Negative,Borrelia miyamotoi,HARV_026.20200705.IXOSCA.N,7,2020
HARV,HARV_002,deciduousForest,187.7,2020-07-05,1,Negative,Borrelia sp.,HARV_002.20200705.IXOSCA.N,7,2020
HARV,HARV_002,deciduousForest,187.7,2020-07-05,1,Negative,Babesia microti,HARV_002.20200705.IXOSCA.N,7,2020
HARV,HARV_002,deciduousForest,187.7,2020-07-05,1,Negative,Anaplasma phagocytophilum,HARV_002.20200705.IXOSCA.N,7,2020
HARV,HARV_002,deciduousForest,187.7,2020-07-05,1,Negative,Ehrlichia muris-like,HARV_002.20200705.IXOSCA.N,7,2020
HARV,HARV_002,deciduousForest,187.7,2020-07-05,1,Negative,Borrelia burgdorferi sensu lato,HARV_002.20200705.IXOSCA.N,7,2020
HARV,HARV_002,deciduousForest,187.7,2020-07-05,1,Negative,Borrelia miyamotoi,HARV_002.20200705.IXOSCA.N,7,2020
HARV,HARV_002,deciduousForest,187.7,2020-07-05,1,Negative,Borrelia mayonii,HARV_002.20200705.IXOSCA.N,7,2020
HARV,HARV_002,deciduousForest,187.7,2020-07-05,1,Negative,Borrelia mayonii,HARV_002.20200705.IXOSCA.N,7,2020
HARV,HARV_002,deciduousForest,187.7,2020-07-05,1,Negative,Borrelia sp.,HARV_002.20200705.IXOSCA.N,7,2020
HARV,HARV_002,deciduousForest,187.7,2020-07-05,1,Negative,Anaplasma phagocytophilum,HARV_002.20200705.IXOSCA.N,7,2020
HARV,HARV_002,deciduousForest,187.7,2020-07-05,1,Negative,Ixodes pacificus,HARV_002.20200705.IXOSCA.N,7,2020
HARV,HARV_002,deciduousForest,187.7,2020-07-05,1,Negative,Ehrlichia muris-like,HARV_002.20200705.IXOSCA.N,7,2020
HARV,HARV_002,deciduousForest,187.7,2020-07-05,1,Negative,Borrelia miyamotoi,HARV_002.20200705.IXOSCA.N,7,2020
HARV,HARV_002,deciduousForest,187.7,2020-07-05,1,Negative,Anaplasma phagocytophilum,HARV_002.20200705.IXOSCA.N,7,2020
HARV,HARV_002,deciduousForest,187.7,2020-07-05,1,Negative,Babesia microti,HARV_002.20200705.IXOSCA.N,7,2020
HARV,HARV_002,deciduousForest,187.7,2020-07-05,1,Negative,Ixodes pacificus,HARV_002.20200705.IXOSCA.N,7,2020
HARV,HARV_002,deciduousForest,187.7,2020-07-05,1,Negative,Ixodes pacificus,HARV_002.20200705.IXOSCA.N,7,2020
HARV,HARV_002,deciduousForest,187.7,2020-07-05,1,Negative,Ehrlichia muris-like,HARV_002.20200705.IXOSCA.N,7,2020
HARV,HARV_002,deciduousForest,187.7,2020-07-05,1,Negative,Borrelia burgdorferi sensu lato,HARV_002.20200705.IXOSCA.N,7,2020
HARV,HARV_002,deciduousForest,187.7,2020-07-05,1,Negative,Babesia microti,HARV_002.20200705.IXOSCA.N,7,2020
HARV,HARV_002,deciduousForest,187.7,2020-07-05,1,Negative,Borrelia sp.,HARV_002.20200705.IXOSCA.N,7,2020
HARV,HARV_002,deciduousForest,187.7,2020-07-05,1,Negative,Borrelia mayonii,HARV_002.20200705.IXOSCA.N,7,2020
HARV,HARV_002,deciduousForest,187.7,2020-07-05,1,Negative,Borrelia miyamotoi,HARV_002.20200705.IXOSCA.N,7,2020
HARV,HARV_002,deciduousForest,187.7,2020-07-05,1,Negative,Borrelia burgdorferi sensu lato,HARV_002.20200705.IXOSCA.N,7,2020
HARV,HARV_004,mixedForest,182.6,2020-07-24,1,Negative,Anaplasma phagocytophilum,HARV_004.20200724.IXOSCA.N,7,2020
HARV,HARV_004,mixedForest,182.6,2020-07-24,1,Negative,Borrelia miyamotoi,HARV_004.20200724.IXOSCA.N,7,2020
HARV,HARV_004,mixedForest,182.6,2020-07-24,1,Negative,Borrelia burgdorferi sensu lato,HARV_004.20200724.IXOSCA.N,7,2020
HARV,HARV_004,mixedForest,182.6,2020-07-24,1,Negative,Borrelia mayonii,HARV_004.20200724.IXOSCA.N,7,2020
HARV,HARV_004,mixedForest,182.6,2020-07-24,1,Negative,Borrelia sp.,HARV_004.20200724.IXOSCA.N,7,2020
HARV,HARV_004,mixedForest,182.6,2020-07-24,1,Negative,Babesia microti,HARV_004.20200724.IXOSCA.N,7,2020
HARV,HARV_004,mixedForest,182.6,2020-07-24,1,Negative,Borrelia sp.,HARV_004.20200724.IXOSCA.N,7,2020
HARV,HARV_004,mixedForest,182.6,2020-07-24,1,Negative,Borrelia burgdorferi sensu lato,HARV_004.20200724.IXOSCA.N,7,2020
HARV,HARV_004,mixedForest,182.6,2020-07-24,1,Negative,Borrelia mayonii,HARV_004.20200724.IXOSCA.N,7,2020
HARV,HARV_004,mixedForest,182.6,2020-07-24,1,Negative,Borrelia mayonii,HARV_004.20200724.IXOSCA.N,7,2020
HARV,HARV_004,mixedForest,182.6,2020-07-24,1,Negative,Babesia microti,HARV_004.20200724.IXOSCA.N,7,2020
HARV,HARV_004,mixedForest,182.6,2020-07-24,1,Negative,Borrelia burgdorferi sensu lato,HARV_004.20200724.IXOSCA.N,7,2020
HARV,HARV_004,mixedForest,182.6,2020-07-24,1,Negative,Ehrlichia muris-like,HARV_004.20200724.IXOSCA.N,7,2020
HARV,HARV_004,mixedForest,182.6,2020-07-24,1,Negative,Borrelia burgdorferi sensu lato,HARV_004.20200724.IXOSCA.N,7,2020
HARV,HARV_004,mixedForest,182.6,2020-07-24,1,Negative,Ehrlichia muris-like,HARV_004.20200724.IXOSCA.N,7,2020
HARV,HARV_004,mixedForest,182.6,2020-07-24,1,Negative,Borrelia sp.,HARV_004.20200724.IXOSCA.N,7,2020
HARV,HARV_004,mixedForest,182.6,2020-07-24,1,Negative,Babesia microti,HARV_004.20200724.IXOSCA.N,7,2020
HARV,HARV_004,mixedForest,182.6,2020-07-24,1,Negative,Ixodes pacificus,HARV_004.20200724.IXOSCA.N,7,2020
HARV,HARV_004,mixedForest,182.6,2020-07-24,1,Negative,Anaplasma phagocytophilum,HARV_004.20200724.IXOSCA.N,7,2020
HARV,HARV_004,mixedForest,182.6,2020-07-24,1,Negative,Ehrlichia muris-like,HARV_004.20200724.IXOSCA.N,7,2020
HARV,HARV_004,mixedForest,182.6,2020-07-24,1,Negative,Borrelia sp.,HARV_004.20200724.IXOSCA.N,7,2020
HARV,HARV_004,mixedForest,182.6,2020-07-24,1,Negative,Babesia microti,HARV_004.20200724.IXOSCA.N,7,2020
HARV,HARV_004,mixedForest,182.6,2020-07-24,1,Negative,Anaplasma phagocytophilum,HARV_004.20200724.IXOSCA.N,7,2020
HARV,HARV_004,mixedForest,182.6,2020-07-24,1,Negative,Borrelia miyamotoi,HARV_004.20200724.IXOSCA.N,7,2020
HARV,HARV_004,mixedForest,182.6,2020-07-24,1,Negative,Borrelia miyamotoi,HARV_004.20200724.IXOSCA.N,7,2020
HARV,HARV_004,mixedForest,182.6,2020-07-24,1,Negative,Ixodes pacificus,HARV_004.20200724.IXOSCA.N,7,2020
HARV,HARV_004,mixedForest,182.6,2020-07-24,1,Negative,Ehrlichia muris-like,HARV_004.20200724.IXOSCA.N,7,2020
HARV,HARV_004,mixedForest,182.6,2020-07-24,1,Negative,Borrelia mayonii,HARV_004.20200724.IXOSCA.N,7,2020
HARV,HARV_004,mixedForest,182.6,2020-07-24,1,Negative,Borrelia miyamotoi,HARV_004.20200724.IXOSCA.N,7,2020
HARV,HARV_004,mixedForest,182.6,2020-07-24,1,Negative,Anaplasma phagocytophilum,HARV_004.20200724.IXOSCA.N,7,2020
HARV,HARV_004,mixedForest,182.6,2020-07-24,1,Negative,Ixodes pacificus,HARV_004.20200724.IXOSCA.N,7,2020
HARV,HARV_004,mixedForest,182.6,2020-07-24,1,Negative,Ixodes pacificus,HARV_004.20200724.IXOSCA.N,7,2020
HARV,HARV_002,deciduousForest,187.7,2020-07-26,1,Negative,Borrelia miyamotoi,HARV_002.20200726.IXOSCA.N,7,2020
HARV,HARV_002,deciduousForest,187.7,2020-07-26,1,Negative,Borrelia sp.,HARV_002.20200726.IXOSCA.N,7,2020
HARV,HARV_002,deciduousForest,187.7,2020-07-26,1,Negative,Ixodes pacificus,HARV_002.20200726.IXOSCA.N,7,2020
HARV,HARV_002,deciduousForest,187.7,2020-07-26,1,Negative,Ehrlichia muris-like,HARV_002.20200726.IXOSCA.N,7,2020
HARV,HARV_002,deciduousForest,187.7,2020-07-26,1,Negative,Anaplasma phagocytophilum,HARV_002.20200726.IXOSCA.N,7,2020
HARV,HARV_002,deciduousForest,187.7,2020-07-26,1,Negative,Babesia microti,HARV_002.20200726.IXOSCA.N,7,2020
HARV,HARV_002,deciduousForest,187.7,2020-07-26,1,Negative,Borrelia burgdorferi sensu lato,HARV_002.20200726.IXOSCA.N,7,2020
HARV,HARV_002,deciduousForest,187.7,2020-07-26,1,Negative,Borrelia mayonii,HARV_002.20200726.IXOSCA.N,7,2020
HARV,HARV_001,deciduousForest,202.1,2020-07-26,1,Negative,Ixodes pacificus,HARV_001.20200726.IXOSCA.N,7,2020
HARV,HARV_001,deciduousForest,202.1,2020-07-26,1,Negative,Babesia microti,HARV_001.20200726.IXOSCA.N,7,2020
HARV,HARV_001,deciduousForest,202.1,2020-07-26,1,Negative,Borrelia burgdorferi sensu lato,HARV_001.20200726.IXOSCA.N,7,2020
HARV,HARV_001,deciduousForest,202.1,2020-07-26,1,Negative,Anaplasma phagocytophilum,HARV_001.20200726.IXOSCA.N,7,2020
HARV,HARV_001,deciduousForest,202.1,2020-07-26,1,Negative,Borrelia mayonii,HARV_001.20200726.IXOSCA.N,7,2020
HARV,HARV_001,deciduousForest,202.1,2020-07-26,1,Negative,Ehrlichia muris-like,HARV_001.20200726.IXOSCA.N,7,2020
HARV,HARV_001,deciduousForest,202.1,2020-07-26,1,Negative,Borrelia sp.,HARV_001.20200726.IXOSCA.N,7,2020
HARV,HARV_001,deciduousForest,202.1,2020-07-26,1,Negative,Borrelia miyamotoi,HARV_001.20200726.IXOSCA.N,7,2020
HARV,HARV_006,deciduousForest,190.8,2020-07-26,1,Negative,Anaplasma phagocytophilum,HARV_006.20200726.IXOSCA.N,7,2020
HARV,HARV_006,deciduousForest,190.8,2020-07-26,1,Positive,Borrelia sp.,HARV_006.20200726.IXOSCA.N,7,2020
HARV,HARV_006,deciduousForest,190.8,2020-07-26,1,Negative,Borrelia mayonii,HARV_006.20200726.IXOSCA.N,7,2020
HARV,HARV_006,deciduousForest,190.8,2020-07-26,1,Negative,Ixodes pacificus,HARV_006.20200726.IXOSCA.N,7,2020
HARV,HARV_006,deciduousForest,190.8,2020-07-26,1,Positive,Borrelia miyamotoi,HARV_006.20200726.IXOSCA.N,7,2020
HARV,HARV_006,deciduousForest,190.8,2020-07-26,1,Negative,Ehrlichia muris-like,HARV_006.20200726.IXOSCA.N,7,2020
HARV,HARV_006,deciduousForest,190.8,2020-07-26,1,Negative,Babesia microti,HARV_006.20200726.IXOSCA.N,7,2020
HARV,HARV_006,deciduousForest,190.8,2020-07-26,1,Negative,Borrelia burgdorferi sensu lato,HARV_006.20200726.IXOSCA.N,7,2020
HARV,HARV_026,evergreenForest,187.3,2020-07-26,1,Negative,Babesia microti,HARV_026.20200726.IXOSCA.N,7,2020
HARV,HARV_026,evergreenForest,187.3,2020-07-26,1,Negative,Anaplasma phagocytophilum,HARV_026.20200726.IXOSCA.N,7,2020
HARV,HARV_026,evergreenForest,187.3,2020-07-26,1,Negative,Ehrlichia muris-like,HARV_026.20200726.IXOSCA.N,7,2020
HARV,HARV_026,evergreenForest,187.3,2020-07-26,1,Negative,Borrelia mayonii,HARV_026.20200726.IXOSCA.N,7,2020
HARV,HARV_026,evergreenForest,187.3,2020-07-26,1,Negative,Borrelia burgdorferi sensu lato,HARV_026.20200726.IXOSCA.N,7,2020
HARV,HARV_026,evergreenForest,187.3,2020-07-26,1,Negative,Ixodes pacificus,HARV_026.20200726.IXOSCA.N,7,2020
HARV,HARV_026,evergreenForest,187.3,2020-07-26,1,Negative,Borrelia miyamotoi,HARV_026.20200726.IXOSCA.N,7,2020
HARV,HARV_026,evergreenForest,187.3,2020-07-26,1,Negative,Borrelia sp.,HARV_026.20200726.IXOSCA.N,7,2020
HARV,HARV_006,deciduousForest,190.8,2021-06-23,1,Negative,Borrelia miyamotoi,HARV_006.20210623.IXOSCA.N,6,2021
HARV,HARV_006,deciduousForest,190.8,2021-06-23,1,Negative,Anaplasma phagocytophilum,HARV_006.20210623.IXOSCA.N,6,2021
HARV,HARV_006,deciduousForest,190.8,2021-06-23,1,Negative,Ixodes pacificus,HARV_006.20210623.IXOSCA.N,6,2021
HARV,HARV_006,deciduousForest,190.8,2021-06-23,1,Positive,Borrelia sp.,HARV_006.20210623.IXOSCA.N,6,2021
HARV,HARV_006,deciduousForest,190.8,2021-06-23,1,Negative,Borrelia mayonii,HARV_006.20210623.IXOSCA.N,6,2021
HARV,HARV_006,deciduousForest,190.8,2021-06-23,1,Negative,Ixodes pacificus,HARV_006.20210623.IXOSCA.N,6,2021
HARV,HARV_006,deciduousForest,190.8,2021-06-23,1,Negative,Borrelia miyamotoi,HARV_006.20210623.IXOSCA.N,6,2021
HARV,HARV_006,deciduousForest,190.8,2021-06-23,1,Negative,Borrelia burgdorferi sensu lato,HARV_006.20210623.IXOSCA.N,6,2021
HARV,HARV_006,deciduousForest,190.8,2021-06-23,1,Negative,Babesia microti,HARV_006.20210623.IXOSCA.N,6,2021
HARV,HARV_006,deciduousForest,190.8,2021-06-23,1,Negative,Babesia microti,HARV_006.20210623.IXOSCA.N,6,2021
HARV,HARV_006,deciduousForest,190.8,2021-06-23,1,Negative,Ehrlichia muris-like,HARV_006.20210623.IXOSCA.N,6,2021
HARV,HARV_006,deciduousForest,190.8,2021-06-23,1,Negative,Borrelia mayonii,HARV_006.20210623.IXOSCA.N,6,2021
HARV,HARV_006,deciduousForest,190.8,2021-06-23,1,Negative,Ehrlichia muris-like,HARV_006.20210623.IXOSCA.N,6,2021
HARV,HARV_006,deciduousForest,190.8,2021-06-23,1,Negative,Anaplasma phagocytophilum,HARV_006.20210623.IXOSCA.N,6,2021
HARV,HARV_006,deciduousForest,190.8,2021-06-23,1,Negative,Ixodes pacificus,HARV_006.20210623.IXOSCA.N,6,2021
HARV,HARV_006,deciduousForest,190.8,2021-06-23,1,Negative,Babesia microti,HARV_006.20210623.IXOSCA.N,6,2021
HARV,HARV_006,deciduousForest,190.8,2021-06-23,1,Negative,Babesia microti,HARV_006.20210623.IXOSCA.N,6,2021
HARV,HARV_006,deciduousForest,190.8,2021-06-23,1,Negative,Borrelia miyamotoi,HARV_006.20210623.IXOSCA.N,6,2021
HARV,HARV_006,deciduousForest,190.8,2021-06-23,1,Negative,Ehrlichia muris-like,HARV_006.20210623.IXOSCA.N,6,2021
HARV,HARV_006,deciduousForest,190.8,2021-06-23,1,Negative,Borrelia burgdorferi sensu lato,HARV_006.20210623.IXOSCA.N,6,2021
HARV,HARV_006,deciduousForest,190.8,2021-06-23,1,Negative,Borrelia burgdorferi sensu lato,HARV_006.20210623.IXOSCA.N,6,2021
HARV,HARV_006,deciduousForest,190.8,2021-06-23,1,Negative,Ixodes pacificus,HARV_006.20210623.IXOSCA.N,6,2021
HARV,HARV_006,deciduousForest,190.8,2021-06-23,1,Positive,Babesia microti,HARV_006.20210623.IXOSCA.N,6,2021
HARV,HARV_006,deciduousForest,190.8,2021-06-23,1,Negative,Borrelia miyamotoi,HARV_006.20210623.IXOSCA.N,6,2021
HARV,HARV_006,deciduousForest,190.8,2021-06-23,1,Negative,Borrelia mayonii,HARV_006.20210623.IXOSCA.N,6,2021
HARV,HARV_006,deciduousForest,190.8,2021-06-23,1,Negative,Ixodes pacificus,HARV_006.20210623.IXOSCA.N,6,2021
HARV,HARV_006,deciduousForest,190.8,2021-06-23,1,Positive,Borrelia sp.,HARV_006.20210623.IXOSCA.N,6,2021
HARV,HARV_006,deciduousForest,190.8,2021-06-23,1,Negative,Anaplasma phagocytophilum,HARV_006.20210623.IXOSCA.N,6,2021
HARV,HARV_006,deciduousForest,190.8,2021-06-23,1,Negative,Anaplasma phagocytophilum,HARV_006.20210623.IXOSCA.N,6,2021
HARV,HARV_006,deciduousForest,190.8,2021-06-23,1,Negative,Ixodes pacificus,HARV_006.20210623.IXOSCA.N,6,2021
HARV,HARV_006,deciduousForest,190.8,2021-06-23,1,Negative,Borrelia miyamotoi,HARV_006.20210623.IXOSCA.N,6,2021
HARV,HARV_006,deciduousForest,190.8,2021-06-23,1,Positive,Borrelia burgdorferi sensu lato,HARV_006.20210623.IXOSCA.N,6,2021
HARV,HARV_006,deciduousForest,190.8,2021-06-23,1,Negative,Borrelia sp.,HARV_006.20210623.IXOSCA.N,6,2021
HARV,HARV_006,deciduousForest,190.8,2021-06-23,1,Negative,Borrelia mayonii,HARV_006.20210623.IXOSCA.N,6,2021
HARV,HARV_006,deciduousForest,190.8,2021-06-23,1,Negative,Anaplasma phagocytophilum,HARV_006.20210623.IXOSCA.N,6,2021
HARV,HARV_006,deciduousForest,190.8,2021-06-23,1,Negative,Ehrlichia muris-like,HARV_006.20210623.IXOSCA.N,6,2021
HARV,HARV_006,deciduousForest,190.8,2021-06-23,1,Negative,Borrelia sp.,HARV_006.20210623.IXOSCA.N,6,2021
HARV,HARV_006,deciduousForest,190.8,2021-06-23,1,Negative,Borrelia mayonii,HARV_006.20210623.IXOSCA.N,6,2021
HARV,HARV_006,deciduousForest,190.8,2021-06-23,1,Negative,Borrelia sp.,HARV_006.20210623.IXOSCA.N,6,2021
HARV,HARV_006,deciduousForest,190.8,2021-06-23,1,Positive,Borrelia burgdorferi sensu lato,HARV_006.20210623.IXOSCA.N,6,2021
HARV,HARV_006,deciduousForest,190.8,2021-06-23,1,Negative,Babesia microti,HARV_006.20210623.IXOSCA.N,6,2021
HARV,HARV_006,deciduousForest,190.8,2021-06-23,1,Negative,Borrelia burgdorferi sensu lato,HARV_006.20210623.IXOSCA.N,6,2021
HARV,HARV_006,deciduousForest,190.8,2021-06-23,1,Negative,Borrelia miyamotoi,HARV_006.20210623.IXOSCA.N,6,2021
HARV,HARV_006,deciduousForest,190.8,2021-06-23,1,Negative,Ehrlichia muris-like,HARV_006.20210623.IXOSCA.N,6,2021
HARV,HARV_006,deciduousForest,190.8,2021-06-23,1,Negative,Anaplasma phagocytophilum,HARV_006.20210623.IXOSCA.N,6,2021
HARV,HARV_006,deciduousForest,190.8,2021-06-23,1,Negative,Ehrlichia muris-like,HARV_006.20210623.IXOSCA.N,6,2021
HARV,HARV_006,deciduousForest,190.8,2021-06-23,1,Negative,Borrelia mayonii,HARV_006.20210623.IXOSCA.N,6,2021
HARV,HARV_006,deciduousForest,190.8,2021-06-23,1,Negative,Borrelia sp.,HARV_006.20210623.IXOSCA.N,6,2021
HARV,HARV_026,evergreenForest,187.3,2021-06-23,1,Negative,Ixodes pacificus,HARV_026.20210623.IXOSCA.N,6,2021
HARV,HARV_026,evergreenForest,187.3,2021-06-23,1,Negative,Anaplasma phagocytophilum,HARV_026.20210623.IXOSCA.N,6,2021
HARV,HARV_026,evergreenForest,187.3,2021-06-23,1,Negative,Ixodes pacificus,HARV_026.20210623.IXOSCA.N,6,2021
HARV,HARV_026,evergreenForest,187.3,2021-06-23,1,Negative,Borrelia mayonii,HARV_026.20210623.IXOSCA.N,6,2021
HARV,HARV_026,evergreenForest,187.3,2021-06-23,1,Negative,Anaplasma phagocytophilum,HARV_026.20210623.IXOSCA.N,6,2021
HARV,HARV_026,evergreenForest,187.3,2021-06-23,1,Negative,Ehrlichia muris-like,HARV_026.20210623.IXOSCA.N,6,2021
HARV,HARV_026,evergreenForest,187.3,2021-06-23,1,Positive,Borrelia burgdorferi sensu lato,HARV_026.20210623.IXOSCA.N,6,2021
HARV,HARV_026,evergreenForest,187.3,2021-06-23,1,Positive,Borrelia sp.,HARV_026.20210623.IXOSCA.N,6,2021
HARV,HARV_026,evergreenForest,187.3,2021-06-23,1,Positive,Borrelia sp.,HARV_026.20210623.IXOSCA.N,6,2021
HARV,HARV_026,evergreenForest,187.3,2021-06-23,1,Negative,Borrelia mayonii,HARV_026.20210623.IXOSCA.N,6,2021
HARV,HARV_026,evergreenForest,187.3,2021-06-23,1,Positive,Borrelia miyamotoi,HARV_026.20210623.IXOSCA.N,6,2021
HARV,HARV_026,evergreenForest,187.3,2021-06-23,1,Negative,Babesia microti,HARV_026.20210623.IXOSCA.N,6,2021
HARV,HARV_026,evergreenForest,187.3,2021-06-23,1,Negative,Babesia microti,HARV_026.20210623.IXOSCA.N,6,2021
HARV,HARV_026,evergreenForest,187.3,2021-06-23,1,Negative,Ehrlichia muris-like,HARV_026.20210623.IXOSCA.N,6,2021
HARV,HARV_026,evergreenForest,187.3,2021-06-23,1,Negative,Borrelia miyamotoi,HARV_026.20210623.IXOSCA.N,6,2021
HARV,HARV_026,evergreenForest,187.3,2021-06-23,1,Positive,Borrelia burgdorferi sensu lato,HARV_026.20210623.IXOSCA.N,6,2021
HARV,HARV_004,mixedForest,182.6,2021-06-23,1,Negative,Ixodes pacificus,HARV_004.20210623.IXOSCA.N,6,2021
HARV,HARV_004,mixedForest,182.6,2021-06-23,1,Negative,Borrelia sp.,HARV_004.20210623.IXOSCA.N,6,2021
HARV,HARV_004,mixedForest,182.6,2021-06-23,1,Negative,Ehrlichia muris-like,HARV_004.20210623.IXOSCA.N,6,2021
HARV,HARV_004,mixedForest,182.6,2021-06-23,1,Negative,Ehrlichia muris-like,HARV_004.20210623.IXOSCA.N,6,2021
HARV,HARV_004,mixedForest,182.6,2021-06-23,1,Negative,Anaplasma phagocytophilum,HARV_004.20210623.IXOSCA.N,6,2021
HARV,HARV_004,mixedForest,182.6,2021-06-23,1,Negative,Borrelia burgdorferi sensu lato,HARV_004.20210623.IXOSCA.N,6,2021
HARV,HARV_004,mixedForest,182.6,2021-06-23,1,Negative,Borrelia miyamotoi,HARV_004.20210623.IXOSCA.N,6,2021
HARV,HARV_004,mixedForest,182.6,2021-06-23,1,Negative,Borrelia mayonii,HARV_004.20210623.IXOSCA.N,6,2021
HARV,HARV_004,mixedForest,182.6,2021-06-23,1,Negative,Anaplasma phagocytophilum,HARV_004.20210623.IXOSCA.N,6,2021
HARV,HARV_004,mixedForest,182.6,2021-06-23,1,Negative,Borrelia miyamotoi,HARV_004.20210623.IXOSCA.N,6,2021
HARV,HARV_004,mixedForest,182.6,2021-06-23,1,Negative,Ixodes pacificus,HARV_004.20210623.IXOSCA.N,6,2021
HARV,HARV_004,mixedForest,182.6,2021-06-23,1,Negative,Borrelia mayonii,HARV_004.20210623.IXOSCA.N,6,2021
HARV,HARV_004,mixedForest,182.6,2021-06-23,1,Negative,Borrelia burgdorferi sensu lato,HARV_004.20210623.IXOSCA.N,6,2021
HARV,HARV_004,mixedForest,182.6,2021-06-23,1,Negative,Babesia microti,HARV_004.20210623.IXOSCA.N,6,2021
HARV,HARV_004,mixedForest,182.6,2021-06-23,1,Negative,Babesia microti,HARV_004.20210623.IXOSCA.N,6,2021
HARV,HARV_004,mixedForest,182.6,2021-06-23,1,Negative,Borrelia sp.,HARV_004.20210623.IXOSCA.N,6,2021
HARV,HARV_002,deciduousForest,187.7,2021-06-24,1,Negative,Borrelia sp.,HARV_002.20210624.IXOSCA.N,6,2021
HARV,HARV_002,deciduousForest,187.7,2021-06-24,1,Negative,Babesia microti,HARV_002.20210624.IXOSCA.N,6,2021
HARV,HARV_002,deciduousForest,187.7,2021-06-24,1,Negative,Borrelia mayonii,HARV_002.20210624.IXOSCA.N,6,2021
HARV,HARV_002,deciduousForest,187.7,2021-06-24,1,Negative,Ehrlichia muris-like,HARV_002.20210624.IXOSCA.N,6,2021
HARV,HARV_002,deciduousForest,187.7,2021-06-24,1,Negative,Ehrlichia muris-like,HARV_002.20210624.IXOSCA.N,6,2021
HARV,HARV_002,deciduousForest,187.7,2021-06-24,1,Negative,Babesia microti,HARV_002.20210624.IXOSCA.N,6,2021
HARV,HARV_002,deciduousForest,187.7,2021-06-24,1,Negative,Borrelia sp.,HARV_002.20210624.IXOSCA.N,6,2021
HARV,HARV_002,deciduousForest,187.7,2021-06-24,1,Negative,Ehrlichia muris-like,HARV_002.20210624.IXOSCA.N,6,2021
HARV,HARV_002,deciduousForest,187.7,2021-06-24,1,Negative,Babesia microti,HARV_002.20210624.IXOSCA.N,6,2021
HARV,HARV_002,deciduousForest,187.7,2021-06-24,1,Negative,Borrelia miyamotoi,HARV_002.20210624.IXOSCA.N,6,2021
HARV,HARV_002,deciduousForest,187.7,2021-06-24,1,Negative,Ixodes pacificus,HARV_002.20210624.IXOSCA.N,6,2021
HARV,HARV_002,deciduousForest,187.7,2021-06-24,1,Negative,Babesia microti,HARV_002.20210624.IXOSCA.N,6,2021
HARV,HARV_002,deciduousForest,187.7,2021-06-24,1,Negative,Ixodes pacificus,HARV_002.20210624.IXOSCA.N,6,2021
HARV,HARV_002,deciduousForest,187.7,2021-06-24,1,Negative,Borrelia miyamotoi,HARV_002.20210624.IXOSCA.N,6,2021
HARV,HARV_002,deciduousForest,187.7,2021-06-24,1,Negative,Borrelia miyamotoi,HARV_002.20210624.IXOSCA.N,6,2021
HARV,HARV_002,deciduousForest,187.7,2021-06-24,1,Negative,Borrelia miyamotoi,HARV_002.20210624.IXOSCA.N,6,2021
HARV,HARV_002,deciduousForest,187.7,2021-06-24,1,Negative,Borrelia miyamotoi,HARV_002.20210624.IXOSCA.N,6,2021
HARV,HARV_002,deciduousForest,187.7,2021-06-24,1,Negative,Borrelia mayonii,HARV_002.20210624.IXOSCA.N,6,2021
HARV,HARV_002,deciduousForest,187.7,2021-06-24,1,Negative,Borrelia burgdorferi sensu lato,HARV_002.20210624.IXOSCA.N,6,2021
HARV,HARV_002,deciduousForest,187.7,2021-06-24,1,Negative,Borrelia burgdorferi sensu lato,HARV_002.20210624.IXOSCA.N,6,2021
HARV,HARV_002,deciduousForest,187.7,2021-06-24,1,Negative,Ixodes pacificus,HARV_002.20210624.IXOSCA.N,6,2021
HARV,HARV_002,deciduousForest,187.7,2021-06-24,1,Negative,Ixodes pacificus,HARV_002.20210624.IXOSCA.N,6,2021
HARV,HARV_002,deciduousForest,187.7,2021-06-24,1,Negative,Borrelia burgdorferi sensu lato,HARV_002.20210624.IXOSCA.N,6,2021
HARV,HARV_002,deciduousForest,187.7,2021-06-24,1,Negative,Ixodes pacificus,HARV_002.20210624.IXOSCA.N,6,2021
HARV,HARV_002,deciduousForest,187.7,2021-06-24,1,Negative,Borrelia sp.,HARV_002.20210624.IXOSCA.N,6,2021
HARV,HARV_002,deciduousForest,187.7,2021-06-24,1,Negative,Borrelia mayonii,HARV_002.20210624.IXOSCA.N,6,2021
HARV,HARV_002,deciduousForest,187.7,2021-06-24,1,Negative,Borrelia sp.,HARV_002.20210624.IXOSCA.N,6,2021
HARV,HARV_002,deciduousForest,187.7,2021-06-24,1,Negative,Anaplasma phagocytophilum,HARV_002.20210624.IXOSCA.N,6,2021
HARV,HARV_002,deciduousForest,187.7,2021-06-24,1,Negative,Ixodes pacificus,HARV_002.20210624.IXOSCA.N,6,2021
HARV,HARV_002,deciduousForest,187.7,2021-06-24,1,Negative,Borrelia sp.,HARV_002.20210624.IXOSCA.N,6,2021
HARV,HARV_002,deciduousForest,187.7,2021-06-24,1,Negative,Ixodes pacificus,HARV_002.20210624.IXOSCA.N,6,2021
HARV,HARV_002,deciduousForest,187.7,2021-06-24,1,Negative,Anaplasma phagocytophilum,HARV_002.20210624.IXOSCA.N,6,2021
HARV,HARV_002,deciduousForest,187.7,2021-06-24,1,Negative,Anaplasma phagocytophilum,HARV_002.20210624.IXOSCA.N,6,2021
HARV,HARV_002,deciduousForest,187.7,2021-06-24,1,Negative,Borrelia sp.,HARV_002.20210624.IXOSCA.N,6,2021
HARV,HARV_002,deciduousForest,187.7,2021-06-24,1,Negative,Ixodes pacificus,HARV_002.20210624.IXOSCA.N,6,2021
HARV,HARV_002,deciduousForest,187.7,2021-06-24,1,Negative,Anaplasma phagocytophilum,HARV_002.20210624.IXOSCA.N,6,2021
HARV,HARV_002,deciduousForest,187.7,2021-06-24,1,Negative,Babesia microti,HARV_002.20210624.IXOSCA.N,6,2021
HARV,HARV_002,deciduousForest,187.7,2021-06-24,1,Negative,Borrelia mayonii,HARV_002.20210624.IXOSCA.N,6,2021
HARV,HARV_002,deciduousForest,187.7,2021-06-24,1,Negative,Borrelia burgdorferi sensu lato,HARV_002.20210624.IXOSCA.N,6,2021
HARV,HARV_002,deciduousForest,187.7,2021-06-24,1,Negative,Ehrlichia muris-like,HARV_002.20210624.IXOSCA.N,6,2021
HARV,HARV_002,deciduousForest,187.7,2021-06-24,1,Negative,Borrelia burgdorferi sensu lato,HARV_002.20210624.IXOSCA.N,6,2021
HARV,HARV_002,deciduousForest,187.7,2021-06-24,1,Negative,Ehrlichia muris-like,HARV_002.20210624.IXOSCA.N,6,2021
HARV,HARV_002,deciduousForest,187.7,2021-06-24,1,Negative,Ehrlichia muris-like,HARV_002.20210624.IXOSCA.N,6,2021
HARV,HARV_002,deciduousForest,187.7,2021-06-24,1,Negative,Borrelia mayonii,HARV_002.20210624.IXOSCA.N,6,2021
HARV,HARV_002,deciduousForest,187.7,2021-06-24,1,Negative,Borrelia mayonii,HARV_002.20210624.IXOSCA.N,6,2021
HARV,HARV_002,deciduousForest,187.7,2021-06-24,1,Positive,Borrelia burgdorferi sensu lato,HARV_002.20210624.IXOSCA.N,6,2021
HARV,HARV_002,deciduousForest,187.7,2021-06-24,1,Negative,Borrelia mayonii,HARV_002.20210624.IXOSCA.N,6,2021
HARV,HARV_002,deciduousForest,187.7,2021-06-24,1,Negative,Anaplasma phagocytophilum,HARV_002.20210624.IXOSCA.N,6,2021
HARV,HARV_002,deciduousForest,187.7,2021-06-24,1,Negative,Borrelia sp.,HARV_002.20210624.IXOSCA.N,6,2021
HARV,HARV_002,deciduousForest,187.7,2021-06-24,1,Positive,Borrelia sp.,HARV_002.20210624.IXOSCA.N,6,2021
HARV,HARV_002,deciduousForest,187.7,2021-06-24,1,Negative,Ehrlichia muris-like,HARV_002.20210624.IXOSCA.N,6,2021
HARV,HARV_002,deciduousForest,187.7,2021-06-24,1,Negative,Borrelia mayonii,HARV_002.20210624.IXOSCA.N,6,2021
HARV,HARV_002,deciduousForest,187.7,2021-06-24,1,Negative,Babesia microti,HARV_002.20210624.IXOSCA.N,6,2021
HARV,HARV_002,deciduousForest,187.7,2021-06-24,1,Negative,Borrelia burgdorferi sensu lato,HARV_002.20210624.IXOSCA.N,6,2021
HARV,HARV_002,deciduousForest,187.7,2021-06-24,1,Negative,Babesia microti,HARV_002.20210624.IXOSCA.N,6,2021
HARV,HARV_002,deciduousForest,187.7,2021-06-24,1,Negative,Ehrlichia muris-like,HARV_002.20210624.IXOSCA.N,6,2021
HARV,HARV_002,deciduousForest,187.7,2021-06-24,1,Negative,Borrelia burgdorferi sensu lato,HARV_002.20210624.IXOSCA.N,6,2021
HARV,HARV_002,deciduousForest,187.7,2021-06-24,1,Negative,Babesia microti,HARV_002.20210624.IXOSCA.N,6,2021
HARV,HARV_002,deciduousForest,187.7,2021-06-24,1,Negative,Anaplasma phagocytophilum,HARV_002.20210624.IXOSCA.N,6,2021
HARV,HARV_002,deciduousForest,187.7,2021-06-24,1,Negative,Babesia microti,HARV_002.20210624.IXOSCA.N,6,2021
HARV,HARV_002,deciduousForest,187.7,2021-06-24,1,Negative,Borrelia miyamotoi,HARV_002.20210624.IXOSCA.N,6,2021
HARV,HARV_002,deciduousForest,187.7,2021-06-24,1,Negative,Borrelia miyamotoi,HARV_002.20210624.IXOSCA.N,6,2021
HARV,HARV_002,deciduousForest,187.7,2021-06-24,1,Negative,Anaplasma phagocytophilum,HARV_002.20210624.IXOSCA.N,6,2021
HARV,HARV_002,deciduousForest,187.7,2021-06-24,1,Negative,Borrelia sp.,HARV_002.20210624.IXOSCA.N,6,2021
HARV,HARV_002,deciduousForest,187.7,2021-06-24,1,Negative,Anaplasma phagocytophilum,HARV_002.20210624.IXOSCA.N,6,2021
HARV,HARV_002,deciduousForest,187.7,2021-06-24,1,Negative,Borrelia mayonii,HARV_002.20210624.IXOSCA.N,6,2021
HARV,HARV_002,deciduousForest,187.7,2021-06-24,1,Negative,Borrelia burgdorferi sensu lato,HARV_002.20210624.IXOSCA.N,6,2021
HARV,HARV_002,deciduousForest,187.7,2021-06-24,1,Negative,Borrelia miyamotoi,HARV_002.20210624.IXOSCA.N,6,2021
HARV,HARV_002,deciduousForest,187.7,2021-06-24,1,Negative,Ehrlichia muris-like,HARV_002.20210624.IXOSCA.N,6,2021
HARV,HARV_002,deciduousForest,187.7,2021-06-24,1,Negative,Ixodes pacificus,HARV_002.20210624.IXOSCA.N,6,2021
HARV,HARV_002,deciduousForest,187.7,2021-06-24,1,Negative,Anaplasma phagocytophilum,HARV_002.20210624.IXOSCA.N,6,2021
HARV,HARV_002,deciduousForest,187.7,2021-06-24,1,Negative,Borrelia miyamotoi,HARV_002.20210624.IXOSCA.N,6,2021
HARV,HARV_001,deciduousForest,202.1,2021-07-15,1,Negative,Borrelia miyamotoi,HARV_001.20210715.IXOSCA.N,7,2021
HARV,HARV_001,deciduousForest,202.1,2021-07-15,1,Negative,Ixodes pacificus,HARV_001.20210715.IXOSCA.N,7,2021
HARV,HARV_001,deciduousForest,202.1,2021-07-15,1,Negative,Borrelia mayonii,HARV_001.20210715.IXOSCA.N,7,2021
HARV,HARV_001,deciduousForest,202.1,2021-07-15,1,Positive,Borrelia sp.,HARV_001.20210715.IXOSCA.N,7,2021
HARV,HARV_001,deciduousForest,202.1,2021-07-15,1,Negative,Anaplasma phagocytophilum,HARV_001.20210715.IXOSCA.N,7,2021
HARV,HARV_001,deciduousForest,202.1,2021-07-15,1,Positive,Borrelia burgdorferi sensu lato,HARV_001.20210715.IXOSCA.N,7,2021
HARV,HARV_001,deciduousForest,202.1,2021-07-15,1,Negative,Babesia microti,HARV_001.20210715.IXOSCA.N,7,2021
HARV,HARV_001,deciduousForest,202.1,2021-07-15,1,Negative,Ehrlichia muris-like,HARV_001.20210715.IXOSCA.N,7,2021
HARV,HARV_006,deciduousForest,190.8,2021-07-15,1,Negative,Borrelia miyamotoi,HARV_006.20210715.IXOSCA.N,7,2021
HARV,HARV_006,deciduousForest,190.8,2021-07-15,1,Negative,Ixodes pacificus,HARV_006.20210715.IXOSCA.N,7,2021
HARV,HARV_006,deciduousForest,190.8,2021-07-15,1,Negative,Babesia microti,HARV_006.20210715.IXOSCA.N,7,2021
HARV,HARV_006,deciduousForest,190.8,2021-07-15,1,Negative,Anaplasma phagocytophilum,HARV_006.20210715.IXOSCA.N,7,2021
HARV,HARV_006,deciduousForest,190.8,2021-07-15,1,Positive,Borrelia sp.,HARV_006.20210715.IXOSCA.N,7,2021
HARV,HARV_006,deciduousForest,190.8,2021-07-15,1,Negative,Borrelia miyamotoi,HARV_006.20210715.IXOSCA.N,7,2021
HARV,HARV_006,deciduousForest,190.8,2021-07-15,1,Negative,Borrelia miyamotoi,HARV_006.20210715.IXOSCA.N,7,2021
HARV,HARV_006,deciduousForest,190.8,2021-07-15,1,Negative,Ixodes pacificus,HARV_006.20210715.IXOSCA.N,7,2021
HARV,HARV_006,deciduousForest,190.8,2021-07-15,1,Negative,Borrelia burgdorferi sensu lato,HARV_006.20210715.IXOSCA.N,7,2021
HARV,HARV_006,deciduousForest,190.8,2021-07-15,1,Negative,Borrelia mayonii,HARV_006.20210715.IXOSCA.N,7,2021
HARV,HARV_006,deciduousForest,190.8,2021-07-15,1,Negative,Ixodes pacificus,HARV_006.20210715.IXOSCA.N,7,2021
HARV,HARV_006,deciduousForest,190.8,2021-07-15,1,Negative,Anaplasma phagocytophilum,HARV_006.20210715.IXOSCA.N,7,2021
HARV,HARV_006,deciduousForest,190.8,2021-07-15,1,Negative,Borrelia mayonii,HARV_006.20210715.IXOSCA.N,7,2021
HARV,HARV_006,deciduousForest,190.8,2021-07-15,1,Positive,Borrelia burgdorferi sensu lato,HARV_006.20210715.IXOSCA.N,7,2021
HARV,HARV_006,deciduousForest,190.8,2021-07-15,1,Negative,Anaplasma phagocytophilum,HARV_006.20210715.IXOSCA.N,7,2021
HARV,HARV_006,deciduousForest,190.8,2021-07-15,1,Negative,Borrelia mayonii,HARV_006.20210715.IXOSCA.N,7,2021
HARV,HARV_006,deciduousForest,190.8,2021-07-15,1,Positive,Borrelia burgdorferi sensu lato,HARV_006.20210715.IXOSCA.N,7,2021
HARV,HARV_006,deciduousForest,190.8,2021-07-15,1,Positive,Borrelia sp.,HARV_006.20210715.IXOSCA.N,7,2021
HARV,HARV_006,deciduousForest,190.8,2021-07-15,1,Negative,Borrelia sp.,HARV_006.20210715.IXOSCA.N,7,2021
HARV,HARV_006,deciduousForest,190.8,2021-07-15,1,Negative,Ehrlichia muris-like,HARV_006.20210715.IXOSCA.N,7,2021
HARV,HARV_006,deciduousForest,190.8,2021-07-15,1,Negative,Ehrlichia muris-like,HARV_006.20210715.IXOSCA.N,7,2021
HARV,HARV_006,deciduousForest,190.8,2021-07-15,1,Negative,Babesia microti,HARV_006.20210715.IXOSCA.N,7,2021
HARV,HARV_006,deciduousForest,190.8,2021-07-15,1,Negative,Ehrlichia muris-like,HARV_006.20210715.IXOSCA.N,7,2021
HARV,HARV_006,deciduousForest,190.8,2021-07-15,1,Negative,Babesia microti,HARV_006.20210715.IXOSCA.N,7,2021
HARV,HARV_026,evergreenForest,187.3,2021-07-15,1,Negative,Borrelia burgdorferi sensu lato,HARV_026.20210715.IXOSCA.N,7,2021
HARV,HARV_026,evergreenForest,187.3,2021-07-15,1,Negative,Ixodes pacificus,HARV_026.20210715.IXOSCA.N,7,2021
HARV,HARV_026,evergreenForest,187.3,2021-07-15,1,Negative,Borrelia miyamotoi,HARV_026.20210715.IXOSCA.N,7,2021
HARV,HARV_026,evergreenForest,187.3,2021-07-15,1,Negative,Anaplasma phagocytophilum,HARV_026.20210715.IXOSCA.N,7,2021
HARV,HARV_026,evergreenForest,187.3,2021-07-15,1,Negative,Borrelia mayonii,HARV_026.20210715.IXOSCA.N,7,2021
HARV,HARV_026,evergreenForest,187.3,2021-07-15,1,Negative,Babesia microti,HARV_026.20210715.IXOSCA.N,7,2021
HARV,HARV_026,evergreenForest,187.3,2021-07-15,1,Negative,Borrelia sp.,HARV_026.20210715.IXOSCA.N,7,2021
HARV,HARV_026,evergreenForest,187.3,2021-07-15,1,Negative,Borrelia sp.,HARV_026.20210715.IXOSCA.N,7,2021
HARV,HARV_026,evergreenForest,187.3,2021-07-15,1,Negative,Borrelia mayonii,HARV_026.20210715.IXOSCA.N,7,2021
HARV,HARV_026,evergreenForest,187.3,2021-07-15,1,Negative,Ehrlichia muris-like,HARV_026.20210715.IXOSCA.N,7,2021
HARV,HARV_026,evergreenForest,187.3,2021-07-15,1,Negative,Anaplasma phagocytophilum,HARV_026.20210715.IXOSCA.N,7,2021
HARV,HARV_026,evergreenForest,187.3,2021-07-15,1,Negative,Ehrlichia muris-like,HARV_026.20210715.IXOSCA.N,7,2021
HARV,HARV_026,evergreenForest,187.3,2021-07-15,1,Negative,Borrelia burgdorferi sensu lato,HARV_026.20210715.IXOSCA.N,7,2021
HARV,HARV_026,evergreenForest,187.3,2021-07-15,1,Negative,Ixodes pacificus,HARV_026.20210715.IXOSCA.N,7,2021
HARV,HARV_026,evergreenForest,187.3,2021-07-15,1,Negative,Babesia microti,HARV_026.20210715.IXOSCA.N,7,2021
HARV,HARV_026,evergreenForest,187.3,2021-07-15,1,Negative,Borrelia miyamotoi,HARV_026.20210715.IXOSCA.N,7,2021
HARV,HARV_022,evergreenForest,185.9,2021-09-14,1,Negative,Ehrlichia muris-like,HARV_022.20210914.IXOSCA.N,9,2021
HARV,HARV_022,evergreenForest,185.9,2021-09-14,1,Negative,Ehrlichia muris-like,HARV_022.20210914.IXOSCA.N,9,2021
HARV,HARV_022,evergreenForest,185.9,2021-09-14,1,Negative,Borrelia burgdorferi sensu lato,HARV_022.20210914.IXOSCA.N,9,2021
HARV,HARV_022,evergreenForest,185.9,2021-09-14,1,Negative,Borrelia miyamotoi,HARV_022.20210914.IXOSCA.N,9,2021
HARV,HARV_022,evergreenForest,185.9,2021-09-14,1,Negative,Borrelia mayonii,HARV_022.20210914.IXOSCA.N,9,2021
HARV,HARV_022,evergreenForest,185.9,2021-09-14,1,Negative,Borrelia sp.,HARV_022.20210914.IXOSCA.N,9,2021
HARV,HARV_022,evergreenForest,185.9,2021-09-14,1,Negative,Borrelia sp.,HARV_022.20210914.IXOSCA.N,9,2021
HARV,HARV_022,evergreenForest,185.9,2021-09-14,1,Negative,Borrelia burgdorferi sensu lato,HARV_022.20210914.IXOSCA.N,9,2021
HARV,HARV_022,evergreenForest,185.9,2021-09-14,1,Negative,Anaplasma phagocytophilum,HARV_022.20210914.IXOSCA.N,9,2021
HARV,HARV_022,evergreenForest,185.9,2021-09-14,1,Negative,Borrelia mayonii,HARV_022.20210914.IXOSCA.N,9,2021
HARV,HARV_022,evergreenForest,185.9,2021-09-14,1,Negative,Babesia microti,HARV_022.20210914.IXOSCA.N,9,2021
HARV,HARV_022,evergreenForest,185.9,2021-09-14,1,Negative,Ixodes pacificus,HARV_022.20210914.IXOSCA.N,9,2021
HARV,HARV_022,evergreenForest,185.9,2021-09-14,1,Negative,Borrelia miyamotoi,HARV_022.20210914.IXOSCA.N,9,2021
HARV,HARV_022,evergreenForest,185.9,2021-09-14,1,Negative,Anaplasma phagocytophilum,HARV_022.20210914.IXOSCA.N,9,2021
HARV,HARV_022,evergreenForest,185.9,2021-09-14,1,Negative,Babesia microti,HARV_022.20210914.IXOSCA.N,9,2021
HARV,HARV_022,evergreenForest,185.9,2021-09-14,1,Negative,Ixodes pacificus,HARV_022.20210914.IXOSCA.N,9,2021
HARV,HARV_004,mixedForest,182.6,2021-09-14,1,Negative,Ehrlichia muris-like,HARV_004.20210914.IXOSCA.N,9,2021
HARV,HARV_004,mixedForest,182.6,2021-09-14,1,Positive,Anaplasma phagocytophilum,HARV_004.20210914.IXOSCA.N,9,2021
HARV,HARV_004,mixedForest,182.6,2021-09-14,1,Positive,Borrelia burgdorferi sensu lato,HARV_004.20210914.IXOSCA.N,9,2021
HARV,HARV_004,mixedForest,182.6,2021-09-14,1,Negative,Babesia microti,HARV_004.20210914.IXOSCA.N,9,2021
HARV,HARV_004,mixedForest,182.6,2021-09-14,1,Negative,Ehrlichia muris-like,HARV_004.20210914.IXOSCA.N,9,2021
HARV,HARV_004,mixedForest,182.6,2021-09-14,1,Negative,Borrelia miyamotoi,HARV_004.20210914.IXOSCA.N,9,2021
HARV,HARV_004,mixedForest,182.6,2021-09-14,1,Negative,Anaplasma phagocytophilum,HARV_004.20210914.IXOSCA.N,9,2021
HARV,HARV_004,mixedForest,182.6,2021-09-14,1,Negative,Borrelia burgdorferi sensu lato,HARV_004.20210914.IXOSCA.N,9,2021
HARV,HARV_004,mixedForest,182.6,2021-09-14,1,Negative,Borrelia sp.,HARV_004.20210914.IXOSCA.N,9,2021
HARV,HARV_004,mixedForest,182.6,2021-09-14,1,Positive,Borrelia sp.,HARV_004.20210914.IXOSCA.N,9,2021
HARV,HARV_004,mixedForest,182.6,2021-09-14,1,Negative,Babesia microti,HARV_004.20210914.IXOSCA.N,9,2021
HARV,HARV_004,mixedForest,182.6,2021-09-14,1,Negative,Ixodes pacificus,HARV_004.20210914.IXOSCA.N,9,2021
HARV,HARV_004,mixedForest,182.6,2021-09-14,1,Negative,Borrelia mayonii,HARV_004.20210914.IXOSCA.N,9,2021
HARV,HARV_004,mixedForest,182.6,2021-09-14,1,Negative,Borrelia miyamotoi,HARV_004.20210914.IXOSCA.N,9,2021
HARV,HARV_004,mixedForest,182.6,2021-09-14,1,Negative,Borrelia mayonii,HARV_004.20210914.IXOSCA.N,9,2021
HARV,HARV_004,mixedForest,182.6,2021-09-14,1,Negative,Ixodes pacificus,HARV_004.20210914.IXOSCA.N,9,2021
HARV,HARV_002,deciduousForest,187.7,2021-09-15,1,Negative,Borrelia mayonii,HARV_002.20210915.IXOSCA.N,9,2021
HARV,HARV_002,deciduousForest,187.7,2021-09-15,1,Negative,Borrelia miyamotoi,HARV_002.20210915.IXOSCA.N,9,2021
HARV,HARV_002,deciduousForest,187.7,2021-09-15,1,Negative,Babesia microti,HARV_002.20210915.IXOSCA.N,9,2021
HARV,HARV_002,deciduousForest,187.7,2021-09-15,1,Negative,Anaplasma phagocytophilum,HARV_002.20210915.IXOSCA.N,9,2021
HARV,HARV_002,deciduousForest,187.7,2021-09-15,1,Negative,Ixodes pacificus,HARV_002.20210915.IXOSCA.N,9,2021
HARV,HARV_002,deciduousForest,187.7,2021-09-15,1,Positive,Borrelia burgdorferi sensu lato,HARV_002.20210915.IXOSCA.N,9,2021
HARV,HARV_002,deciduousForest,187.7,2021-09-15,1,Positive,Borrelia sp.,HARV_002.20210915.IXOSCA.N,9,2021
HARV,HARV_002,deciduousForest,187.7,2021-09-15,1,Negative,Ehrlichia muris-like,HARV_002.20210915.IXOSCA.N,9,2021
HARV,HARV_022,evergreenForest,185.9,2021-08-03,1,Negative,Ehrlichia muris-like,HARV_022.20210803.IXOSCA.N,8,2021
HARV,HARV_022,evergreenForest,185.9,2021-08-03,1,Negative,Borrelia miyamotoi,HARV_022.20210803.IXOSCA.N,8,2021
HARV,HARV_022,evergreenForest,185.9,2021-08-03,1,Negative,Borrelia sp.,HARV_022.20210803.IXOSCA.N,8,2021
HARV,HARV_022,evergreenForest,185.9,2021-08-03,1,Negative,Borrelia miyamotoi,HARV_022.20210803.IXOSCA.N,8,2021
HARV,HARV_022,evergreenForest,185.9,2021-08-03,1,Positive,Borrelia sp.,HARV_022.20210803.IXOSCA.N,8,2021
HARV,HARV_022,evergreenForest,185.9,2021-08-03,1,Negative,Anaplasma phagocytophilum,HARV_022.20210803.IXOSCA.N,8,2021
HARV,HARV_022,evergreenForest,185.9,2021-08-03,1,Negative,Babesia microti,HARV_022.20210803.IXOSCA.N,8,2021
HARV,HARV_022,evergreenForest,185.9,2021-08-03,1,Negative,Ixodes pacificus,HARV_022.20210803.IXOSCA.N,8,2021
HARV,HARV_022,evergreenForest,185.9,2021-08-03,1,Negative,Borrelia miyamotoi,HARV_022.20210803.IXOSCA.N,8,2021
HARV,HARV_022,evergreenForest,185.9,2021-08-03,1,Negative,Borrelia burgdorferi sensu lato,HARV_022.20210803.IXOSCA.N,8,2021
HARV,HARV_022,evergreenForest,185.9,2021-08-03,1,Negative,Ixodes pacificus,HARV_022.20210803.IXOSCA.N,8,2021
HARV,HARV_022,evergreenForest,185.9,2021-08-03,1,Negative,Ehrlichia muris-like,HARV_022.20210803.IXOSCA.N,8,2021
HARV,HARV_022,evergreenForest,185.9,2021-08-03,1,Positive,Borrelia burgdorferi sensu lato,HARV_022.20210803.IXOSCA.N,8,2021
HARV,HARV_022,evergreenForest,185.9,2021-08-03,1,Negative,Anaplasma phagocytophilum,HARV_022.20210803.IXOSCA.N,8,2021
HARV,HARV_022,evergreenForest,185.9,2021-08-03,1,Negative,Babesia microti,HARV_022.20210803.IXOSCA.N,8,2021
HARV,HARV_022,evergreenForest,185.9,2021-08-03,1,Negative,Anaplasma phagocytophilum,HARV_022.20210803.IXOSCA.N,8,2021
HARV,HARV_022,evergreenForest,185.9,2021-08-03,1,Negative,Borrelia burgdorferi sensu lato,HARV_022.20210803.IXOSCA.N,8,2021
HARV,HARV_022,evergreenForest,185.9,2021-08-03,1,Negative,Borrelia mayonii,HARV_022.20210803.IXOSCA.N,8,2021
HARV,HARV_022,evergreenForest,185.9,2021-08-03,1,Negative,Ehrlichia muris-like,HARV_022.20210803.IXOSCA.N,8,2021
HARV,HARV_022,evergreenForest,185.9,2021-08-03,1,Negative,Borrelia mayonii,HARV_022.20210803.IXOSCA.N,8,2021
HARV,HARV_022,evergreenForest,185.9,2021-08-03,1,Negative,Ixodes pacificus,HARV_022.20210803.IXOSCA.N,8,2021
HARV,HARV_022,evergreenForest,185.9,2021-08-03,1,Negative,Babesia microti,HARV_022.20210803.IXOSCA.N,8,2021
HARV,HARV_022,evergreenForest,185.9,2021-08-03,1,Negative,Borrelia sp.,HARV_022.20210803.IXOSCA.N,8,2021
HARV,HARV_022,evergreenForest,185.9,2021-08-03,1,Negative,Borrelia mayonii,HARV_022.20210803.IXOSCA.N,8,2021
HARV,HARV_002,deciduousForest,187.7,2021-08-04,1,Negative,Borrelia mayonii,HARV_002.20210804.IXOSCA.N,8,2021
HARV,HARV_002,deciduousForest,187.7,2021-08-04,1,Negative,Ehrlichia muris-like,HARV_002.20210804.IXOSCA.N,8,2021
HARV,HARV_002,deciduousForest,187.7,2021-08-04,1,Negative,Babesia microti,HARV_002.20210804.IXOSCA.N,8,2021
HARV,HARV_002,deciduousForest,187.7,2021-08-04,1,Negative,Borrelia miyamotoi,HARV_002.20210804.IXOSCA.N,8,2021
HARV,HARV_002,deciduousForest,187.7,2021-08-04,1,Negative,Ixodes pacificus,HARV_002.20210804.IXOSCA.N,8,2021
HARV,HARV_002,deciduousForest,187.7,2021-08-04,1,Negative,Borrelia sp.,HARV_002.20210804.IXOSCA.N,8,2021
HARV,HARV_002,deciduousForest,187.7,2021-08-04,1,Negative,Borrelia burgdorferi sensu lato,HARV_002.20210804.IXOSCA.N,8,2021
HARV,HARV_002,deciduousForest,187.7,2021-08-04,1,Negative,Anaplasma phagocytophilum,HARV_002.20210804.IXOSCA.N,8,2021
HARV,HARV_004,mixedForest,182.6,2021-08-04,1,Negative,Borrelia sp.,HARV_004.20210804.IXOSCA.N,8,2021
HARV,HARV_004,mixedForest,182.6,2021-08-04,1,Negative,Ixodes pacificus,HARV_004.20210804.IXOSCA.N,8,2021
HARV,HARV_004,mixedForest,182.6,2021-08-04,1,Negative,Babesia microti,HARV_004.20210804.IXOSCA.N,8,2021
HARV,HARV_004,mixedForest,182.6,2021-08-04,1,Negative,Ehrlichia muris-like,HARV_004.20210804.IXOSCA.N,8,2021
HARV,HARV_004,mixedForest,182.6,2021-08-04,1,Negative,Borrelia burgdorferi sensu lato,HARV_004.20210804.IXOSCA.N,8,2021
HARV,HARV_004,mixedForest,182.6,2021-08-04,1,Negative,Anaplasma phagocytophilum,HARV_004.20210804.IXOSCA.N,8,2021
HARV,HARV_004,mixedForest,182.6,2021-08-04,1,Negative,Borrelia miyamotoi,HARV_004.20210804.IXOSCA.N,8,2021
HARV,HARV_004,mixedForest,182.6,2021-08-04,1,Negative,Borrelia mayonii,HARV_004.20210804.IXOSCA.N,8,2021
HARV,HARV_022,evergreenForest,185.9,2021-08-24,1,Negative,Ixodes pacificus,HARV_022.20210824.IXOSCA.N,8,2021
HARV,HARV_022,evergreenForest,185.9,2021-08-24,1,Negative,Borrelia mayonii,HARV_022.20210824.IXOSCA.N,8,2021
HARV,HARV_022,evergreenForest,185.9,2021-08-24,1,Positive,Borrelia sp.,HARV_022.20210824.IXOSCA.N,8,2021
HARV,HARV_022,evergreenForest,185.9,2021-08-24,1,Negative,Anaplasma phagocytophilum,HARV_022.20210824.IXOSCA.N,8,2021
HARV,HARV_022,evergreenForest,185.9,2021-08-24,1,Negative,Borrelia mayonii,HARV_022.20210824.IXOSCA.N,8,2021
HARV,HARV_022,evergreenForest,185.9,2021-08-24,1,Positive,Borrelia burgdorferi sensu lato,HARV_022.20210824.IXOSCA.N,8,2021
HARV,HARV_022,evergreenForest,185.9,2021-08-24,1,Negative,Anaplasma phagocytophilum,HARV_022.20210824.IXOSCA.N,8,2021
HARV,HARV_022,evergreenForest,185.9,2021-08-24,1,Negative,Babesia microti,HARV_022.20210824.IXOSCA.N,8,2021
HARV,HARV_022,evergreenForest,185.9,2021-08-24,1,Negative,Borrelia sp.,HARV_022.20210824.IXOSCA.N,8,2021
HARV,HARV_022,evergreenForest,185.9,2021-08-24,1,Negative,Borrelia burgdorferi sensu lato,HARV_022.20210824.IXOSCA.N,8,2021
HARV,HARV_022,evergreenForest,185.9,2021-08-24,1,Negative,Borrelia miyamotoi,HARV_022.20210824.IXOSCA.N,8,2021
HARV,HARV_022,evergreenForest,185.9,2021-08-24,1,Negative,Ehrlichia muris-like,HARV_022.20210824.IXOSCA.N,8,2021
HARV,HARV_022,evergreenForest,185.9,2021-08-24,1,Negative,Babesia microti,HARV_022.20210824.IXOSCA.N,8,2021
HARV,HARV_022,evergreenForest,185.9,2021-08-24,1,Negative,Borrelia miyamotoi,HARV_022.20210824.IXOSCA.N,8,2021
HARV,HARV_022,evergreenForest,185.9,2021-08-24,1,Negative,Ixodes pacificus,HARV_022.20210824.IXOSCA.N,8,2021
HARV,HARV_022,evergreenForest,185.9,2021-08-24,1,Negative,Ehrlichia muris-like,HARV_022.20210824.IXOSCA.N,8,2021
HARV,HARV_004,mixedForest,182.6,2021-08-26,1,Negative,Ehrlichia muris-like,HARV_004.20210826.IXOSCA.N,8,2021
HARV,HARV_004,mixedForest,182.6,2021-08-26,1,Negative,Babesia microti,HARV_004.20210826.IXOSCA.N,8,2021
HARV,HARV_004,mixedForest,182.6,2021-08-26,1,Negative,Borrelia burgdorferi sensu lato,HARV_004.20210826.IXOSCA.N,8,2021
HARV,HARV_004,mixedForest,182.6,2021-08-26,1,Negative,Borrelia mayonii,HARV_004.20210826.IXOSCA.N,8,2021
HARV,HARV_004,mixedForest,182.6,2021-08-26,1,Negative,Borrelia miyamotoi,HARV_004.20210826.IXOSCA.N,8,2021
HARV,HARV_004,mixedForest,182.6,2021-08-26,1,Negative,Anaplasma phagocytophilum,HARV_004.20210826.IXOSCA.N,8,2021
HARV,HARV_004,mixedForest,182.6,2021-08-26,1,Negative,Ehrlichia muris-like,HARV_004.20210826.IXOSCA.N,8,2021
HARV,HARV_004,mixedForest,182.6,2021-08-26,1,Negative,Babesia microti,HARV_004.20210826.IXOSCA.N,8,2021
HARV,HARV_004,mixedForest,182.6,2021-08-26,1,Negative,Borrelia sp.,HARV_004.20210826.IXOSCA.N,8,2021
HARV,HARV_004,mixedForest,182.6,2021-08-26,1,Negative,Borrelia sp.,HARV_004.20210826.IXOSCA.N,8,2021
HARV,HARV_004,mixedForest,182.6,2021-08-26,1,Negative,Anaplasma phagocytophilum,HARV_004.20210826.IXOSCA.N,8,2021
HARV,HARV_004,mixedForest,182.6,2021-08-26,1,Negative,Borrelia burgdorferi sensu lato,HARV_004.20210826.IXOSCA.N,8,2021
HARV,HARV_004,mixedForest,182.6,2021-08-26,1,Negative,Borrelia mayonii,HARV_004.20210826.IXOSCA.N,8,2021
HARV,HARV_004,mixedForest,182.6,2021-08-26,1,Negative,Ixodes pacificus,HARV_004.20210826.IXOSCA.N,8,2021
HARV,HARV_004,mixedForest,182.6,2021-08-26,1,Negative,Borrelia miyamotoi,HARV_004.20210826.IXOSCA.N,8,2021
HARV,HARV_004,mixedForest,182.6,2021-08-26,1,Negative,Ixodes pacificus,HARV_004.20210826.IXOSCA.N,8,2021
HARV,HARV_004,mixedForest,182.6,2022-05-31,1,Negative,Borrelia miyamotoi,HARV_004.20220531.IXOSCA.N,5,2022
HARV,HARV_004,mixedForest,182.6,2022-05-31,1,Positive,Borrelia burgdorferi sensu lato,HARV_004.20220531.IXOSCA.N,5,2022
HARV,HARV_004,mixedForest,182.6,2022-05-31,1,Negative,Amblyomma americanum,HARV_004.20220531.IXOSCA.N,5,2022
HARV,HARV_004,mixedForest,182.6,2022-05-31,1,Negative,Ixodes pacificus,HARV_004.20220531.IXOSCA.N,5,2022
HARV,HARV_004,mixedForest,182.6,2022-05-31,1,Positive,Babesia microti,HARV_004.20220531.IXOSCA.N,5,2022
HARV,HARV_004,mixedForest,182.6,2022-05-31,1,Positive,Ixodes scapularis,HARV_004.20220531.IXOSCA.N,5,2022
HARV,HARV_004,mixedForest,182.6,2022-05-31,1,Negative,Ehrlichia muris-like,HARV_004.20220531.IXOSCA.N,5,2022
HARV,HARV_004,mixedForest,182.6,2022-05-31,1,Positive,Borrelia sp.,HARV_004.20220531.IXOSCA.N,5,2022
HARV,HARV_004,mixedForest,182.6,2022-05-31,1,Negative,Dermacentor variabilis,HARV_004.20220531.IXOSCA.N,5,2022
HARV,HARV_004,mixedForest,182.6,2022-05-31,1,Negative,Anaplasma phagocytophilum,HARV_004.20220531.IXOSCA.N,5,2022
HARV,HARV_004,mixedForest,182.6,2022-05-31,1,Negative,Borrelia mayonii,HARV_004.20220531.IXOSCA.N,5,2022
HARV,HARV_004,mixedForest,182.6,2022-08-24,1,Negative,Borrelia sp.,HARV_004.20220824.IXOSCA.N,8,2022
HARV,HARV_004,mixedForest,182.6,2022-08-24,1,Positive,Ixodes scapularis,HARV_004.20220824.IXOSCA.N,8,2022
HARV,HARV_004,mixedForest,182.6,2022-08-24,1,Negative,Amblyomma americanum,HARV_004.20220824.IXOSCA.N,8,2022
HARV,HARV_004,mixedForest,182.6,2022-08-24,1,Negative,Ehrlichia muris-like,HARV_004.20220824.IXOSCA.N,8,2022
HARV,HARV_004,mixedForest,182.6,2022-08-24,1,Negative,Dermacentor variabilis,HARV_004.20220824.IXOSCA.N,8,2022
HARV,HARV_004,mixedForest,182.6,2022-08-24,1,Negative,Ixodes pacificus,HARV_004.20220824.IXOSCA.N,8,2022
HARV,HARV_004,mixedForest,182.6,2022-08-24,1,Negative,Babesia microti,HARV_004.20220824.IXOSCA.N,8,2022
HARV,HARV_004,mixedForest,182.6,2022-08-24,1,Negative,Borrelia burgdorferi sensu lato,HARV_004.20220824.IXOSCA.N,8,2022
HARV,HARV_004,mixedForest,182.6,2022-08-24,1,Negative,Anaplasma phagocytophilum,HARV_004.20220824.IXOSCA.N,8,2022
HARV,HARV_004,mixedForest,182.6,2022-08-24,1,Negative,Borrelia miyamotoi,HARV_004.20220824.IXOSCA.N,8,2022
HARV,HARV_004,mixedForest,182.6,2022-08-24,1,Negative,Borrelia mayonii,HARV_004.20220824.IXOSCA.N,8,2022
HARV,HARV_004,mixedForest,182.6,2022-06-20,1,Positive,Babesia microti,HARV_004.20220620.IXOSCA.N,6,2022
HARV,HARV_004,mixedForest,182.6,2022-06-20,1,Negative,Amblyomma americanum,HARV_004.20220620.IXOSCA.N,6,2022
HARV,HARV_004,mixedForest,182.6,2022-06-20,1,Negative,Borrelia mayonii,HARV_004.20220620.IXOSCA.N,6,2022
HARV,HARV_004,mixedForest,182.6,2022-06-20,1,Negative,Ehrlichia muris-like,HARV_004.20220620.IXOSCA.N,6,2022
HARV,HARV_004,mixedForest,182.6,2022-06-20,1,Negative,Ixodes pacificus,HARV_004.20220620.IXOSCA.N,6,2022
HARV,HARV_004,mixedForest,182.6,2022-06-20,1,Negative,Borrelia miyamotoi,HARV_004.20220620.IXOSCA.N,6,2022
HARV,HARV_004,mixedForest,182.6,2022-06-20,1,Positive,Borrelia sp.,HARV_004.20220620.IXOSCA.N,6,2022
HARV,HARV_004,mixedForest,182.6,2022-06-20,1,Negative,Anaplasma phagocytophilum,HARV_004.20220620.IXOSCA.N,6,2022
HARV,HARV_004,mixedForest,182.6,2022-06-20,1,Negative,Dermacentor variabilis,HARV_004.20220620.IXOSCA.N,6,2022
HARV,HARV_004,mixedForest,182.6,2022-06-20,1,Positive,Ixodes scapularis,HARV_004.20220620.IXOSCA.N,6,2022
HARV,HARV_004,mixedForest,182.6,2022-06-20,1,Positive,Borrelia burgdorferi sensu lato,HARV_004.20220620.IXOSCA.N,6,2022
HARV,HARV_002,deciduousForest,187.7,2022-06-21,1,Negative,Amblyomma americanum,HARV_002.20220621.IXOSCA.N,6,2022
HARV,HARV_002,deciduousForest,187.7,2022-06-21,1,Negative,Ehrlichia muris-like,HARV_002.20220621.IXOSCA.N,6,2022
HARV,HARV_002,deciduousForest,187.7,2022-06-21,1,Negative,Anaplasma phagocytophilum,HARV_002.20220621.IXOSCA.N,6,2022
HARV,HARV_002,deciduousForest,187.7,2022-06-21,1,Negative,Babesia microti,HARV_002.20220621.IXOSCA.N,6,2022
HARV,HARV_002,deciduousForest,187.7,2022-06-21,1,Negative,Borrelia mayonii,HARV_002.20220621.IXOSCA.N,6,2022
HARV,HARV_002,deciduousForest,187.7,2022-06-21,1,Negative,Borrelia burgdorferi sensu lato,HARV_002.20220621.IXOSCA.N,6,2022
HARV,HARV_002,deciduousForest,187.7,2022-06-21,1,Positive,Ixodes scapularis,HARV_002.20220621.IXOSCA.N,6,2022
HARV,HARV_002,deciduousForest,187.7,2022-06-21,1,Negative,Dermacentor variabilis,HARV_002.20220621.IXOSCA.N,6,2022
HARV,HARV_002,deciduousForest,187.7,2022-06-21,1,Negative,Ixodes pacificus,HARV_002.20220621.IXOSCA.N,6,2022
HARV,HARV_002,deciduousForest,187.7,2022-06-21,1,Negative,Borrelia sp.,HARV_002.20220621.IXOSCA.N,6,2022
HARV,HARV_002,deciduousForest,187.7,2022-06-21,1,Negative,Borrelia miyamotoi,HARV_002.20220621.IXOSCA.N,6,2022
HARV,HARV_022,evergreenForest,185.9,2023-09-20,1,Negative,Anaplasma phagocytophilum,HARV_022.20230920.IXOSCA.N,9,2023
HARV,HARV_022,evergreenForest,185.9,2023-09-20,1,Negative,Ehrlichia muris-like,HARV_022.20230920.IXOSCA.N,9,2023
HARV,HARV_022,evergreenForest,185.9,2023-09-20,1,Negative,Ixodes pacificus,HARV_022.20230920.IXOSCA.N,9,2023
HARV,HARV_022,evergreenForest,185.9,2023-09-20,1,Negative,Ehrlichia muris-like,HARV_022.20230920.IXOSCA.N,9,2023
HARV,HARV_022,evergreenForest,185.9,2023-09-20,1,Negative,Dermacentor variabilis,HARV_022.20230920.IXOSCA.N,9,2023
HARV,HARV_022,evergreenForest,185.9,2023-09-20,1,Negative,Ehrlichia muris-like,HARV_022.20230920.IXOSCA.N,9,2023
HARV,HARV_022,evergreenForest,185.9,2023-09-20,1,Negative,Borrelia burgdorferi sensu lato,HARV_022.20230920.IXOSCA.N,9,2023
HARV,HARV_022,evergreenForest,185.9,2023-09-20,1,Negative,Anaplasma phagocytophilum,HARV_022.20230920.IXOSCA.N,9,2023
HARV,HARV_022,evergreenForest,185.9,2023-09-20,1,Negative,Dermacentor variabilis,HARV_022.20230920.IXOSCA.N,9,2023
HARV,HARV_022,evergreenForest,185.9,2023-09-20,1,Negative,Babesia microti,HARV_022.20230920.IXOSCA.N,9,2023
HARV,HARV_022,evergreenForest,185.9,2023-09-20,1,Positive,Ixodes scapularis,HARV_022.20230920.IXOSCA.N,9,2023
HARV,HARV_022,evergreenForest,185.9,2023-09-20,1,Negative,Borrelia miyamotoi,HARV_022.20230920.IXOSCA.N,9,2023
HARV,HARV_022,evergreenForest,185.9,2023-09-20,1,Negative,Amblyomma americanum,HARV_022.20230920.IXOSCA.N,9,2023
HARV,HARV_022,evergreenForest,185.9,2023-09-20,1,Negative,Babesia microti,HARV_022.20230920.IXOSCA.N,9,2023
HARV,HARV_022,evergreenForest,185.9,2023-09-20,1,Negative,Borrelia burgdorferi sensu lato,HARV_022.20230920.IXOSCA.N,9,2023
HARV,HARV_022,evergreenForest,185.9,2023-09-20,1,Positive,Ixodes scapularis,HARV_022.20230920.IXOSCA.N,9,2023
HARV,HARV_022,evergreenForest,185.9,2023-09-20,1,Positive,Ixodes scapularis,HARV_022.20230920.IXOSCA.N,9,2023
HARV,HARV_022,evergreenForest,185.9,2023-09-20,1,Negative,Ixodes pacificus,HARV_022.20230920.IXOSCA.N,9,2023
HARV,HARV_022,evergreenForest,185.9,2023-09-20,1,Negative,Borrelia mayonii,HARV_022.20230920.IXOSCA.N,9,2023
HARV,HARV_022,evergreenForest,185.9,2023-09-20,1,Negative,Amblyomma americanum,HARV_022.20230920.IXOSCA.N,9,2023
HARV,HARV_022,evergreenForest,185.9,2023-09-20,1,Negative,Borrelia sp.,HARV_022.20230920.IXOSCA.N,9,2023
HARV,HARV_022,evergreenForest,185.9,2023-09-20,1,Negative,Borrelia burgdorferi sensu lato,HARV_022.20230920.IXOSCA.N,9,2023
HARV,HARV_022,evergreenForest,185.9,2023-09-20,1,Negative,Borrelia sp.,HARV_022.20230920.IXOSCA.N,9,2023
HARV,HARV_022,evergreenForest,185.9,2023-09-20,1,Negative,Babesia microti,HARV_022.20230920.IXOSCA.N,9,2023
HARV,HARV_022,evergreenForest,185.9,2023-09-20,1,Negative,Amblyomma americanum,HARV_022.20230920.IXOSCA.N,9,2023
HARV,HARV_022,evergreenForest,185.9,2023-09-20,1,Negative,Borrelia sp.,HARV_022.20230920.IXOSCA.N,9,2023
HARV,HARV_022,evergreenForest,185.9,2023-09-20,1,Negative,Ixodes pacificus,HARV_022.20230920.IXOSCA.N,9,2023
HARV,HARV_022,evergreenForest,185.9,2023-09-20,1,Negative,Borrelia miyamotoi,HARV_022.20230920.IXOSCA.N,9,2023
HARV,HARV_022,evergreenForest,185.9,2023-09-20,1,Negative,Anaplasma phagocytophilum,HARV_022.20230920.IXOSCA.N,9,2023
HARV,HARV_022,evergreenForest,185.9,2023-09-20,1,Negative,Borrelia mayonii,HARV_022.20230920.IXOSCA.N,9,2023
HARV,HARV_022,evergreenForest,185.9,2023-09-20,1,Negative,Borrelia miyamotoi,HARV_022.20230920.IXOSCA.N,9,2023
HARV,HARV_022,evergreenForest,185.9,2023-09-20,1,Negative,Borrelia mayonii,HARV_022.20230920.IXOSCA.N,9,2023
HARV,HARV_022,evergreenForest,185.9,2023-09-20,1,Negative,Dermacentor variabilis,HARV_022.20230920.IXOSCA.N,9,2023
HARV,HARV_002,deciduousForest,187.7,2023-09-20,1,Negative,Borrelia mayonii,HARV_002.20230920.IXOSCA.N,9,2023
HARV,HARV_002,deciduousForest,187.7,2023-09-20,1,Negative,Ixodes pacificus,HARV_002.20230920.IXOSCA.N,9,2023
HARV,HARV_002,deciduousForest,187.7,2023-09-20,1,Positive,Ixodes scapularis,HARV_002.20230920.IXOSCA.N,9,2023
HARV,HARV_002,deciduousForest,187.7,2023-09-20,1,Negative,Ehrlichia muris-like,HARV_002.20230920.IXOSCA.N,9,2023
HARV,HARV_002,deciduousForest,187.7,2023-09-20,1,Negative,Babesia microti,HARV_002.20230920.IXOSCA.N,9,2023
HARV,HARV_002,deciduousForest,187.7,2023-09-20,1,Negative,Babesia microti,HARV_002.20230920.IXOSCA.N,9,2023
HARV,HARV_002,deciduousForest,187.7,2023-09-20,1,Negative,Ixodes pacificus,HARV_002.20230920.IXOSCA.N,9,2023
HARV,HARV_002,deciduousForest,187.7,2023-09-20,1,Positive,Borrelia sp.,HARV_002.20230920.IXOSCA.N,9,2023
HARV,HARV_002,deciduousForest,187.7,2023-09-20,1,Positive,Borrelia burgdorferi sensu lato,HARV_002.20230920.IXOSCA.N,9,2023
HARV,HARV_002,deciduousForest,187.7,2023-09-20,1,Negative,Borrelia mayonii,HARV_002.20230920.IXOSCA.N,9,2023
HARV,HARV_002,deciduousForest,187.7,2023-09-20,1,Negative,Amblyomma americanum,HARV_002.20230920.IXOSCA.N,9,2023
HARV,HARV_002,deciduousForest,187.7,2023-09-20,1,Negative,Ixodes pacificus,HARV_002.20230920.IXOSCA.N,9,2023
HARV,HARV_002,deciduousForest,187.7,2023-09-20,1,Negative,Dermacentor variabilis,HARV_002.20230920.IXOSCA.N,9,2023
HARV,HARV_002,deciduousForest,187.7,2023-09-20,1,Positive,Ixodes scapularis,HARV_002.20230920.IXOSCA.N,9,2023
HARV,HARV_002,deciduousForest,187.7,2023-09-20,1,Negative,Amblyomma americanum,HARV_002.20230920.IXOSCA.N,9,2023
HARV,HARV_002,deciduousForest,187.7,2023-09-20,1,Negative,Borrelia mayonii,HARV_002.20230920.IXOSCA.N,9,2023
HARV,HARV_002,deciduousForest,187.7,2023-09-20,1,Negative,Borrelia miyamotoi,HARV_002.20230920.IXOSCA.N,9,2023
HARV,HARV_002,deciduousForest,187.7,2023-09-20,1,Negative,Ixodes pacificus,HARV_002.20230920.IXOSCA.N,9,2023
HARV,HARV_002,deciduousForest,187.7,2023-09-20,1,Positive,Babesia microti,HARV_002.20230920.IXOSCA.N,9,2023
HARV,HARV_002,deciduousForest,187.7,2023-09-20,1,Negative,Amblyomma americanum,HARV_002.20230920.IXOSCA.N,9,2023
HARV,HARV_002,deciduousForest,187.7,2023-09-20,1,Negative,Anaplasma phagocytophilum,HARV_002.20230920.IXOSCA.N,9,2023
HARV,HARV_002,deciduousForest,187.7,2023-09-20,1,Negative,Borrelia sp.,HARV_002.20230920.IXOSCA.N,9,2023
HARV,HARV_002,deciduousForest,187.7,2023-09-20,1,Positive,Anaplasma phagocytophilum,HARV_002.20230920.IXOSCA.N,9,2023
HARV,HARV_002,deciduousForest,187.7,2023-09-20,1,Negative,Dermacentor variabilis,HARV_002.20230920.IXOSCA.N,9,2023
HARV,HARV_002,deciduousForest,187.7,2023-09-20,1,Negative,Borrelia burgdorferi sensu lato,HARV_002.20230920.IXOSCA.N,9,2023
HARV,HARV_002,deciduousForest,187.7,2023-09-20,1,Negative,Anaplasma phagocytophilum,HARV_002.20230920.IXOSCA.N,9,2023
HARV,HARV_002,deciduousForest,187.7,2023-09-20,1,Positive,Ixodes scapularis,HARV_002.20230920.IXOSCA.N,9,2023
HARV,HARV_002,deciduousForest,187.7,2023-09-20,1,Positive,Borrelia burgdorferi sensu lato,HARV_002.20230920.IXOSCA.N,9,2023
HARV,HARV_002,deciduousForest,187.7,2023-09-20,1,Negative,Borrelia sp.,HARV_002.20230920.IXOSCA.N,9,2023
HARV,HARV_002,deciduousForest,187.7,2023-09-20,1,Negative,Borrelia mayonii,HARV_002.20230920.IXOSCA.N,9,2023
HARV,HARV_002,deciduousForest,187.7,2023-09-20,1,Negative,Borrelia miyamotoi,HARV_002.20230920.IXOSCA.N,9,2023
HARV,HARV_002,deciduousForest,187.7,2023-09-20,1,Negative,Dermacentor variabilis,HARV_002.20230920.IXOSCA.N,9,2023
HARV,HARV_002,deciduousForest,187.7,2023-09-20,1,Negative,Ehrlichia muris-like,HARV_002.20230920.IXOSCA.N,9,2023
HARV,HARV_002,deciduousForest,187.7,2023-09-20,1,Negative,Borrelia miyamotoi,HARV_002.20230920.IXOSCA.N,9,2023
HARV,HARV_002,deciduousForest,187.7,2023-09-20,1,Negative,Anaplasma phagocytophilum,HARV_002.20230920.IXOSCA.N,9,2023
HARV,HARV_002,deciduousForest,187.7,2023-09-20,1,Negative,Babesia microti,HARV_002.20230920.IXOSCA.N,9,2023
HARV,HARV_002,deciduousForest,187.7,2023-09-20,1,Negative,Ehrlichia muris-like,HARV_002.20230920.IXOSCA.N,9,2023
HARV,HARV_002,deciduousForest,187.7,2023-09-20,1,Positive,Ixodes scapularis,HARV_002.20230920.IXOSCA.N,9,2023
HARV,HARV_002,deciduousForest,187.7,2023-09-20,1,Negative,Ehrlichia muris-like,HARV_002.20230920.IXOSCA.N,9,2023
HARV,HARV_002,deciduousForest,187.7,2023-09-20,1,Negative,Amblyomma americanum,HARV_002.20230920.IXOSCA.N,9,2023
HARV,HARV_002,deciduousForest,187.7,2023-09-20,1,Negative,Dermacentor variabilis,HARV_002.20230920.IXOSCA.N,9,2023
HARV,HARV_002,deciduousForest,187.7,2023-09-20,1,Negative,Borrelia burgdorferi sensu lato,HARV_002.20230920.IXOSCA.N,9,2023
HARV,HARV_002,deciduousForest,187.7,2023-09-20,1,Positive,Borrelia sp.,HARV_002.20230920.IXOSCA.N,9,2023
HARV,HARV_002,deciduousForest,187.7,2023-09-20,1,Negative,Borrelia miyamotoi,HARV_002.20230920.IXOSCA.N,9,2023
HARV,HARV_004,mixedForest,182.6,2023-09-21,1,Negative,Borrelia miyamotoi,HARV_004.20230921.IXOSCA.N,9,2023
HARV,HARV_004,mixedForest,182.6,2023-09-21,1,Negative,Babesia microti,HARV_004.20230921.IXOSCA.N,9,2023
HARV,HARV_004,mixedForest,182.6,2023-09-21,1,Negative,Amblyomma americanum,HARV_004.20230921.IXOSCA.N,9,2023
HARV,HARV_004,mixedForest,182.6,2023-09-21,1,Negative,Ixodes pacificus,HARV_004.20230921.IXOSCA.N,9,2023
HARV,HARV_004,mixedForest,182.6,2023-09-21,1,Negative,Borrelia burgdorferi sensu lato,HARV_004.20230921.IXOSCA.N,9,2023
HARV,HARV_004,mixedForest,182.6,2023-09-21,1,Negative,Babesia microti,HARV_004.20230921.IXOSCA.N,9,2023
HARV,HARV_004,mixedForest,182.6,2023-09-21,1,Negative,Borrelia mayonii,HARV_004.20230921.IXOSCA.N,9,2023
HARV,HARV_004,mixedForest,182.6,2023-09-21,1,Negative,Ehrlichia muris-like,HARV_004.20230921.IXOSCA.N,9,2023
HARV,HARV_004,mixedForest,182.6,2023-09-21,1,Negative,Borrelia sp.,HARV_004.20230921.IXOSCA.N,9,2023
HARV,HARV_004,mixedForest,182.6,2023-09-21,1,Positive,Ixodes scapularis,HARV_004.20230921.IXOSCA.N,9,2023
HARV,HARV_004,mixedForest,182.6,2023-09-21,1,Negative,Borrelia sp.,HARV_004.20230921.IXOSCA.N,9,2023
HARV,HARV_004,mixedForest,182.6,2023-09-21,1,Negative,Ixodes pacificus,HARV_004.20230921.IXOSCA.N,9,2023
HARV,HARV_004,mixedForest,182.6,2023-09-21,1,Negative,Anaplasma phagocytophilum,HARV_004.20230921.IXOSCA.N,9,2023
HARV,HARV_004,mixedForest,182.6,2023-09-21,1,Negative,Borrelia miyamotoi,HARV_004.20230921.IXOSCA.N,9,2023
HARV,HARV_004,mixedForest,182.6,2023-09-21,1,Negative,Borrelia sp.,HARV_004.20230921.IXOSCA.N,9,2023
HARV,HARV_004,mixedForest,182.6,2023-09-21,1,Negative,Amblyomma americanum,HARV_004.20230921.IXOSCA.N,9,2023
HARV,HARV_004,mixedForest,182.6,2023-09-21,1,Negative,Ehrlichia muris-like,HARV_004.20230921.IXOSCA.N,9,2023
HARV,HARV_004,mixedForest,182.6,2023-09-21,1,Negative,Anaplasma phagocytophilum,HARV_004.20230921.IXOSCA.N,9,2023
HARV,HARV_004,mixedForest,182.6,2023-09-21,1,Negative,Borrelia burgdorferi sensu lato,HARV_004.20230921.IXOSCA.N,9,2023
HARV,HARV_004,mixedForest,182.6,2023-09-21,1,Positive,Ixodes scapularis,HARV_004.20230921.IXOSCA.N,9,2023
HARV,HARV_004,mixedForest,182.6,2023-09-21,1,Negative,Babesia microti,HARV_004.20230921.IXOSCA.N,9,2023
HARV,HARV_004,mixedForest,182.6,2023-09-21,1,Negative,Ehrlichia muris-like,HARV_004.20230921.IXOSCA.N,9,2023
HARV,HARV_004,mixedForest,182.6,2023-09-21,1,Negative,Dermacentor variabilis,HARV_004.20230921.IXOSCA.N,9,2023
HARV,HARV_004,mixedForest,182.6,2023-09-21,1,Negative,Amblyomma americanum,HARV_004.20230921.IXOSCA.N,9,2023
HARV,HARV_004,mixedForest,182.6,2023-09-21,1,Negative,Anaplasma phagocytophilum,HARV_004.20230921.IXOSCA.N,9,2023
HARV,HARV_004,mixedForest,182.6,2023-09-21,1,Negative,Dermacentor variabilis,HARV_004.20230921.IXOSCA.N,9,2023
HARV,HARV_004,mixedForest,182.6,2023-09-21,1,Negative,Borrelia burgdorferi sensu lato,HARV_004.20230921.IXOSCA.N,9,2023
HARV,HARV_004,mixedForest,182.6,2023-09-21,1,Negative,Borrelia mayonii,HARV_004.20230921.IXOSCA.N,9,2023
HARV,HARV_004,mixedForest,182.6,2023-09-21,1,Negative,Dermacentor variabilis,HARV_004.20230921.IXOSCA.N,9,2023
HARV,HARV_004,mixedForest,182.6,2023-09-21,1,Negative,Ixodes pacificus,HARV_004.20230921.IXOSCA.N,9,2023
HARV,HARV_004,mixedForest,182.6,2023-09-21,1,Positive,Ixodes scapularis,HARV_004.20230921.IXOSCA.N,9,2023
HARV,HARV_004,mixedForest,182.6,2023-09-21,1,Negative,Borrelia miyamotoi,HARV_004.20230921.IXOSCA.N,9,2023
HARV,HARV_004,mixedForest,182.6,2023-09-21,1,Negative,Borrelia mayonii,HARV_004.20230921.IXOSCA.N,9,2023
HARV,HARV_001,deciduousForest,202.1,2023-09-21,1,Negative,Borrelia sp.,HARV_001.20230921.IXOSCA.N,9,2023
HARV,HARV_001,deciduousForest,202.1,2023-09-21,1,Negative,Babesia microti,HARV_001.20230921.IXOSCA.N,9,2023
HARV,HARV_001,deciduousForest,202.1,2023-09-21,1,Negative,Borrelia sp.,HARV_001.20230921.IXOSCA.N,9,2023
HARV,HARV_001,deciduousForest,202.1,2023-09-21,1,Negative,Ixodes pacificus,HARV_001.20230921.IXOSCA.N,9,2023
HARV,HARV_001,deciduousForest,202.1,2023-09-21,1,Negative,Ixodes pacificus,HARV_001.20230921.IXOSCA.N,9,2023
HARV,HARV_001,deciduousForest,202.1,2023-09-21,1,Positive,Ixodes scapularis,HARV_001.20230921.IXOSCA.N,9,2023
HARV,HARV_001,deciduousForest,202.1,2023-09-21,1,Negative,Amblyomma americanum,HARV_001.20230921.IXOSCA.N,9,2023
HARV,HARV_001,deciduousForest,202.1,2023-09-21,1,Negative,Borrelia burgdorferi sensu lato,HARV_001.20230921.IXOSCA.N,9,2023
HARV,HARV_001,deciduousForest,202.1,2023-09-21,1,Negative,Amblyomma americanum,HARV_001.20230921.IXOSCA.N,9,2023
HARV,HARV_001,deciduousForest,202.1,2023-09-21,1,Negative,Borrelia burgdorferi sensu lato,HARV_001.20230921.IXOSCA.N,9,2023
HARV,HARV_001,deciduousForest,202.1,2023-09-21,1,Negative,Borrelia mayonii,HARV_001.20230921.IXOSCA.N,9,2023
HARV,HARV_001,deciduousForest,202.1,2023-09-21,1,Negative,Ehrlichia muris-like,HARV_001.20230921.IXOSCA.N,9,2023
HARV,HARV_001,deciduousForest,202.1,2023-09-21,1,Negative,Dermacentor variabilis,HARV_001.20230921.IXOSCA.N,9,2023
HARV,HARV_001,deciduousForest,202.1,2023-09-21,1,Positive,Babesia microti,HARV_001.20230921.IXOSCA.N,9,2023
HARV,HARV_001,deciduousForest,202.1,2023-09-21,1,Negative,Anaplasma phagocytophilum,HARV_001.20230921.IXOSCA.N,9,2023
HARV,HARV_001,deciduousForest,202.1,2023-09-21,1,Negative,Ehrlichia muris-like,HARV_001.20230921.IXOSCA.N,9,2023
HARV,HARV_001,deciduousForest,202.1,2023-09-21,1,Negative,Borrelia burgdorferi sensu lato,HARV_001.20230921.IXOSCA.N,9,2023
HARV,HARV_001,deciduousForest,202.1,2023-09-21,1,Negative,Borrelia mayonii,HARV_001.20230921.IXOSCA.N,9,2023
HARV,HARV_001,deciduousForest,202.1,2023-09-21,1,Negative,Ehrlichia muris-like,HARV_001.20230921.IXOSCA.N,9,2023
HARV,HARV_001,deciduousForest,202.1,2023-09-21,1,Negative,Dermacentor variabilis,HARV_001.20230921.IXOSCA.N,9,2023
HARV,HARV_001,deciduousForest,202.1,2023-09-21,1,Negative,Dermacentor variabilis,HARV_001.20230921.IXOSCA.N,9,2023
HARV,HARV_001,deciduousForest,202.1,2023-09-21,1,Negative,Borrelia sp.,HARV_001.20230921.IXOSCA.N,9,2023
HARV,HARV_001,deciduousForest,202.1,2023-09-21,1,Negative,Borrelia miyamotoi,HARV_001.20230921.IXOSCA.N,9,2023
HARV,HARV_001,deciduousForest,202.1,2023-09-21,1,Positive,Ixodes scapularis,HARV_001.20230921.IXOSCA.N,9,2023
HARV,HARV_001,deciduousForest,202.1,2023-09-21,1,Negative,Anaplasma phagocytophilum,HARV_001.20230921.IXOSCA.N,9,2023
HARV,HARV_001,deciduousForest,202.1,2023-09-21,1,Negative,Borrelia miyamotoi,HARV_001.20230921.IXOSCA.N,9,2023
HARV,HARV_001,deciduousForest,202.1,2023-09-21,1,Positive,Ixodes scapularis,HARV_001.20230921.IXOSCA.N,9,2023
HARV,HARV_001,deciduousForest,202.1,2023-09-21,1,Negative,Borrelia mayonii,HARV_001.20230921.IXOSCA.N,9,2023
HARV,HARV_001,deciduousForest,202.1,2023-09-21,1,Negative,Babesia microti,HARV_001.20230921.IXOSCA.N,9,2023
HARV,HARV_001,deciduousForest,202.1,2023-09-21,1,Negative,Ixodes pacificus,HARV_001.20230921.IXOSCA.N,9,2023
HARV,HARV_001,deciduousForest,202.1,2023-09-21,1,Negative,Amblyomma americanum,HARV_001.20230921.IXOSCA.N,9,2023
HARV,HARV_001,deciduousForest,202.1,2023-09-21,1,Negative,Borrelia miyamotoi,HARV_001.20230921.IXOSCA.N,9,2023
HARV,HARV_001,deciduousForest,202.1,2023-09-21,1,Negative,Anaplasma phagocytophilum,HARV_001.20230921.IXOSCA.N,9,2023
HARV,HARV_006,deciduousForest,190.8,2023-09-21,1,Negative,Borrelia burgdorferi sensu lato,HARV_006.20230921.IXOSCA.N,9,2023
HARV,HARV_006,deciduousForest,190.8,2023-09-21,1,Negative,Borrelia mayonii,HARV_006.20230921.IXOSCA.N,9,2023
HARV,HARV_006,deciduousForest,190.8,2023-09-21,1,Negative,Borrelia miyamotoi,HARV_006.20230921.IXOSCA.N,9,2023
HARV,HARV_006,deciduousForest,190.8,2023-09-21,1,Negative,Amblyomma americanum,HARV_006.20230921.IXOSCA.N,9,2023
HARV,HARV_006,deciduousForest,190.8,2023-09-21,1,Negative,Borrelia miyamotoi,HARV_006.20230921.IXOSCA.N,9,2023
HARV,HARV_006,deciduousForest,190.8,2023-09-21,1,Negative,Dermacentor variabilis,HARV_006.20230921.IXOSCA.N,9,2023
HARV,HARV_006,deciduousForest,190.8,2023-09-21,1,Negative,Borrelia burgdorferi sensu lato,HARV_006.20230921.IXOSCA.N,9,2023
HARV,HARV_006,deciduousForest,190.8,2023-09-21,1,Negative,Borrelia sp.,HARV_006.20230921.IXOSCA.N,9,2023
HARV,HARV_006,deciduousForest,190.8,2023-09-21,1,Negative,Anaplasma phagocytophilum,HARV_006.20230921.IXOSCA.N,9,2023
HARV,HARV_006,deciduousForest,190.8,2023-09-21,1,Negative,Anaplasma phagocytophilum,HARV_006.20230921.IXOSCA.N,9,2023
HARV,HARV_006,deciduousForest,190.8,2023-09-21,1,Negative,Borrelia sp.,HARV_006.20230921.IXOSCA.N,9,2023
HARV,HARV_006,deciduousForest,190.8,2023-09-21,1,Negative,Ehrlichia muris-like,HARV_006.20230921.IXOSCA.N,9,2023
HARV,HARV_006,deciduousForest,190.8,2023-09-21,1,Negative,Ehrlichia muris-like,HARV_006.20230921.IXOSCA.N,9,2023
HARV,HARV_006,deciduousForest,190.8,2023-09-21,1,Negative,Dermacentor variabilis,HARV_006.20230921.IXOSCA.N,9,2023
HARV,HARV_006,deciduousForest,190.8,2023-09-21,1,Positive,Ixodes scapularis,HARV_006.20230921.IXOSCA.N,9,2023
HARV,HARV_006,deciduousForest,190.8,2023-09-21,1,Positive,Ixodes scapularis,HARV_006.20230921.IXOSCA.N,9,2023
HARV,HARV_006,deciduousForest,190.8,2023-09-21,1,Negative,Ixodes pacificus,HARV_006.20230921.IXOSCA.N,9,2023
HARV,HARV_006,deciduousForest,190.8,2023-09-21,1,Negative,Amblyomma americanum,HARV_006.20230921.IXOSCA.N,9,2023
HARV,HARV_006,deciduousForest,190.8,2023-09-21,1,Negative,Borrelia mayonii,HARV_006.20230921.IXOSCA.N,9,2023
HARV,HARV_006,deciduousForest,190.8,2023-09-21,1,Negative,Babesia microti,HARV_006.20230921.IXOSCA.N,9,2023
HARV,HARV_006,deciduousForest,190.8,2023-09-21,1,Negative,Babesia microti,HARV_006.20230921.IXOSCA.N,9,2023
HARV,HARV_006,deciduousForest,190.8,2023-09-21,1,Negative,Ixodes pacificus,HARV_006.20230921.IXOSCA.N,9,2023
HARV,HARV_022,evergreenForest,185.9,2023-07-17,1,Negative,Ehrlichia muris-like,HARV_022.20230717.IXOSCA.N,7,2023
HARV,HARV_022,evergreenForest,185.9,2023-07-17,1,Negative,Dermacentor variabilis,HARV_022.20230717.IXOSCA.N,7,2023
HARV,HARV_022,evergreenForest,185.9,2023-07-17,1,Negative,Borrelia burgdorferi sensu lato,HARV_022.20230717.IXOSCA.N,7,2023
HARV,HARV_022,evergreenForest,185.9,2023-07-17,1,Positive,Ixodes scapularis,HARV_022.20230717.IXOSCA.N,7,2023
HARV,HARV_022,evergreenForest,185.9,2023-07-17,1,Negative,Ixodes pacificus,HARV_022.20230717.IXOSCA.N,7,2023
HARV,HARV_022,evergreenForest,185.9,2023-07-17,1,Positive,Ixodes scapularis,HARV_022.20230717.IXOSCA.N,7,2023
HARV,HARV_022,evergreenForest,185.9,2023-07-17,1,Negative,Dermacentor variabilis,HARV_022.20230717.IXOSCA.N,7,2023
HARV,HARV_022,evergreenForest,185.9,2023-07-17,1,Negative,Borrelia burgdorferi sensu lato,HARV_022.20230717.IXOSCA.N,7,2023
HARV,HARV_022,evergreenForest,185.9,2023-07-17,1,Negative,Borrelia miyamotoi,HARV_022.20230717.IXOSCA.N,7,2023
HARV,HARV_022,evergreenForest,185.9,2023-07-17,1,Negative,Amblyomma americanum,HARV_022.20230717.IXOSCA.N,7,2023
HARV,HARV_022,evergreenForest,185.9,2023-07-17,1,Negative,Ehrlichia muris-like,HARV_022.20230717.IXOSCA.N,7,2023
HARV,HARV_022,evergreenForest,185.9,2023-07-17,1,Negative,Borrelia burgdorferi sensu lato,HARV_022.20230717.IXOSCA.N,7,2023
HARV,HARV_022,evergreenForest,185.9,2023-07-17,1,Negative,Borrelia miyamotoi,HARV_022.20230717.IXOSCA.N,7,2023
HARV,HARV_022,evergreenForest,185.9,2023-07-17,1,Negative,Borrelia miyamotoi,HARV_022.20230717.IXOSCA.N,7,2023
HARV,HARV_022,evergreenForest,185.9,2023-07-17,1,Negative,Dermacentor variabilis,HARV_022.20230717.IXOSCA.N,7,2023
HARV,HARV_022,evergreenForest,185.9,2023-07-17,1,Positive,Ixodes scapularis,HARV_022.20230717.IXOSCA.N,7,2023
HARV,HARV_022,evergreenForest,185.9,2023-07-17,1,Negative,Ehrlichia muris-like,HARV_022.20230717.IXOSCA.N,7,2023
HARV,HARV_022,evergreenForest,185.9,2023-07-17,1,Positive,Babesia microti,HARV_022.20230717.IXOSCA.N,7,2023
HARV,HARV_022,evergreenForest,185.9,2023-07-17,1,Negative,Borrelia sp.,HARV_022.20230717.IXOSCA.N,7,2023
HARV,HARV_022,evergreenForest,185.9,2023-07-17,1,Negative,Borrelia mayonii,HARV_022.20230717.IXOSCA.N,7,2023
HARV,HARV_022,evergreenForest,185.9,2023-07-17,1,Negative,Ixodes pacificus,HARV_022.20230717.IXOSCA.N,7,2023
HARV,HARV_022,evergreenForest,185.9,2023-07-17,1,Negative,Ixodes pacificus,HARV_022.20230717.IXOSCA.N,7,2023
HARV,HARV_022,evergreenForest,185.9,2023-07-17,1,Negative,Anaplasma phagocytophilum,HARV_022.20230717.IXOSCA.N,7,2023
HARV,HARV_022,evergreenForest,185.9,2023-07-17,1,Negative,Babesia microti,HARV_022.20230717.IXOSCA.N,7,2023
HARV,HARV_022,evergreenForest,185.9,2023-07-17,1,Negative,Anaplasma phagocytophilum,HARV_022.20230717.IXOSCA.N,7,2023
HARV,HARV_022,evergreenForest,185.9,2023-07-17,1,Negative,Anaplasma phagocytophilum,HARV_022.20230717.IXOSCA.N,7,2023
HARV,HARV_022,evergreenForest,185.9,2023-07-17,1,Positive,Borrelia sp.,HARV_022.20230717.IXOSCA.N,7,2023
HARV,HARV_022,evergreenForest,185.9,2023-07-17,1,Negative,Borrelia mayonii,HARV_022.20230717.IXOSCA.N,7,2023
HARV,HARV_022,evergreenForest,185.9,2023-07-17,1,Negative,Borrelia mayonii,HARV_022.20230717.IXOSCA.N,7,2023
HARV,HARV_022,evergreenForest,185.9,2023-07-17,1,Negative,Ixodes pacificus,HARV_022.20230717.IXOSCA.N,7,2023
HARV,HARV_022,evergreenForest,185.9,2023-07-17,1,Positive,Borrelia burgdorferi sensu lato,HARV_022.20230717.IXOSCA.N,7,2023
HARV,HARV_022,evergreenForest,185.9,2023-07-17,1,Positive,Ixodes scapularis,HARV_022.20230717.IXOSCA.N,7,2023
HARV,HARV_022,evergreenForest,185.9,2023-07-17,1,Positive,Ixodes scapularis,HARV_022.20230717.IXOSCA.N,7,2023
HARV,HARV_022,evergreenForest,185.9,2023-07-17,1,Negative,Ehrlichia muris-like,HARV_022.20230717.IXOSCA.N,7,2023
HARV,HARV_022,evergreenForest,185.9,2023-07-17,1,Negative,Amblyomma americanum,HARV_022.20230717.IXOSCA.N,7,2023
HARV,HARV_022,evergreenForest,185.9,2023-07-17,1,Positive,Borrelia sp.,HARV_022.20230717.IXOSCA.N,7,2023
HARV,HARV_022,evergreenForest,185.9,2023-07-17,1,Negative,Dermacentor variabilis,HARV_022.20230717.IXOSCA.N,7,2023
HARV,HARV_022,evergreenForest,185.9,2023-07-17,1,Negative,Borrelia mayonii,HARV_022.20230717.IXOSCA.N,7,2023
HARV,HARV_022,evergreenForest,185.9,2023-07-17,1,Negative,Anaplasma phagocytophilum,HARV_022.20230717.IXOSCA.N,7,2023
HARV,HARV_022,evergreenForest,185.9,2023-07-17,1,Negative,Babesia microti,HARV_022.20230717.IXOSCA.N,7,2023
HARV,HARV_022,evergreenForest,185.9,2023-07-17,1,Negative,Borrelia sp.,HARV_022.20230717.IXOSCA.N,7,2023
HARV,HARV_022,evergreenForest,185.9,2023-07-17,1,Negative,Babesia microti,HARV_022.20230717.IXOSCA.N,7,2023
HARV,HARV_022,evergreenForest,185.9,2023-07-17,1,Negative,Ehrlichia muris-like,HARV_022.20230717.IXOSCA.N,7,2023
HARV,HARV_022,evergreenForest,185.9,2023-07-17,1,Negative,Borrelia mayonii,HARV_022.20230717.IXOSCA.N,7,2023
HARV,HARV_022,evergreenForest,185.9,2023-07-17,1,Negative,Dermacentor variabilis,HARV_022.20230717.IXOSCA.N,7,2023
HARV,HARV_022,evergreenForest,185.9,2023-07-17,1,Negative,Borrelia sp.,HARV_022.20230717.IXOSCA.N,7,2023
HARV,HARV_022,evergreenForest,185.9,2023-07-17,1,Negative,Borrelia miyamotoi,HARV_022.20230717.IXOSCA.N,7,2023
HARV,HARV_022,evergreenForest,185.9,2023-07-17,1,Negative,Ixodes pacificus,HARV_022.20230717.IXOSCA.N,7,2023
HARV,HARV_022,evergreenForest,185.9,2023-07-17,1,Negative,Anaplasma phagocytophilum,HARV_022.20230717.IXOSCA.N,7,2023
HARV,HARV_022,evergreenForest,185.9,2023-07-17,1,Negative,Babesia microti,HARV_022.20230717.IXOSCA.N,7,2023
HARV,HARV_022,evergreenForest,185.9,2023-07-17,1,Negative,Amblyomma americanum,HARV_022.20230717.IXOSCA.N,7,2023
HARV,HARV_022,evergreenForest,185.9,2023-07-17,1,Negative,Amblyomma americanum,HARV_022.20230717.IXOSCA.N,7,2023
HARV,HARV_022,evergreenForest,185.9,2023-07-17,1,Negative,Amblyomma americanum,HARV_022.20230717.IXOSCA.N,7,2023
HARV,HARV_022,evergreenForest,185.9,2023-07-17,1,Positive,Borrelia burgdorferi sensu lato,HARV_022.20230717.IXOSCA.N,7,2023
HARV,HARV_022,evergreenForest,185.9,2023-07-17,1,Negative,Borrelia miyamotoi,HARV_022.20230717.IXOSCA.N,7,2023
HARV,HARV_001,deciduousForest,202.1,2023-07-18,1,Negative,Babesia microti,HARV_001.20230718.IXOSCA.N,7,2023
HARV,HARV_001,deciduousForest,202.1,2023-07-18,1,Negative,Ixodes pacificus,HARV_001.20230718.IXOSCA.N,7,2023
HARV,HARV_001,deciduousForest,202.1,2023-07-18,1,Negative,Anaplasma phagocytophilum,HARV_001.20230718.IXOSCA.N,7,2023
HARV,HARV_001,deciduousForest,202.1,2023-07-18,1,Positive,Ixodes scapularis,HARV_001.20230718.IXOSCA.N,7,2023
HARV,HARV_001,deciduousForest,202.1,2023-07-18,1,Negative,Borrelia miyamotoi,HARV_001.20230718.IXOSCA.N,7,2023
HARV,HARV_001,deciduousForest,202.1,2023-07-18,1,Negative,Borrelia mayonii,HARV_001.20230718.IXOSCA.N,7,2023
HARV,HARV_001,deciduousForest,202.1,2023-07-18,1,Negative,Borrelia burgdorferi sensu lato,HARV_001.20230718.IXOSCA.N,7,2023
HARV,HARV_001,deciduousForest,202.1,2023-07-18,1,Negative,Dermacentor variabilis,HARV_001.20230718.IXOSCA.N,7,2023
HARV,HARV_001,deciduousForest,202.1,2023-07-18,1,Negative,Amblyomma americanum,HARV_001.20230718.IXOSCA.N,7,2023
HARV,HARV_001,deciduousForest,202.1,2023-07-18,1,Negative,Anaplasma phagocytophilum,HARV_001.20230718.IXOSCA.N,7,2023
HARV,HARV_001,deciduousForest,202.1,2023-07-18,1,Negative,Dermacentor variabilis,HARV_001.20230718.IXOSCA.N,7,2023
HARV,HARV_001,deciduousForest,202.1,2023-07-18,1,Negative,Anaplasma phagocytophilum,HARV_001.20230718.IXOSCA.N,7,2023
HARV,HARV_001,deciduousForest,202.1,2023-07-18,1,Negative,Ehrlichia muris-like,HARV_001.20230718.IXOSCA.N,7,2023
HARV,HARV_001,deciduousForest,202.1,2023-07-18,1,Negative,Borrelia miyamotoi,HARV_001.20230718.IXOSCA.N,7,2023
HARV,HARV_001,deciduousForest,202.1,2023-07-18,1,Negative,Babesia microti,HARV_001.20230718.IXOSCA.N,7,2023
HARV,HARV_001,deciduousForest,202.1,2023-07-18,1,Negative,Ixodes pacificus,HARV_001.20230718.IXOSCA.N,7,2023
HARV,HARV_001,deciduousForest,202.1,2023-07-18,1,Negative,Borrelia mayonii,HARV_001.20230718.IXOSCA.N,7,2023
HARV,HARV_001,deciduousForest,202.1,2023-07-18,1,Negative,Ehrlichia muris-like,HARV_001.20230718.IXOSCA.N,7,2023
HARV,HARV_001,deciduousForest,202.1,2023-07-18,1,Negative,Amblyomma americanum,HARV_001.20230718.IXOSCA.N,7,2023
HARV,HARV_001,deciduousForest,202.1,2023-07-18,1,Negative,Dermacentor variabilis,HARV_001.20230718.IXOSCA.N,7,2023
HARV,HARV_001,deciduousForest,202.1,2023-07-18,1,Negative,Ixodes pacificus,HARV_001.20230718.IXOSCA.N,7,2023
HARV,HARV_001,deciduousForest,202.1,2023-07-18,1,Negative,Borrelia burgdorferi sensu lato,HARV_001.20230718.IXOSCA.N,7,2023
HARV,HARV_001,deciduousForest,202.1,2023-07-18,1,Negative,Ehrlichia muris-like,HARV_001.20230718.IXOSCA.N,7,2023
HARV,HARV_001,deciduousForest,202.1,2023-07-18,1,Negative,Borrelia mayonii,HARV_001.20230718.IXOSCA.N,7,2023
HARV,HARV_001,deciduousForest,202.1,2023-07-18,1,Negative,Borrelia miyamotoi,HARV_001.20230718.IXOSCA.N,7,2023
HARV,HARV_001,deciduousForest,202.1,2023-07-18,1,Negative,Ixodes pacificus,HARV_001.20230718.IXOSCA.N,7,2023
HARV,HARV_001,deciduousForest,202.1,2023-07-18,1,Negative,Borrelia burgdorferi sensu lato,HARV_001.20230718.IXOSCA.N,7,2023
HARV,HARV_001,deciduousForest,202.1,2023-07-18,1,Positive,Ixodes scapularis,HARV_001.20230718.IXOSCA.N,7,2023
HARV,HARV_001,deciduousForest,202.1,2023-07-18,1,Negative,Babesia microti,HARV_001.20230718.IXOSCA.N,7,2023
HARV,HARV_001,deciduousForest,202.1,2023-07-18,1,Negative,Anaplasma phagocytophilum,HARV_001.20230718.IXOSCA.N,7,2023
HARV,HARV_001,deciduousForest,202.1,2023-07-18,1,Negative,Babesia microti,HARV_001.20230718.IXOSCA.N,7,2023
HARV,HARV_001,deciduousForest,202.1,2023-07-18,1,Negative,Borrelia mayonii,HARV_001.20230718.IXOSCA.N,7,2023
HARV,HARV_001,deciduousForest,202.1,2023-07-18,1,Negative,Babesia microti,HARV_001.20230718.IXOSCA.N,7,2023
HARV,HARV_001,deciduousForest,202.1,2023-07-18,1,Negative,Babesia microti,HARV_001.20230718.IXOSCA.N,7,2023
HARV,HARV_001,deciduousForest,202.1,2023-07-18,1,Positive,Borrelia burgdorferi sensu lato,HARV_001.20230718.IXOSCA.N,7,2023
HARV,HARV_001,deciduousForest,202.1,2023-07-18,1,Positive,Ixodes scapularis,HARV_001.20230718.IXOSCA.N,7,2023
HARV,HARV_001,deciduousForest,202.1,2023-07-18,1,Positive,Ixodes scapularis,HARV_001.20230718.IXOSCA.N,7,2023
HARV,HARV_001,deciduousForest,202.1,2023-07-18,1,Negative,Anaplasma phagocytophilum,HARV_001.20230718.IXOSCA.N,7,2023
HARV,HARV_001,deciduousForest,202.1,2023-07-18,1,Negative,Amblyomma americanum,HARV_001.20230718.IXOSCA.N,7,2023
HARV,HARV_001,deciduousForest,202.1,2023-07-18,1,Negative,Anaplasma phagocytophilum,HARV_001.20230718.IXOSCA.N,7,2023
HARV,HARV_001,deciduousForest,202.1,2023-07-18,1,Negative,Dermacentor variabilis,HARV_001.20230718.IXOSCA.N,7,2023
HARV,HARV_001,deciduousForest,202.1,2023-07-18,1,Negative,Dermacentor variabilis,HARV_001.20230718.IXOSCA.N,7,2023
HARV,HARV_001,deciduousForest,202.1,2023-07-18,1,Negative,Amblyomma americanum,HARV_001.20230718.IXOSCA.N,7,2023
HARV,HARV_001,deciduousForest,202.1,2023-07-18,1,Negative,Amblyomma americanum,HARV_001.20230718.IXOSCA.N,7,2023
HARV,HARV_001,deciduousForest,202.1,2023-07-18,1,Negative,Borrelia sp.,HARV_001.20230718.IXOSCA.N,7,2023
HARV,HARV_001,deciduousForest,202.1,2023-07-18,1,Negative,Borrelia mayonii,HARV_001.20230718.IXOSCA.N,7,2023
HARV,HARV_001,deciduousForest,202.1,2023-07-18,1,Negative,Amblyomma americanum,HARV_001.20230718.IXOSCA.N,7,2023
HARV,HARV_001,deciduousForest,202.1,2023-07-18,1,Negative,Anaplasma phagocytophilum,HARV_001.20230718.IXOSCA.N,7,2023
HARV,HARV_001,deciduousForest,202.1,2023-07-18,1,Negative,Ixodes pacificus,HARV_001.20230718.IXOSCA.N,7,2023
HARV,HARV_001,deciduousForest,202.1,2023-07-18,1,Negative,Ixodes pacificus,HARV_001.20230718.IXOSCA.N,7,2023
HARV,HARV_001,deciduousForest,202.1,2023-07-18,1,Positive,Ixodes scapularis,HARV_001.20230718.IXOSCA.N,7,2023
HARV,HARV_001,deciduousForest,202.1,2023-07-18,1,Negative,Babesia microti,HARV_001.20230718.IXOSCA.N,7,2023
HARV,HARV_001,deciduousForest,202.1,2023-07-18,1,Negative,Dermacentor variabilis,HARV_001.20230718.IXOSCA.N,7,2023
HARV,HARV_001,deciduousForest,202.1,2023-07-18,1,Negative,Ehrlichia muris-like,HARV_001.20230718.IXOSCA.N,7,2023
HARV,HARV_001,deciduousForest,202.1,2023-07-18,1,Negative,Borrelia burgdorferi sensu lato,HARV_001.20230718.IXOSCA.N,7,2023
HARV,HARV_001,deciduousForest,202.1,2023-07-18,1,Negative,Dermacentor variabilis,HARV_001.20230718.IXOSCA.N,7,2023
HARV,HARV_001,deciduousForest,202.1,2023-07-18,1,Negative,Amblyomma americanum,HARV_001.20230718.IXOSCA.N,7,2023
HARV,HARV_001,deciduousForest,202.1,2023-07-18,1,Negative,Borrelia miyamotoi,HARV_001.20230718.IXOSCA.N,7,2023
HARV,HARV_001,deciduousForest,202.1,2023-07-18,1,Negative,Borrelia mayonii,HARV_001.20230718.IXOSCA.N,7,2023
HARV,HARV_001,deciduousForest,202.1,2023-07-18,1,Negative,Borrelia sp.,HARV_001.20230718.IXOSCA.N,7,2023
HARV,HARV_001,deciduousForest,202.1,2023-07-18,1,Positive,Borrelia burgdorferi sensu lato,HARV_001.20230718.IXOSCA.N,7,2023
HARV,HARV_001,deciduousForest,202.1,2023-07-18,1,Positive,Ixodes scapularis,HARV_001.20230718.IXOSCA.N,7,2023
HARV,HARV_001,deciduousForest,202.1,2023-07-18,1,Negative,Borrelia burgdorferi sensu lato,HARV_001.20230718.IXOSCA.N,7,2023
HARV,HARV_001,deciduousForest,202.1,2023-07-18,1,Negative,Borrelia miyamotoi,HARV_001.20230718.IXOSCA.N,7,2023
HARV,HARV_001,deciduousForest,202.1,2023-07-18,1,Negative,Borrelia miyamotoi,HARV_001.20230718.IXOSCA.N,7,2023
HARV,HARV_001,deciduousForest,202.1,2023-07-18,1,Negative,Borrelia mayonii,HARV_001.20230718.IXOSCA.N,7,2023
HARV,HARV_001,deciduousForest,202.1,2023-07-18,1,Negative,Borrelia sp.,HARV_001.20230718.IXOSCA.N,7,2023
HARV,HARV_001,deciduousForest,202.1,2023-07-18,1,Negative,Borrelia sp.,HARV_001.20230718.IXOSCA.N,7,2023
HARV,HARV_001,deciduousForest,202.1,2023-07-18,1,Positive,Borrelia sp.,HARV_001.20230718.IXOSCA.N,7,2023
HARV,HARV_001,deciduousForest,202.1,2023-07-18,1,Negative,Borrelia sp.,HARV_001.20230718.IXOSCA.N,7,2023
HARV,HARV_001,deciduousForest,202.1,2023-07-18,1,Negative,Borrelia sp.,HARV_001.20230718.IXOSCA.N,7,2023
HARV,HARV_001,deciduousForest,202.1,2023-07-18,1,Negative,Ehrlichia muris-like,HARV_001.20230718.IXOSCA.N,7,2023
HARV,HARV_001,deciduousForest,202.1,2023-07-18,1,Positive,Borrelia sp.,HARV_001.20230718.IXOSCA.N,7,2023
HARV,HARV_001,deciduousForest,202.1,2023-07-18,1,Negative,Anaplasma phagocytophilum,HARV_001.20230718.IXOSCA.N,7,2023
HARV,HARV_001,deciduousForest,202.1,2023-07-18,1,Negative,Dermacentor variabilis,HARV_001.20230718.IXOSCA.N,7,2023
HARV,HARV_001,deciduousForest,202.1,2023-07-18,1,Negative,Borrelia miyamotoi,HARV_001.20230718.IXOSCA.N,7,2023
HARV,HARV_001,deciduousForest,202.1,2023-07-18,1,Positive,Ixodes scapularis,HARV_001.20230718.IXOSCA.N,7,2023
HARV,HARV_001,deciduousForest,202.1,2023-07-18,1,Negative,Babesia microti,HARV_001.20230718.IXOSCA.N,7,2023
HARV,HARV_001,deciduousForest,202.1,2023-07-18,1,Negative,Borrelia burgdorferi sensu lato,HARV_001.20230718.IXOSCA.N,7,2023
HARV,HARV_001,deciduousForest,202.1,2023-07-18,1,Negative,Ehrlichia muris-like,HARV_001.20230718.IXOSCA.N,7,2023
HARV,HARV_001,deciduousForest,202.1,2023-07-18,1,Negative,Ixodes pacificus,HARV_001.20230718.IXOSCA.N,7,2023
HARV,HARV_001,deciduousForest,202.1,2023-07-18,1,Positive,Ixodes scapularis,HARV_001.20230718.IXOSCA.N,7,2023
HARV,HARV_001,deciduousForest,202.1,2023-07-18,1,Negative,Amblyomma americanum,HARV_001.20230718.IXOSCA.N,7,2023
HARV,HARV_001,deciduousForest,202.1,2023-07-18,1,Negative,Borrelia mayonii,HARV_001.20230718.IXOSCA.N,7,2023
HARV,HARV_001,deciduousForest,202.1,2023-07-18,1,Negative,Ixodes pacificus,HARV_001.20230718.IXOSCA.N,7,2023
HARV,HARV_001,deciduousForest,202.1,2023-07-18,1,Negative,Borrelia miyamotoi,HARV_001.20230718.IXOSCA.N,7,2023
HARV,HARV_001,deciduousForest,202.1,2023-07-18,1,Negative,Ehrlichia muris-like,HARV_001.20230718.IXOSCA.N,7,2023
HARV,HARV_001,deciduousForest,202.1,2023-07-18,1,Negative,Ehrlichia muris-like,HARV_001.20230718.IXOSCA.N,7,2023
HARV,HARV_006,deciduousForest,190.8,2023-07-18,1,Negative,Borrelia burgdorferi sensu lato,HARV_006.20230718.IXOSCA.N,7,2023
HARV,HARV_006,deciduousForest,190.8,2023-07-18,1,Negative,Borrelia miyamotoi,HARV_006.20230718.IXOSCA.N,7,2023
HARV,HARV_006,deciduousForest,190.8,2023-07-18,1,Negative,Dermacentor variabilis,HARV_006.20230718.IXOSCA.N,7,2023
HARV,HARV_006,deciduousForest,190.8,2023-07-18,1,Negative,Ixodes pacificus,HARV_006.20230718.IXOSCA.N,7,2023
HARV,HARV_006,deciduousForest,190.8,2023-07-18,1,Negative,Amblyomma americanum,HARV_006.20230718.IXOSCA.N,7,2023
HARV,HARV_006,deciduousForest,190.8,2023-07-18,1,Negative,Borrelia sp.,HARV_006.20230718.IXOSCA.N,7,2023
HARV,HARV_006,deciduousForest,190.8,2023-07-18,1,Negative,Borrelia mayonii,HARV_006.20230718.IXOSCA.N,7,2023
HARV,HARV_006,deciduousForest,190.8,2023-07-18,1,Negative,Anaplasma phagocytophilum,HARV_006.20230718.IXOSCA.N,7,2023
HARV,HARV_006,deciduousForest,190.8,2023-07-18,1,Negative,Ehrlichia muris-like,HARV_006.20230718.IXOSCA.N,7,2023
HARV,HARV_006,deciduousForest,190.8,2023-07-18,1,Negative,Anaplasma phagocytophilum,HARV_006.20230718.IXOSCA.N,7,2023
HARV,HARV_006,deciduousForest,190.8,2023-07-18,1,Positive,Ixodes scapularis,HARV_006.20230718.IXOSCA.N,7,2023
HARV,HARV_006,deciduousForest,190.8,2023-07-18,1,Negative,Borrelia miyamotoi,HARV_006.20230718.IXOSCA.N,7,2023
HARV,HARV_006,deciduousForest,190.8,2023-07-18,1,Negative,Dermacentor variabilis,HARV_006.20230718.IXOSCA.N,7,2023
HARV,HARV_006,deciduousForest,190.8,2023-07-18,1,Negative,Amblyomma americanum,HARV_006.20230718.IXOSCA.N,7,2023
HARV,HARV_006,deciduousForest,190.8,2023-07-18,1,Negative,Ixodes pacificus,HARV_006.20230718.IXOSCA.N,7,2023
HARV,HARV_006,deciduousForest,190.8,2023-07-18,1,Negative,Borrelia burgdorferi sensu lato,HARV_006.20230718.IXOSCA.N,7,2023
HARV,HARV_006,deciduousForest,190.8,2023-07-18,1,Negative,Babesia microti,HARV_006.20230718.IXOSCA.N,7,2023
HARV,HARV_006,deciduousForest,190.8,2023-07-18,1,Negative,Borrelia mayonii,HARV_006.20230718.IXOSCA.N,7,2023
HARV,HARV_006,deciduousForest,190.8,2023-07-18,1,Negative,Babesia microti,HARV_006.20230718.IXOSCA.N,7,2023
HARV,HARV_006,deciduousForest,190.8,2023-07-18,1,Negative,Borrelia sp.,HARV_006.20230718.IXOSCA.N,7,2023
HARV,HARV_006,deciduousForest,190.8,2023-07-18,1,Positive,Ixodes scapularis,HARV_006.20230718.IXOSCA.N,7,2023
HARV,HARV_006,deciduousForest,190.8,2023-07-18,1,Negative,Ehrlichia muris-like,HARV_006.20230718.IXOSCA.N,7,2023
HARV,HARV_004,mixedForest,182.6,2023-07-18,1,Negative,Ehrlichia muris-like,HARV_004.20230718.IXOSCA.N,7,2023
HARV,HARV_004,mixedForest,182.6,2023-07-18,1,Negative,Borrelia miyamotoi,HARV_004.20230718.IXOSCA.N,7,2023
HARV,HARV_004,mixedForest,182.6,2023-07-18,1,Negative,Ehrlichia muris-like,HARV_004.20230718.IXOSCA.N,7,2023
HARV,HARV_004,mixedForest,182.6,2023-07-18,1,Negative,Dermacentor variabilis,HARV_004.20230718.IXOSCA.N,7,2023
HARV,HARV_004,mixedForest,182.6,2023-07-18,1,Negative,Amblyomma americanum,HARV_004.20230718.IXOSCA.N,7,2023
HARV,HARV_004,mixedForest,182.6,2023-07-18,1,Negative,Anaplasma phagocytophilum,HARV_004.20230718.IXOSCA.N,7,2023
HARV,HARV_004,mixedForest,182.6,2023-07-18,1,Negative,Ixodes pacificus,HARV_004.20230718.IXOSCA.N,7,2023
HARV,HARV_004,mixedForest,182.6,2023-07-18,1,Negative,Ixodes pacificus,HARV_004.20230718.IXOSCA.N,7,2023
HARV,HARV_004,mixedForest,182.6,2023-07-18,1,Positive,Borrelia burgdorferi sensu lato,HARV_004.20230718.IXOSCA.N,7,2023
HARV,HARV_004,mixedForest,182.6,2023-07-18,1,Negative,Anaplasma phagocytophilum,HARV_004.20230718.IXOSCA.N,7,2023
HARV,HARV_004,mixedForest,182.6,2023-07-18,1,Negative,Ehrlichia muris-like,HARV_004.20230718.IXOSCA.N,7,2023
HARV,HARV_004,mixedForest,182.6,2023-07-18,1,Negative,Borrelia mayonii,HARV_004.20230718.IXOSCA.N,7,2023
HARV,HARV_004,mixedForest,182.6,2023-07-18,1,Positive,Borrelia sp.,HARV_004.20230718.IXOSCA.N,7,2023
HARV,HARV_004,mixedForest,182.6,2023-07-18,1,Negative,Dermacentor variabilis,HARV_004.20230718.IXOSCA.N,7,2023
HARV,HARV_004,mixedForest,182.6,2023-07-18,1,Negative,Borrelia burgdorferi sensu lato,HARV_004.20230718.IXOSCA.N,7,2023
HARV,HARV_004,mixedForest,182.6,2023-07-18,1,Negative,Anaplasma phagocytophilum,HARV_004.20230718.IXOSCA.N,7,2023
HARV,HARV_004,mixedForest,182.6,2023-07-18,1,Negative,Anaplasma phagocytophilum,HARV_004.20230718.IXOSCA.N,7,2023
HARV,HARV_004,mixedForest,182.6,2023-07-18,1,Negative,Amblyomma americanum,HARV_004.20230718.IXOSCA.N,7,2023
HARV,HARV_004,mixedForest,182.6,2023-07-18,1,Positive,Ixodes scapularis,HARV_004.20230718.IXOSCA.N,7,2023
HARV,HARV_004,mixedForest,182.6,2023-07-18,1,Negative,Babesia microti,HARV_004.20230718.IXOSCA.N,7,2023
HARV,HARV_004,mixedForest,182.6,2023-07-18,1,Negative,Borrelia sp.,HARV_004.20230718.IXOSCA.N,7,2023
HARV,HARV_004,mixedForest,182.6,2023-07-18,1,Negative,Borrelia miyamotoi,HARV_004.20230718.IXOSCA.N,7,2023
HARV,HARV_004,mixedForest,182.6,2023-07-18,1,Negative,Borrelia burgdorferi sensu lato,HARV_004.20230718.IXOSCA.N,7,2023
HARV,HARV_004,mixedForest,182.6,2023-07-18,1,Negative,Borrelia mayonii,HARV_004.20230718.IXOSCA.N,7,2023
HARV,HARV_004,mixedForest,182.6,2023-07-18,1,Negative,Ehrlichia muris-like,HARV_004.20230718.IXOSCA.N,7,2023
HARV,HARV_004,mixedForest,182.6,2023-07-18,1,Negative,Borrelia miyamotoi,HARV_004.20230718.IXOSCA.N,7,2023
HARV,HARV_004,mixedForest,182.6,2023-07-18,1,Negative,Babesia microti,HARV_004.20230718.IXOSCA.N,7,2023
HARV,HARV_004,mixedForest,182.6,2023-07-18,1,Negative,Amblyomma americanum,HARV_004.20230718.IXOSCA.N,7,2023
HARV,HARV_004,mixedForest,182.6,2023-07-18,1,Negative,Borrelia sp.,HARV_004.20230718.IXOSCA.N,7,2023
HARV,HARV_004,mixedForest,182.6,2023-07-18,1,Negative,Dermacentor variabilis,HARV_004.20230718.IXOSCA.N,7,2023
HARV,HARV_004,mixedForest,182.6,2023-07-18,1,Negative,Borrelia mayonii,HARV_004.20230718.IXOSCA.N,7,2023
HARV,HARV_004,mixedForest,182.6,2023-07-18,1,Negative,Borrelia miyamotoi,HARV_004.20230718.IXOSCA.N,7,2023
HARV,HARV_004,mixedForest,182.6,2023-07-18,1,Negative,Ehrlichia muris-like,HARV_004.20230718.IXOSCA.N,7,2023
HARV,HARV_004,mixedForest,182.6,2023-07-18,1,Negative,Ixodes pacificus,HARV_004.20230718.IXOSCA.N,7,2023
HARV,HARV_004,mixedForest,182.6,2023-07-18,1,Negative,Anaplasma phagocytophilum,HARV_004.20230718.IXOSCA.N,7,2023
HARV,HARV_004,mixedForest,182.6,2023-07-18,1,Negative,Ixodes pacificus,HARV_004.20230718.IXOSCA.N,7,2023
HARV,HARV_004,mixedForest,182.6,2023-07-18,1,Negative,Amblyomma americanum,HARV_004.20230718.IXOSCA.N,7,2023
HARV,HARV_004,mixedForest,182.6,2023-07-18,1,Negative,Babesia microti,HARV_004.20230718.IXOSCA.N,7,2023
HARV,HARV_004,mixedForest,182.6,2023-07-18,1,Positive,Ixodes scapularis,HARV_004.20230718.IXOSCA.N,7,2023
HARV,HARV_004,mixedForest,182.6,2023-07-18,1,Negative,Borrelia miyamotoi,HARV_004.20230718.IXOSCA.N,7,2023
HARV,HARV_004,mixedForest,182.6,2023-07-18,1,Negative,Babesia microti,HARV_004.20230718.IXOSCA.N,7,2023
HARV,HARV_004,mixedForest,182.6,2023-07-18,1,Negative,Ehrlichia muris-like,HARV_004.20230718.IXOSCA.N,7,2023
HARV,HARV_004,mixedForest,182.6,2023-07-18,1,Negative,Borrelia mayonii,HARV_004.20230718.IXOSCA.N,7,2023
HARV,HARV_004,mixedForest,182.6,2023-07-18,1,Negative,Borrelia sp.,HARV_004.20230718.IXOSCA.N,7,2023
HARV,HARV_004,mixedForest,182.6,2023-07-18,1,Negative,Ixodes pacificus,HARV_004.20230718.IXOSCA.N,7,2023
HARV,HARV_004,mixedForest,182.6,2023-07-18,1,Negative,Anaplasma phagocytophilum,HARV_004.20230718.IXOSCA.N,7,2023
HARV,HARV_004,mixedForest,182.6,2023-07-18,1,Negative,Borrelia burgdorferi sensu lato,HARV_004.20230718.IXOSCA.N,7,2023
HARV,HARV_004,mixedForest,182.6,2023-07-18,1,Negative,Ixodes pacificus,HARV_004.20230718.IXOSCA.N,7,2023
HARV,HARV_004,mixedForest,182.6,2023-07-18,1,Positive,Ixodes scapularis,HARV_004.20230718.IXOSCA.N,7,2023
HARV,HARV_004,mixedForest,182.6,2023-07-18,1,Negative,Borrelia mayonii,HARV_004.20230718.IXOSCA.N,7,2023
HARV,HARV_004,mixedForest,182.6,2023-07-18,1,Negative,Borrelia sp.,HARV_004.20230718.IXOSCA.N,7,2023
HARV,HARV_004,mixedForest,182.6,2023-07-18,1,Negative,Dermacentor variabilis,HARV_004.20230718.IXOSCA.N,7,2023
HARV,HARV_004,mixedForest,182.6,2023-07-18,1,Negative,Ehrlichia muris-like,HARV_004.20230718.IXOSCA.N,7,2023
HARV,HARV_004,mixedForest,182.6,2023-07-18,1,Negative,Borrelia mayonii,HARV_004.20230718.IXOSCA.N,7,2023
HARV,HARV_004,mixedForest,182.6,2023-07-18,1,Positive,Borrelia sp.,HARV_004.20230718.IXOSCA.N,7,2023
HARV,HARV_004,mixedForest,182.6,2023-07-18,1,Positive,Ixodes scapularis,HARV_004.20230718.IXOSCA.N,7,2023
HARV,HARV_004,mixedForest,182.6,2023-07-18,1,Negative,Babesia microti,HARV_004.20230718.IXOSCA.N,7,2023
HARV,HARV_004,mixedForest,182.6,2023-07-18,1,Negative,Anaplasma phagocytophilum,HARV_004.20230718.IXOSCA.N,7,2023
HARV,HARV_004,mixedForest,182.6,2023-07-18,1,Negative,Borrelia burgdorferi sensu lato,HARV_004.20230718.IXOSCA.N,7,2023
HARV,HARV_004,mixedForest,182.6,2023-07-18,1,Negative,Babesia microti,HARV_004.20230718.IXOSCA.N,7,2023
HARV,HARV_004,mixedForest,182.6,2023-07-18,1,Positive,Borrelia sp.,HARV_004.20230718.IXOSCA.N,7,2023
HARV,HARV_004,mixedForest,182.6,2023-07-18,1,Negative,Dermacentor variabilis,HARV_004.20230718.IXOSCA.N,7,2023
HARV,HARV_004,mixedForest,182.6,2023-07-18,1,Positive,Ixodes scapularis,HARV_004.20230718.IXOSCA.N,7,2023
HARV,HARV_004,mixedForest,182.6,2023-07-18,1,Negative,Babesia microti,HARV_004.20230718.IXOSCA.N,7,2023
HARV,HARV_004,mixedForest,182.6,2023-07-18,1,Positive,Ixodes scapularis,HARV_004.20230718.IXOSCA.N,7,2023
HARV,HARV_004,mixedForest,182.6,2023-07-18,1,Positive,Borrelia burgdorferi sensu lato,HARV_004.20230718.IXOSCA.N,7,2023
HARV,HARV_004,mixedForest,182.6,2023-07-18,1,Negative,Borrelia miyamotoi,HARV_004.20230718.IXOSCA.N,7,2023
HARV,HARV_004,mixedForest,182.6,2023-07-18,1,Negative,Borrelia mayonii,HARV_004.20230718.IXOSCA.N,7,2023
HARV,HARV_004,mixedForest,182.6,2023-07-18,1,Negative,Amblyomma americanum,HARV_004.20230718.IXOSCA.N,7,2023
HARV,HARV_004,mixedForest,182.6,2023-07-18,1,Negative,Dermacentor variabilis,HARV_004.20230718.IXOSCA.N,7,2023
HARV,HARV_004,mixedForest,182.6,2023-07-18,1,Positive,Ixodes scapularis,HARV_004.20230718.IXOSCA.N,7,2023
HARV,HARV_004,mixedForest,182.6,2023-07-18,1,Negative,Amblyomma americanum,HARV_004.20230718.IXOSCA.N,7,2023
HARV,HARV_004,mixedForest,182.6,2023-07-18,1,Negative,Ixodes pacificus,HARV_004.20230718.IXOSCA.N,7,2023
HARV,HARV_004,mixedForest,182.6,2023-07-18,1,Negative,Dermacentor variabilis,HARV_004.20230718.IXOSCA.N,7,2023
HARV,HARV_004,mixedForest,182.6,2023-07-18,1,Positive,Borrelia burgdorferi sensu lato,HARV_004.20230718.IXOSCA.N,7,2023
HARV,HARV_004,mixedForest,182.6,2023-07-18,1,Negative,Borrelia miyamotoi,HARV_004.20230718.IXOSCA.N,7,2023
HARV,HARV_004,mixedForest,182.6,2023-07-18,1,Negative,Amblyomma americanum,HARV_004.20230718.IXOSCA.N,7,2023
HARV,HARV_026,evergreenForest,187.3,2023-07-18,1,Negative,Ehrlichia muris-like,HARV_026.20230718.IXOSCA.N,7,2023
HARV,HARV_026,evergreenForest,187.3,2023-07-18,1,Negative,Dermacentor variabilis,HARV_026.20230718.IXOSCA.N,7,2023
HARV,HARV_026,evergreenForest,187.3,2023-07-18,1,Negative,Borrelia miyamotoi,HARV_026.20230718.IXOSCA.N,7,2023
HARV,HARV_026,evergreenForest,187.3,2023-07-18,1,Negative,Ixodes pacificus,HARV_026.20230718.IXOSCA.N,7,2023
HARV,HARV_026,evergreenForest,187.3,2023-07-18,1,Negative,Borrelia burgdorferi sensu lato,HARV_026.20230718.IXOSCA.N,7,2023
HARV,HARV_026,evergreenForest,187.3,2023-07-18,1,Negative,Ixodes pacificus,HARV_026.20230718.IXOSCA.N,7,2023
HARV,HARV_026,evergreenForest,187.3,2023-07-18,1,Negative,Ixodes pacificus,HARV_026.20230718.IXOSCA.N,7,2023
HARV,HARV_026,evergreenForest,187.3,2023-07-18,1,Negative,Amblyomma americanum,HARV_026.20230718.IXOSCA.N,7,2023
HARV,HARV_026,evergreenForest,187.3,2023-07-18,1,Positive,Ixodes scapularis,HARV_026.20230718.IXOSCA.N,7,2023
HARV,HARV_026,evergreenForest,187.3,2023-07-18,1,Negative,Babesia microti,HARV_026.20230718.IXOSCA.N,7,2023
HARV,HARV_026,evergreenForest,187.3,2023-07-18,1,Negative,Babesia microti,HARV_026.20230718.IXOSCA.N,7,2023
HARV,HARV_026,evergreenForest,187.3,2023-07-18,1,Positive,Ixodes scapularis,HARV_026.20230718.IXOSCA.N,7,2023
HARV,HARV_026,evergreenForest,187.3,2023-07-18,1,Negative,Babesia microti,HARV_026.20230718.IXOSCA.N,7,2023
HARV,HARV_026,evergreenForest,187.3,2023-07-18,1,Negative,Borrelia burgdorferi sensu lato,HARV_026.20230718.IXOSCA.N,7,2023
HARV,HARV_026,evergreenForest,187.3,2023-07-18,1,Negative,Anaplasma phagocytophilum,HARV_026.20230718.IXOSCA.N,7,2023
HARV,HARV_026,evergreenForest,187.3,2023-07-18,1,Negative,Ehrlichia muris-like,HARV_026.20230718.IXOSCA.N,7,2023
HARV,HARV_026,evergreenForest,187.3,2023-07-18,1,Positive,Ixodes scapularis,HARV_026.20230718.IXOSCA.N,7,2023
HARV,HARV_026,evergreenForest,187.3,2023-07-18,1,Negative,Borrelia burgdorferi sensu lato,HARV_026.20230718.IXOSCA.N,7,2023
HARV,HARV_026,evergreenForest,187.3,2023-07-18,1,Negative,Borrelia sp.,HARV_026.20230718.IXOSCA.N,7,2023
HARV,HARV_026,evergreenForest,187.3,2023-07-18,1,Negative,Borrelia miyamotoi,HARV_026.20230718.IXOSCA.N,7,2023
HARV,HARV_026,evergreenForest,187.3,2023-07-18,1,Negative,Borrelia mayonii,HARV_026.20230718.IXOSCA.N,7,2023
HARV,HARV_026,evergreenForest,187.3,2023-07-18,1,Positive,Ixodes scapularis,HARV_026.20230718.IXOSCA.N,7,2023
HARV,HARV_026,evergreenForest,187.3,2023-07-18,1,Negative,Borrelia sp.,HARV_026.20230718.IXOSCA.N,7,2023
HARV,HARV_026,evergreenForest,187.3,2023-07-18,1,Negative,Ixodes pacificus,HARV_026.20230718.IXOSCA.N,7,2023
HARV,HARV_026,evergreenForest,187.3,2023-07-18,1,Negative,Dermacentor variabilis,HARV_026.20230718.IXOSCA.N,7,2023
HARV,HARV_026,evergreenForest,187.3,2023-07-18,1,Negative,Borrelia mayonii,HARV_026.20230718.IXOSCA.N,7,2023
HARV,HARV_026,evergreenForest,187.3,2023-07-18,1,Negative,Anaplasma phagocytophilum,HARV_026.20230718.IXOSCA.N,7,2023
HARV,HARV_026,evergreenForest,187.3,2023-07-18,1,Negative,Ehrlichia muris-like,HARV_026.20230718.IXOSCA.N,7,2023
HARV,HARV_026,evergreenForest,187.3,2023-07-18,1,Negative,Anaplasma phagocytophilum,HARV_026.20230718.IXOSCA.N,7,2023
HARV,HARV_026,evergreenForest,187.3,2023-07-18,1,Negative,Borrelia burgdorferi sensu lato,HARV_026.20230718.IXOSCA.N,7,2023
HARV,HARV_026,evergreenForest,187.3,2023-07-18,1,Negative,Borrelia mayonii,HARV_026.20230718.IXOSCA.N,7,2023
HARV,HARV_026,evergreenForest,187.3,2023-07-18,1,Negative,Borrelia miyamotoi,HARV_026.20230718.IXOSCA.N,7,2023
HARV,HARV_026,evergreenForest,187.3,2023-07-18,1,Negative,Dermacentor variabilis,HARV_026.20230718.IXOSCA.N,7,2023
HARV,HARV_026,evergreenForest,187.3,2023-07-18,1,Negative,Amblyomma americanum,HARV_026.20230718.IXOSCA.N,7,2023
HARV,HARV_026,evergreenForest,187.3,2023-07-18,1,Negative,Borrelia mayonii,HARV_026.20230718.IXOSCA.N,7,2023
HARV,HARV_026,evergreenForest,187.3,2023-07-18,1,Negative,Babesia microti,HARV_026.20230718.IXOSCA.N,7,2023
HARV,HARV_026,evergreenForest,187.3,2023-07-18,1,Negative,Borrelia miyamotoi,HARV_026.20230718.IXOSCA.N,7,2023
HARV,HARV_026,evergreenForest,187.3,2023-07-18,1,Negative,Amblyomma americanum,HARV_026.20230718.IXOSCA.N,7,2023
HARV,HARV_026,evergreenForest,187.3,2023-07-18,1,Negative,Dermacentor variabilis,HARV_026.20230718.IXOSCA.N,7,2023
HARV,HARV_026,evergreenForest,187.3,2023-07-18,1,Negative,Amblyomma americanum,HARV_026.20230718.IXOSCA.N,7,2023
HARV,HARV_026,evergreenForest,187.3,2023-07-18,1,Negative,Borrelia sp.,HARV_026.20230718.IXOSCA.N,7,2023
HARV,HARV_026,evergreenForest,187.3,2023-07-18,1,Negative,Borrelia sp.,HARV_026.20230718.IXOSCA.N,7,2023
HARV,HARV_026,evergreenForest,187.3,2023-07-18,1,Negative,Anaplasma phagocytophilum,HARV_026.20230718.IXOSCA.N,7,2023
HARV,HARV_026,evergreenForest,187.3,2023-07-18,1,Negative,Ehrlichia muris-like,HARV_026.20230718.IXOSCA.N,7,2023
DELA,DELA_008,woodyWetlands,25.3,2018-06-06,1,Negative,Ehrlichia chaffeensis,DELA_008.20180606.AMBAME.N,6,2018
DELA,DELA_008,woodyWetlands,25.3,2018-06-06,1,Negative,Anaplasma phagocytophilum,DELA_008.20180606.AMBAME.N,6,2018
DELA,DELA_008,woodyWetlands,25.3,2018-06-06,1,Negative,Borrelia lonestari,DELA_008.20180606.AMBAME.N,6,2018
DELA,DELA_008,woodyWetlands,25.3,2018-06-06,1,Negative,Ixodes pacificus,DELA_008.20180606.AMBAME.N,6,2018
DELA,DELA_008,woodyWetlands,25.3,2018-06-06,1,Negative,Rickettsia rickettsii,DELA_008.20180606.AMBAME.N,6,2018
DELA,DELA_008,woodyWetlands,25.3,2018-06-06,1,Negative,Ehrlichia ewingii,DELA_008.20180606.AMBAME.N,6,2018
DELA,DELA_008,woodyWetlands,25.3,2018-06-06,1,Negative,Rickettsia rickettsii,DELA_008.20180606.AMBAME.N,6,2018
DELA,DELA_008,woodyWetlands,25.3,2018-06-06,1,Negative,Francisella tularensis,DELA_008.20180606.AMBAME.N,6,2018
DELA,DELA_008,woodyWetlands,25.3,2018-06-06,1,Negative,Anaplasma phagocytophilum,DELA_008.20180606.AMBAME.N,6,2018
DELA,DELA_008,woodyWetlands,25.3,2018-06-06,1,Negative,Ixodes pacificus,DELA_008.20180606.AMBAME.N,6,2018
DELA,DELA_008,woodyWetlands,25.3,2018-06-06,1,Negative,Ehrlichia chaffeensis,DELA_008.20180606.AMBAME.N,6,2018
DELA,DELA_008,woodyWetlands,25.3,2018-06-06,1,Negative,Borrelia sp.,DELA_008.20180606.AMBAME.N,6,2018
DELA,DELA_008,woodyWetlands,25.3,2018-06-06,1,Negative,Borrelia sp.,DELA_008.20180606.AMBAME.N,6,2018
DELA,DELA_008,woodyWetlands,25.3,2018-06-06,1,Negative,Ehrlichia ewingii,DELA_008.20180606.AMBAME.N,6,2018
DELA,DELA_008,woodyWetlands,25.3,2018-06-06,1,Negative,Borrelia lonestari,DELA_008.20180606.AMBAME.N,6,2018
DELA,DELA_008,woodyWetlands,25.3,2018-06-06,1,Negative,Francisella tularensis,DELA_008.20180606.AMBAME.N,6,2018
DELA,DELA_008,woodyWetlands,25.3,2018-06-19,1,Negative,Anaplasma phagocytophilum,DELA_008.20180619.AMBAME.N,6,2018
DELA,DELA_008,woodyWetlands,25.3,2018-06-19,1,Negative,Borrelia lonestari,DELA_008.20180619.AMBAME.N,6,2018
DELA,DELA_008,woodyWetlands,25.3,2018-06-19,1,Negative,Ehrlichia chaffeensis,DELA_008.20180619.AMBAME.N,6,2018
DELA,DELA_008,woodyWetlands,25.3,2018-06-19,1,Negative,Rickettsia rickettsii,DELA_008.20180619.AMBAME.N,6,2018
DELA,DELA_008,woodyWetlands,25.3,2018-06-19,1,Negative,Borrelia sp.,DELA_008.20180619.AMBAME.N,6,2018
DELA,DELA_008,woodyWetlands,25.3,2018-06-19,1,Negative,Borrelia lonestari,DELA_008.20180619.AMBAME.N,6,2018
DELA,DELA_008,woodyWetlands,25.3,2018-06-19,1,Negative,Ixodes pacificus,DELA_008.20180619.AMBAME.N,6,2018
DELA,DELA_008,woodyWetlands,25.3,2018-06-19,1,Negative,Anaplasma phagocytophilum,DELA_008.20180619.AMBAME.N,6,2018
DELA,DELA_008,woodyWetlands,25.3,2018-06-19,1,Negative,Ehrlichia chaffeensis,DELA_008.20180619.AMBAME.N,6,2018
DELA,DELA_008,woodyWetlands,25.3,2018-06-19,1,Negative,Francisella tularensis,DELA_008.20180619.AMBAME.N,6,2018
DELA,DELA_008,woodyWetlands,25.3,2018-06-19,1,Negative,Ixodes pacificus,DELA_008.20180619.AMBAME.N,6,2018
DELA,DELA_008,woodyWetlands,25.3,2018-06-19,1,Negative,Rickettsia rickettsii,DELA_008.20180619.AMBAME.N,6,2018
DELA,DELA_008,woodyWetlands,25.3,2018-06-19,1,Negative,Francisella tularensis,DELA_008.20180619.AMBAME.N,6,2018
DELA,DELA_008,woodyWetlands,25.3,2018-06-19,1,Negative,Rickettsia rickettsii,DELA_008.20180619.AMBAME.N,6,2018
DELA,DELA_008,woodyWetlands,25.3,2018-06-19,1,Negative,Francisella tularensis,DELA_008.20180619.AMBAME.N,6,2018
DELA,DELA_008,woodyWetlands,25.3,2018-06-19,1,Negative,Borrelia sp.,DELA_008.20180619.AMBAME.N,6,2018
DELA,DELA_008,woodyWetlands,25.3,2018-06-19,1,Negative,Ehrlichia ewingii,DELA_008.20180619.AMBAME.N,6,2018
DELA,DELA_008,woodyWetlands,25.3,2018-06-19,1,Negative,Ehrlichia ewingii,DELA_008.20180619.AMBAME.N,6,2018
DELA,DELA_008,woodyWetlands,25.3,2018-06-19,1,Negative,Ixodes pacificus,DELA_008.20180619.AMBAME.N,6,2018
DELA,DELA_008,woodyWetlands,25.3,2018-06-19,1,Negative,Borrelia lonestari,DELA_008.20180619.AMBAME.N,6,2018
DELA,DELA_008,woodyWetlands,25.3,2018-06-19,1,Negative,Borrelia sp.,DELA_008.20180619.AMBAME.N,6,2018
DELA,DELA_008,woodyWetlands,25.3,2018-06-19,1,Negative,Anaplasma phagocytophilum,DELA_008.20180619.AMBAME.N,6,2018
DELA,DELA_008,woodyWetlands,25.3,2018-06-19,1,Negative,Ehrlichia chaffeensis,DELA_008.20180619.AMBAME.N,6,2018
DELA,DELA_008,woodyWetlands,25.3,2018-06-19,1,Negative,Ehrlichia ewingii,DELA_008.20180619.AMBAME.N,6,2018
HARV,HARV_022,evergreenForest,185.9,2023-08-07,1,Negative,Borrelia mayonii,HARV_022.20230807.IXOSCA.N,8,2023
HARV,HARV_022,evergreenForest,185.9,2023-08-07,1,Positive,Ixodes scapularis,HARV_022.20230807.IXOSCA.N,8,2023
HARV,HARV_022,evergreenForest,185.9,2023-08-07,1,Negative,Amblyomma americanum,HARV_022.20230807.IXOSCA.N,8,2023
HARV,HARV_022,evergreenForest,185.9,2023-08-07,1,Negative,Anaplasma phagocytophilum,HARV_022.20230807.IXOSCA.N,8,2023
HARV,HARV_022,evergreenForest,185.9,2023-08-07,1,Negative,Borrelia burgdorferi sensu lato,HARV_022.20230807.IXOSCA.N,8,2023
HARV,HARV_022,evergreenForest,185.9,2023-08-07,1,Negative,Dermacentor variabilis,HARV_022.20230807.IXOSCA.N,8,2023
HARV,HARV_022,evergreenForest,185.9,2023-08-07,1,Positive,Babesia microti,HARV_022.20230807.IXOSCA.N,8,2023
HARV,HARV_022,evergreenForest,185.9,2023-08-07,1,Negative,Ixodes pacificus,HARV_022.20230807.IXOSCA.N,8,2023
HARV,HARV_022,evergreenForest,185.9,2023-08-07,1,Negative,Anaplasma phagocytophilum,HARV_022.20230807.IXOSCA.N,8,2023
HARV,HARV_022,evergreenForest,185.9,2023-08-07,1,Negative,Borrelia miyamotoi,HARV_022.20230807.IXOSCA.N,8,2023
HARV,HARV_022,evergreenForest,185.9,2023-08-07,1,Positive,Ixodes scapularis,HARV_022.20230807.IXOSCA.N,8,2023
HARV,HARV_022,evergreenForest,185.9,2023-08-07,1,Negative,Ixodes pacificus,HARV_022.20230807.IXOSCA.N,8,2023
HARV,HARV_022,evergreenForest,185.9,2023-08-07,1,Negative,Babesia microti,HARV_022.20230807.IXOSCA.N,8,2023
HARV,HARV_022,evergreenForest,185.9,2023-08-07,1,Negative,Borrelia mayonii,HARV_022.20230807.IXOSCA.N,8,2023
HARV,HARV_022,evergreenForest,185.9,2023-08-07,1,Negative,Borrelia mayonii,HARV_022.20230807.IXOSCA.N,8,2023
HARV,HARV_022,evergreenForest,185.9,2023-08-07,1,Positive,Borrelia sp.,HARV_022.20230807.IXOSCA.N,8,2023
HARV,HARV_022,evergreenForest,185.9,2023-08-07,1,Positive,Borrelia burgdorferi sensu lato,HARV_022.20230807.IXOSCA.N,8,2023
HARV,HARV_022,evergreenForest,185.9,2023-08-07,1,Negative,Babesia microti,HARV_022.20230807.IXOSCA.N,8,2023
HARV,HARV_022,evergreenForest,185.9,2023-08-07,1,Negative,Dermacentor variabilis,HARV_022.20230807.IXOSCA.N,8,2023
HARV,HARV_022,evergreenForest,185.9,2023-08-07,1,Negative,Dermacentor variabilis,HARV_022.20230807.IXOSCA.N,8,2023
HARV,HARV_022,evergreenForest,185.9,2023-08-07,1,Negative,Borrelia miyamotoi,HARV_022.20230807.IXOSCA.N,8,2023
HARV,HARV_022,evergreenForest,185.9,2023-08-07,1,Negative,Ehrlichia muris-like,HARV_022.20230807.IXOSCA.N,8,2023
HARV,HARV_022,evergreenForest,185.9,2023-08-07,1,Positive,Ixodes scapularis,HARV_022.20230807.IXOSCA.N,8,2023
HARV,HARV_022,evergreenForest,185.9,2023-08-07,1,Negative,Amblyomma americanum,HARV_022.20230807.IXOSCA.N,8,2023
HARV,HARV_022,evergreenForest,185.9,2023-08-07,1,Negative,Amblyomma americanum,HARV_022.20230807.IXOSCA.N,8,2023
HARV,HARV_022,evergreenForest,185.9,2023-08-07,1,Negative,Borrelia mayonii,HARV_022.20230807.IXOSCA.N,8,2023
HARV,HARV_022,evergreenForest,185.9,2023-08-07,1,Negative,Borrelia sp.,HARV_022.20230807.IXOSCA.N,8,2023
HARV,HARV_022,evergreenForest,185.9,2023-08-07,1,Negative,Anaplasma phagocytophilum,HARV_022.20230807.IXOSCA.N,8,2023
HARV,HARV_022,evergreenForest,185.9,2023-08-07,1,Negative,Ehrlichia muris-like,HARV_022.20230807.IXOSCA.N,8,2023
HARV,HARV_022,evergreenForest,185.9,2023-08-07,1,Negative,Ehrlichia muris-like,HARV_022.20230807.IXOSCA.N,8,2023
HARV,HARV_022,evergreenForest,185.9,2023-08-07,1,Negative,Borrelia miyamotoi,HARV_022.20230807.IXOSCA.N,8,2023
HARV,HARV_022,evergreenForest,185.9,2023-08-07,1,Positive,Ixodes scapularis,HARV_022.20230807.IXOSCA.N,8,2023
HARV,HARV_022,evergreenForest,185.9,2023-08-07,1,Negative,Amblyomma americanum,HARV_022.20230807.IXOSCA.N,8,2023
HARV,HARV_022,evergreenForest,185.9,2023-08-07,1,Negative,Anaplasma phagocytophilum,HARV_022.20230807.IXOSCA.N,8,2023
HARV,HARV_022,evergreenForest,185.9,2023-08-07,1,Negative,Borrelia miyamotoi,HARV_022.20230807.IXOSCA.N,8,2023
HARV,HARV_022,evergreenForest,185.9,2023-08-07,1,Positive,Babesia microti,HARV_022.20230807.IXOSCA.N,8,2023
HARV,HARV_022,evergreenForest,185.9,2023-08-07,1,Negative,Ixodes pacificus,HARV_022.20230807.IXOSCA.N,8,2023
HARV,HARV_022,evergreenForest,185.9,2023-08-07,1,Negative,Borrelia burgdorferi sensu lato,HARV_022.20230807.IXOSCA.N,8,2023
HARV,HARV_022,evergreenForest,185.9,2023-08-07,1,Negative,Borrelia burgdorferi sensu lato,HARV_022.20230807.IXOSCA.N,8,2023
HARV,HARV_022,evergreenForest,185.9,2023-08-07,1,Negative,Borrelia sp.,HARV_022.20230807.IXOSCA.N,8,2023
HARV,HARV_022,evergreenForest,185.9,2023-08-07,1,Negative,Borrelia sp.,HARV_022.20230807.IXOSCA.N,8,2023
HARV,HARV_022,evergreenForest,185.9,2023-08-07,1,Negative,Ixodes pacificus,HARV_022.20230807.IXOSCA.N,8,2023
HARV,HARV_022,evergreenForest,185.9,2023-08-07,1,Negative,Ehrlichia muris-like,HARV_022.20230807.IXOSCA.N,8,2023
HARV,HARV_022,evergreenForest,185.9,2023-08-07,1,Negative,Dermacentor variabilis,HARV_022.20230807.IXOSCA.N,8,2023
HARV,HARV_026,evergreenForest,187.3,2023-08-07,1,Negative,Ixodes pacificus,HARV_026.20230807.IXOSCA.N,8,2023
HARV,HARV_026,evergreenForest,187.3,2023-08-07,1,Negative,Borrelia burgdorferi sensu lato,HARV_026.20230807.IXOSCA.N,8,2023
HARV,HARV_026,evergreenForest,187.3,2023-08-07,1,Negative,Borrelia mayonii,HARV_026.20230807.IXOSCA.N,8,2023
HARV,HARV_026,evergreenForest,187.3,2023-08-07,1,Negative,Ehrlichia muris-like,HARV_026.20230807.IXOSCA.N,8,2023
HARV,HARV_026,evergreenForest,187.3,2023-08-07,1,Negative,Ehrlichia muris-like,HARV_026.20230807.IXOSCA.N,8,2023
HARV,HARV_026,evergreenForest,187.3,2023-08-07,1,Negative,Ehrlichia muris-like,HARV_026.20230807.IXOSCA.N,8,2023
HARV,HARV_026,evergreenForest,187.3,2023-08-07,1,Negative,Borrelia burgdorferi sensu lato,HARV_026.20230807.IXOSCA.N,8,2023
HARV,HARV_026,evergreenForest,187.3,2023-08-07,1,Negative,Babesia microti,HARV_026.20230807.IXOSCA.N,8,2023
HARV,HARV_026,evergreenForest,187.3,2023-08-07,1,Negative,Borrelia sp.,HARV_026.20230807.IXOSCA.N,8,2023
HARV,HARV_026,evergreenForest,187.3,2023-08-07,1,Negative,Babesia microti,HARV_026.20230807.IXOSCA.N,8,2023
HARV,HARV_026,evergreenForest,187.3,2023-08-07,1,Negative,Borrelia miyamotoi,HARV_026.20230807.IXOSCA.N,8,2023
HARV,HARV_026,evergreenForest,187.3,2023-08-07,1,Negative,Borrelia mayonii,HARV_026.20230807.IXOSCA.N,8,2023
HARV,HARV_026,evergreenForest,187.3,2023-08-07,1,Negative,Dermacentor variabilis,HARV_026.20230807.IXOSCA.N,8,2023
HARV,HARV_026,evergreenForest,187.3,2023-08-07,1,Negative,Babesia microti,HARV_026.20230807.IXOSCA.N,8,2023
HARV,HARV_026,evergreenForest,187.3,2023-08-07,1,Positive,Ixodes scapularis,HARV_026.20230807.IXOSCA.N,8,2023
HARV,HARV_026,evergreenForest,187.3,2023-08-07,1,Negative,Borrelia sp.,HARV_026.20230807.IXOSCA.N,8,2023
HARV,HARV_026,evergreenForest,187.3,2023-08-07,1,Negative,Borrelia sp.,HARV_026.20230807.IXOSCA.N,8,2023
HARV,HARV_026,evergreenForest,187.3,2023-08-07,1,Negative,Amblyomma americanum,HARV_026.20230807.IXOSCA.N,8,2023
HARV,HARV_026,evergreenForest,187.3,2023-08-07,1,Negative,Anaplasma phagocytophilum,HARV_026.20230807.IXOSCA.N,8,2023
HARV,HARV_026,evergreenForest,187.3,2023-08-07,1,Negative,Anaplasma phagocytophilum,HARV_026.20230807.IXOSCA.N,8,2023
HARV,HARV_026,evergreenForest,187.3,2023-08-07,1,Negative,Borrelia miyamotoi,HARV_026.20230807.IXOSCA.N,8,2023
HARV,HARV_026,evergreenForest,187.3,2023-08-07,1,Negative,Dermacentor variabilis,HARV_026.20230807.IXOSCA.N,8,2023
HARV,HARV_026,evergreenForest,187.3,2023-08-07,1,Negative,Amblyomma americanum,HARV_026.20230807.IXOSCA.N,8,2023
HARV,HARV_026,evergreenForest,187.3,2023-08-07,1,Negative,Ixodes pacificus,HARV_026.20230807.IXOSCA.N,8,2023
HARV,HARV_026,evergreenForest,187.3,2023-08-07,1,Negative,Anaplasma phagocytophilum,HARV_026.20230807.IXOSCA.N,8,2023
HARV,HARV_026,evergreenForest,187.3,2023-08-07,1,Negative,Borrelia mayonii,HARV_026.20230807.IXOSCA.N,8,2023
HARV,HARV_026,evergreenForest,187.3,2023-08-07,1,Positive,Ixodes scapularis,HARV_026.20230807.IXOSCA.N,8,2023
HARV,HARV_026,evergreenForest,187.3,2023-08-07,1,Negative,Dermacentor variabilis,HARV_026.20230807.IXOSCA.N,8,2023
HARV,HARV_026,evergreenForest,187.3,2023-08-07,1,Negative,Borrelia miyamotoi,HARV_026.20230807.IXOSCA.N,8,2023
HARV,HARV_026,evergreenForest,187.3,2023-08-07,1,Negative,Borrelia burgdorferi sensu lato,HARV_026.20230807.IXOSCA.N,8,2023
HARV,HARV_026,evergreenForest,187.3,2023-08-07,1,Positive,Ixodes scapularis,HARV_026.20230807.IXOSCA.N,8,2023
HARV,HARV_026,evergreenForest,187.3,2023-08-07,1,Negative,Amblyomma americanum,HARV_026.20230807.IXOSCA.N,8,2023
HARV,HARV_026,evergreenForest,187.3,2023-08-07,1,Negative,Ixodes pacificus,HARV_026.20230807.IXOSCA.N,8,2023
HARV,HARV_001,deciduousForest,202.1,2023-08-09,1,Negative,Borrelia burgdorferi sensu lato,HARV_001.20230809.IXOSCA.N,8,2023
HARV,HARV_001,deciduousForest,202.1,2023-08-09,1,Negative,Borrelia burgdorferi sensu lato,HARV_001.20230809.IXOSCA.N,8,2023
HARV,HARV_001,deciduousForest,202.1,2023-08-09,1,Negative,Ixodes pacificus,HARV_001.20230809.IXOSCA.N,8,2023
HARV,HARV_001,deciduousForest,202.1,2023-08-09,1,Negative,Amblyomma americanum,HARV_001.20230809.IXOSCA.N,8,2023
HARV,HARV_001,deciduousForest,202.1,2023-08-09,1,Negative,Anaplasma phagocytophilum,HARV_001.20230809.IXOSCA.N,8,2023
HARV,HARV_001,deciduousForest,202.1,2023-08-09,1,Negative,Dermacentor variabilis,HARV_001.20230809.IXOSCA.N,8,2023
HARV,HARV_001,deciduousForest,202.1,2023-08-09,1,Negative,Babesia microti,HARV_001.20230809.IXOSCA.N,8,2023
HARV,HARV_001,deciduousForest,202.1,2023-08-09,1,Negative,Borrelia sp.,HARV_001.20230809.IXOSCA.N,8,2023
HARV,HARV_001,deciduousForest,202.1,2023-08-09,1,Negative,Borrelia burgdorferi sensu lato,HARV_001.20230809.IXOSCA.N,8,2023
HARV,HARV_001,deciduousForest,202.1,2023-08-09,1,Positive,Ixodes scapularis,HARV_001.20230809.IXOSCA.N,8,2023
HARV,HARV_001,deciduousForest,202.1,2023-08-09,1,Positive,Borrelia sp.,HARV_001.20230809.IXOSCA.N,8,2023
HARV,HARV_001,deciduousForest,202.1,2023-08-09,1,Negative,Borrelia mayonii,HARV_001.20230809.IXOSCA.N,8,2023
HARV,HARV_001,deciduousForest,202.1,2023-08-09,1,Negative,Dermacentor variabilis,HARV_001.20230809.IXOSCA.N,8,2023
HARV,HARV_001,deciduousForest,202.1,2023-08-09,1,Negative,Borrelia miyamotoi,HARV_001.20230809.IXOSCA.N,8,2023
HARV,HARV_001,deciduousForest,202.1,2023-08-09,1,Positive,Ixodes scapularis,HARV_001.20230809.IXOSCA.N,8,2023
HARV,HARV_001,deciduousForest,202.1,2023-08-09,1,Negative,Dermacentor variabilis,HARV_001.20230809.IXOSCA.N,8,2023
HARV,HARV_001,deciduousForest,202.1,2023-08-09,1,Negative,Amblyomma americanum,HARV_001.20230809.IXOSCA.N,8,2023
HARV,HARV_001,deciduousForest,202.1,2023-08-09,1,Positive,Borrelia burgdorferi sensu lato,HARV_001.20230809.IXOSCA.N,8,2023
HARV,HARV_001,deciduousForest,202.1,2023-08-09,1,Positive,Ixodes scapularis,HARV_001.20230809.IXOSCA.N,8,2023
HARV,HARV_001,deciduousForest,202.1,2023-08-09,1,Negative,Ehrlichia muris-like,HARV_001.20230809.IXOSCA.N,8,2023
HARV,HARV_001,deciduousForest,202.1,2023-08-09,1,Negative,Borrelia sp.,HARV_001.20230809.IXOSCA.N,8,2023
HARV,HARV_001,deciduousForest,202.1,2023-08-09,1,Negative,Anaplasma phagocytophilum,HARV_001.20230809.IXOSCA.N,8,2023
HARV,HARV_001,deciduousForest,202.1,2023-08-09,1,Negative,Ixodes pacificus,HARV_001.20230809.IXOSCA.N,8,2023
HARV,HARV_001,deciduousForest,202.1,2023-08-09,1,Negative,Borrelia miyamotoi,HARV_001.20230809.IXOSCA.N,8,2023
HARV,HARV_001,deciduousForest,202.1,2023-08-09,1,Negative,Ehrlichia muris-like,HARV_001.20230809.IXOSCA.N,8,2023
HARV,HARV_001,deciduousForest,202.1,2023-08-09,1,Positive,Borrelia burgdorferi sensu lato,HARV_001.20230809.IXOSCA.N,8,2023
HARV,HARV_001,deciduousForest,202.1,2023-08-09,1,Negative,Dermacentor variabilis,HARV_001.20230809.IXOSCA.N,8,2023
HARV,HARV_001,deciduousForest,202.1,2023-08-09,1,Negative,Anaplasma phagocytophilum,HARV_001.20230809.IXOSCA.N,8,2023
HARV,HARV_001,deciduousForest,202.1,2023-08-09,1,Negative,Ehrlichia muris-like,HARV_001.20230809.IXOSCA.N,8,2023
HARV,HARV_001,deciduousForest,202.1,2023-08-09,1,Negative,Anaplasma phagocytophilum,HARV_001.20230809.IXOSCA.N,8,2023
HARV,HARV_001,deciduousForest,202.1,2023-08-09,1,Negative,Borrelia miyamotoi,HARV_001.20230809.IXOSCA.N,8,2023
HARV,HARV_001,deciduousForest,202.1,2023-08-09,1,Negative,Ixodes pacificus,HARV_001.20230809.IXOSCA.N,8,2023
HARV,HARV_001,deciduousForest,202.1,2023-08-09,1,Negative,Borrelia miyamotoi,HARV_001.20230809.IXOSCA.N,8,2023
HARV,HARV_001,deciduousForest,202.1,2023-08-09,1,Positive,Borrelia burgdorferi sensu lato,HARV_001.20230809.IXOSCA.N,8,2023
HARV,HARV_001,deciduousForest,202.1,2023-08-09,1,Negative,Anaplasma phagocytophilum,HARV_001.20230809.IXOSCA.N,8,2023
HARV,HARV_001,deciduousForest,202.1,2023-08-09,1,Positive,Borrelia burgdorferi sensu lato,HARV_001.20230809.IXOSCA.N,8,2023
HARV,HARV_001,deciduousForest,202.1,2023-08-09,1,Negative,Borrelia miyamotoi,HARV_001.20230809.IXOSCA.N,8,2023
HARV,HARV_001,deciduousForest,202.1,2023-08-09,1,Positive,Borrelia sp.,HARV_001.20230809.IXOSCA.N,8,2023
HARV,HARV_001,deciduousForest,202.1,2023-08-09,1,Negative,Ehrlichia muris-like,HARV_001.20230809.IXOSCA.N,8,2023
HARV,HARV_001,deciduousForest,202.1,2023-08-09,1,Negative,Dermacentor variabilis,HARV_001.20230809.IXOSCA.N,8,2023
HARV,HARV_001,deciduousForest,202.1,2023-08-09,1,Negative,Babesia microti,HARV_001.20230809.IXOSCA.N,8,2023
HARV,HARV_001,deciduousForest,202.1,2023-08-09,1,Negative,Amblyomma americanum,HARV_001.20230809.IXOSCA.N,8,2023
HARV,HARV_001,deciduousForest,202.1,2023-08-09,1,Positive,Ixodes scapularis,HARV_001.20230809.IXOSCA.N,8,2023
HARV,HARV_001,deciduousForest,202.1,2023-08-09,1,Negative,Ehrlichia muris-like,HARV_001.20230809.IXOSCA.N,8,2023
HARV,HARV_001,deciduousForest,202.1,2023-08-09,1,Negative,Anaplasma phagocytophilum,HARV_001.20230809.IXOSCA.N,8,2023
HARV,HARV_001,deciduousForest,202.1,2023-08-09,1,Positive,Borrelia miyamotoi,HARV_001.20230809.IXOSCA.N,8,2023
HARV,HARV_001,deciduousForest,202.1,2023-08-09,1,Negative,Borrelia mayonii,HARV_001.20230809.IXOSCA.N,8,2023
HARV,HARV_001,deciduousForest,202.1,2023-08-09,1,Negative,Borrelia mayonii,HARV_001.20230809.IXOSCA.N,8,2023
HARV,HARV_001,deciduousForest,202.1,2023-08-09,1,Negative,Ixodes pacificus,HARV_001.20230809.IXOSCA.N,8,2023
HARV,HARV_001,deciduousForest,202.1,2023-08-09,1,Negative,Babesia microti,HARV_001.20230809.IXOSCA.N,8,2023
HARV,HARV_001,deciduousForest,202.1,2023-08-09,1,Negative,Amblyomma americanum,HARV_001.20230809.IXOSCA.N,8,2023
HARV,HARV_001,deciduousForest,202.1,2023-08-09,1,Negative,Babesia microti,HARV_001.20230809.IXOSCA.N,8,2023
HARV,HARV_001,deciduousForest,202.1,2023-08-09,1,Negative,Borrelia mayonii,HARV_001.20230809.IXOSCA.N,8,2023
HARV,HARV_001,deciduousForest,202.1,2023-08-09,1,Negative,Dermacentor variabilis,HARV_001.20230809.IXOSCA.N,8,2023
HARV,HARV_001,deciduousForest,202.1,2023-08-09,1,Negative,Ixodes pacificus,HARV_001.20230809.IXOSCA.N,8,2023
HARV,HARV_001,deciduousForest,202.1,2023-08-09,1,Negative,Dermacentor variabilis,HARV_001.20230809.IXOSCA.N,8,2023
HARV,HARV_001,deciduousForest,202.1,2023-08-09,1,Negative,Borrelia burgdorferi sensu lato,HARV_001.20230809.IXOSCA.N,8,2023
HARV,HARV_001,deciduousForest,202.1,2023-08-09,1,Negative,Amblyomma americanum,HARV_001.20230809.IXOSCA.N,8,2023
HARV,HARV_001,deciduousForest,202.1,2023-08-09,1,Negative,Dermacentor variabilis,HARV_001.20230809.IXOSCA.N,8,2023
HARV,HARV_001,deciduousForest,202.1,2023-08-09,1,Negative,Amblyomma americanum,HARV_001.20230809.IXOSCA.N,8,2023
HARV,HARV_001,deciduousForest,202.1,2023-08-09,1,Negative,Borrelia miyamotoi,HARV_001.20230809.IXOSCA.N,8,2023
HARV,HARV_001,deciduousForest,202.1,2023-08-09,1,Negative,Borrelia miyamotoi,HARV_001.20230809.IXOSCA.N,8,2023
HARV,HARV_001,deciduousForest,202.1,2023-08-09,1,Negative,Anaplasma phagocytophilum,HARV_001.20230809.IXOSCA.N,8,2023
HARV,HARV_001,deciduousForest,202.1,2023-08-09,1,Positive,Borrelia sp.,HARV_001.20230809.IXOSCA.N,8,2023
HARV,HARV_001,deciduousForest,202.1,2023-08-09,1,Negative,Borrelia miyamotoi,HARV_001.20230809.IXOSCA.N,8,2023
HARV,HARV_001,deciduousForest,202.1,2023-08-09,1,Negative,Borrelia sp.,HARV_001.20230809.IXOSCA.N,8,2023
HARV,HARV_001,deciduousForest,202.1,2023-08-09,1,Negative,Borrelia sp.,HARV_001.20230809.IXOSCA.N,8,2023
HARV,HARV_001,deciduousForest,202.1,2023-08-09,1,Negative,Babesia microti,HARV_001.20230809.IXOSCA.N,8,2023
HARV,HARV_001,deciduousForest,202.1,2023-08-09,1,Negative,Ixodes pacificus,HARV_001.20230809.IXOSCA.N,8,2023
HARV,HARV_001,deciduousForest,202.1,2023-08-09,1,Negative,Ixodes pacificus,HARV_001.20230809.IXOSCA.N,8,2023
HARV,HARV_001,deciduousForest,202.1,2023-08-09,1,Positive,Borrelia sp.,HARV_001.20230809.IXOSCA.N,8,2023
HARV,HARV_001,deciduousForest,202.1,2023-08-09,1,Negative,Amblyomma americanum,HARV_001.20230809.IXOSCA.N,8,2023
HARV,HARV_001,deciduousForest,202.1,2023-08-09,1,Negative,Borrelia mayonii,HARV_001.20230809.IXOSCA.N,8,2023
HARV,HARV_001,deciduousForest,202.1,2023-08-09,1,Negative,Babesia microti,HARV_001.20230809.IXOSCA.N,8,2023
HARV,HARV_001,deciduousForest,202.1,2023-08-09,1,Negative,Babesia microti,HARV_001.20230809.IXOSCA.N,8,2023
HARV,HARV_001,deciduousForest,202.1,2023-08-09,1,Negative,Anaplasma phagocytophilum,HARV_001.20230809.IXOSCA.N,8,2023
HARV,HARV_001,deciduousForest,202.1,2023-08-09,1,Negative,Borrelia mayonii,HARV_001.20230809.IXOSCA.N,8,2023
HARV,HARV_001,deciduousForest,202.1,2023-08-09,1,Negative,Anaplasma phagocytophilum,HARV_001.20230809.IXOSCA.N,8,2023
HARV,HARV_001,deciduousForest,202.1,2023-08-09,1,Negative,Ehrlichia muris-like,HARV_001.20230809.IXOSCA.N,8,2023
HARV,HARV_001,deciduousForest,202.1,2023-08-09,1,Negative,Borrelia mayonii,HARV_001.20230809.IXOSCA.N,8,2023
HARV,HARV_001,deciduousForest,202.1,2023-08-09,1,Negative,Amblyomma americanum,HARV_001.20230809.IXOSCA.N,8,2023
HARV,HARV_001,deciduousForest,202.1,2023-08-09,1,Negative,Amblyomma americanum,HARV_001.20230809.IXOSCA.N,8,2023
HARV,HARV_001,deciduousForest,202.1,2023-08-09,1,Negative,Borrelia mayonii,HARV_001.20230809.IXOSCA.N,8,2023
HARV,HARV_001,deciduousForest,202.1,2023-08-09,1,Negative,Ehrlichia muris-like,HARV_001.20230809.IXOSCA.N,8,2023
HARV,HARV_001,deciduousForest,202.1,2023-08-09,1,Negative,Ixodes pacificus,HARV_001.20230809.IXOSCA.N,8,2023
HARV,HARV_001,deciduousForest,202.1,2023-08-09,1,Negative,Anaplasma phagocytophilum,HARV_001.20230809.IXOSCA.N,8,2023
HARV,HARV_001,deciduousForest,202.1,2023-08-09,1,Negative,Babesia microti,HARV_001.20230809.IXOSCA.N,8,2023
HARV,HARV_001,deciduousForest,202.1,2023-08-09,1,Positive,Borrelia sp.,HARV_001.20230809.IXOSCA.N,8,2023
HARV,HARV_001,deciduousForest,202.1,2023-08-09,1,Negative,Anaplasma phagocytophilum,HARV_001.20230809.IXOSCA.N,8,2023
HARV,HARV_001,deciduousForest,202.1,2023-08-09,1,Negative,Borrelia mayonii,HARV_001.20230809.IXOSCA.N,8,2023
HARV,HARV_001,deciduousForest,202.1,2023-08-09,1,Positive,Ixodes scapularis,HARV_001.20230809.IXOSCA.N,8,2023
HARV,HARV_001,deciduousForest,202.1,2023-08-09,1,Positive,Ixodes scapularis,HARV_001.20230809.IXOSCA.N,8,2023
HARV,HARV_001,deciduousForest,202.1,2023-08-09,1,Negative,Borrelia miyamotoi,HARV_001.20230809.IXOSCA.N,8,2023
HARV,HARV_001,deciduousForest,202.1,2023-08-09,1,Positive,Ixodes scapularis,HARV_001.20230809.IXOSCA.N,8,2023
HARV,HARV_001,deciduousForest,202.1,2023-08-09,1,Negative,Ehrlichia muris-like,HARV_001.20230809.IXOSCA.N,8,2023
HARV,HARV_001,deciduousForest,202.1,2023-08-09,1,Negative,Ixodes pacificus,HARV_001.20230809.IXOSCA.N,8,2023
HARV,HARV_001,deciduousForest,202.1,2023-08-09,1,Negative,Borrelia sp.,HARV_001.20230809.IXOSCA.N,8,2023
HARV,HARV_001,deciduousForest,202.1,2023-08-09,1,Negative,Dermacentor variabilis,HARV_001.20230809.IXOSCA.N,8,2023
HARV,HARV_001,deciduousForest,202.1,2023-08-09,1,Positive,Ixodes scapularis,HARV_001.20230809.IXOSCA.N,8,2023
HARV,HARV_001,deciduousForest,202.1,2023-08-09,1,Negative,Dermacentor variabilis,HARV_001.20230809.IXOSCA.N,8,2023
HARV,HARV_001,deciduousForest,202.1,2023-08-09,1,Negative,Borrelia miyamotoi,HARV_001.20230809.IXOSCA.N,8,2023
HARV,HARV_001,deciduousForest,202.1,2023-08-09,1,Negative,Amblyomma americanum,HARV_001.20230809.IXOSCA.N,8,2023
HARV,HARV_001,deciduousForest,202.1,2023-08-09,1,Negative,Amblyomma americanum,HARV_001.20230809.IXOSCA.N,8,2023
HARV,HARV_001,deciduousForest,202.1,2023-08-09,1,Negative,Ehrlichia muris-like,HARV_001.20230809.IXOSCA.N,8,2023
HARV,HARV_001,deciduousForest,202.1,2023-08-09,1,Negative,Ehrlichia muris-like,HARV_001.20230809.IXOSCA.N,8,2023
HARV,HARV_001,deciduousForest,202.1,2023-08-09,1,Negative,Ixodes pacificus,HARV_001.20230809.IXOSCA.N,8,2023
HARV,HARV_001,deciduousForest,202.1,2023-08-09,1,Negative,Ehrlichia muris-like,HARV_001.20230809.IXOSCA.N,8,2023
HARV,HARV_001,deciduousForest,202.1,2023-08-09,1,Negative,Dermacentor variabilis,HARV_001.20230809.IXOSCA.N,8,2023
HARV,HARV_001,deciduousForest,202.1,2023-08-09,1,Negative,Ixodes pacificus,HARV_001.20230809.IXOSCA.N,8,2023
HARV,HARV_001,deciduousForest,202.1,2023-08-09,1,Positive,Ixodes scapularis,HARV_001.20230809.IXOSCA.N,8,2023
HARV,HARV_001,deciduousForest,202.1,2023-08-09,1,Positive,Ixodes scapularis,HARV_001.20230809.IXOSCA.N,8,2023
HARV,HARV_001,deciduousForest,202.1,2023-08-09,1,Positive,Borrelia sp.,HARV_001.20230809.IXOSCA.N,8,2023
HARV,HARV_001,deciduousForest,202.1,2023-08-09,1,Negative,Anaplasma phagocytophilum,HARV_001.20230809.IXOSCA.N,8,2023
HARV,HARV_001,deciduousForest,202.1,2023-08-09,1,Positive,Borrelia burgdorferi sensu lato,HARV_001.20230809.IXOSCA.N,8,2023
HARV,HARV_001,deciduousForest,202.1,2023-08-09,1,Negative,Ixodes pacificus,HARV_001.20230809.IXOSCA.N,8,2023
HARV,HARV_001,deciduousForest,202.1,2023-08-09,1,Negative,Babesia microti,HARV_001.20230809.IXOSCA.N,8,2023
HARV,HARV_001,deciduousForest,202.1,2023-08-09,1,Negative,Borrelia mayonii,HARV_001.20230809.IXOSCA.N,8,2023
HARV,HARV_001,deciduousForest,202.1,2023-08-09,1,Negative,Borrelia sp.,HARV_001.20230809.IXOSCA.N,8,2023
HARV,HARV_001,deciduousForest,202.1,2023-08-09,1,Negative,Babesia microti,HARV_001.20230809.IXOSCA.N,8,2023
HARV,HARV_001,deciduousForest,202.1,2023-08-09,1,Negative,Borrelia mayonii,HARV_001.20230809.IXOSCA.N,8,2023
HARV,HARV_001,deciduousForest,202.1,2023-08-09,1,Negative,Amblyomma americanum,HARV_001.20230809.IXOSCA.N,8,2023
HARV,HARV_001,deciduousForest,202.1,2023-08-09,1,Negative,Borrelia miyamotoi,HARV_001.20230809.IXOSCA.N,8,2023
HARV,HARV_001,deciduousForest,202.1,2023-08-09,1,Negative,Borrelia burgdorferi sensu lato,HARV_001.20230809.IXOSCA.N,8,2023
HARV,HARV_001,deciduousForest,202.1,2023-08-09,1,Negative,Borrelia mayonii,HARV_001.20230809.IXOSCA.N,8,2023
HARV,HARV_001,deciduousForest,202.1,2023-08-09,1,Positive,Ixodes scapularis,HARV_001.20230809.IXOSCA.N,8,2023
HARV,HARV_001,deciduousForest,202.1,2023-08-09,1,Positive,Ixodes scapularis,HARV_001.20230809.IXOSCA.N,8,2023
HARV,HARV_001,deciduousForest,202.1,2023-08-09,1,Negative,Dermacentor variabilis,HARV_001.20230809.IXOSCA.N,8,2023
HARV,HARV_001,deciduousForest,202.1,2023-08-09,1,Negative,Borrelia burgdorferi sensu lato,HARV_001.20230809.IXOSCA.N,8,2023
HARV,HARV_001,deciduousForest,202.1,2023-08-09,1,Negative,Borrelia burgdorferi sensu lato,HARV_001.20230809.IXOSCA.N,8,2023
HARV,HARV_001,deciduousForest,202.1,2023-08-09,1,Negative,Babesia microti,HARV_001.20230809.IXOSCA.N,8,2023
HARV,HARV_001,deciduousForest,202.1,2023-08-09,1,Negative,Babesia microti,HARV_001.20230809.IXOSCA.N,8,2023
HARV,HARV_001,deciduousForest,202.1,2023-08-09,1,Negative,Ehrlichia muris-like,HARV_001.20230809.IXOSCA.N,8,2023
HARV,HARV_006,deciduousForest,190.8,2023-08-09,1,Negative,Dermacentor variabilis,HARV_006.20230809.IXOSCA.N,8,2023
HARV,HARV_006,deciduousForest,190.8,2023-08-09,1,Negative,Borrelia miyamotoi,HARV_006.20230809.IXOSCA.N,8,2023
HARV,HARV_006,deciduousForest,190.8,2023-08-09,1,Negative,Borrelia mayonii,HARV_006.20230809.IXOSCA.N,8,2023
HARV,HARV_006,deciduousForest,190.8,2023-08-09,1,Negative,Ixodes pacificus,HARV_006.20230809.IXOSCA.N,8,2023
HARV,HARV_006,deciduousForest,190.8,2023-08-09,1,Negative,Amblyomma americanum,HARV_006.20230809.IXOSCA.N,8,2023
HARV,HARV_006,deciduousForest,190.8,2023-08-09,1,Negative,Borrelia burgdorferi sensu lato,HARV_006.20230809.IXOSCA.N,8,2023
HARV,HARV_006,deciduousForest,190.8,2023-08-09,1,Negative,Borrelia sp.,HARV_006.20230809.IXOSCA.N,8,2023
HARV,HARV_006,deciduousForest,190.8,2023-08-09,1,Negative,Dermacentor variabilis,HARV_006.20230809.IXOSCA.N,8,2023
HARV,HARV_006,deciduousForest,190.8,2023-08-09,1,Negative,Borrelia miyamotoi,HARV_006.20230809.IXOSCA.N,8,2023
HARV,HARV_006,deciduousForest,190.8,2023-08-09,1,Negative,Babesia microti,HARV_006.20230809.IXOSCA.N,8,2023
HARV,HARV_006,deciduousForest,190.8,2023-08-09,1,Negative,Anaplasma phagocytophilum,HARV_006.20230809.IXOSCA.N,8,2023
HARV,HARV_006,deciduousForest,190.8,2023-08-09,1,Negative,Borrelia sp.,HARV_006.20230809.IXOSCA.N,8,2023
HARV,HARV_006,deciduousForest,190.8,2023-08-09,1,Negative,Ehrlichia muris-like,HARV_006.20230809.IXOSCA.N,8,2023
HARV,HARV_006,deciduousForest,190.8,2023-08-09,1,Positive,Ixodes scapularis,HARV_006.20230809.IXOSCA.N,8,2023
HARV,HARV_006,deciduousForest,190.8,2023-08-09,1,Negative,Ehrlichia muris-like,HARV_006.20230809.IXOSCA.N,8,2023
HARV,HARV_006,deciduousForest,190.8,2023-08-09,1,Negative,Borrelia burgdorferi sensu lato,HARV_006.20230809.IXOSCA.N,8,2023
HARV,HARV_006,deciduousForest,190.8,2023-08-09,1,Negative,Anaplasma phagocytophilum,HARV_006.20230809.IXOSCA.N,8,2023
HARV,HARV_006,deciduousForest,190.8,2023-08-09,1,Positive,Ixodes scapularis,HARV_006.20230809.IXOSCA.N,8,2023
HARV,HARV_006,deciduousForest,190.8,2023-08-09,1,Negative,Babesia microti,HARV_006.20230809.IXOSCA.N,8,2023
HARV,HARV_006,deciduousForest,190.8,2023-08-09,1,Negative,Dermacentor variabilis,HARV_006.20230809.IXOSCA.N,8,2023
HARV,HARV_006,deciduousForest,190.8,2023-08-09,1,Positive,Ixodes scapularis,HARV_006.20230809.IXOSCA.N,8,2023
HARV,HARV_006,deciduousForest,190.8,2023-08-09,1,Positive,Ixodes scapularis,HARV_006.20230809.IXOSCA.N,8,2023
HARV,HARV_006,deciduousForest,190.8,2023-08-09,1,Negative,Babesia microti,HARV_006.20230809.IXOSCA.N,8,2023
HARV,HARV_006,deciduousForest,190.8,2023-08-09,1,Negative,Dermacentor variabilis,HARV_006.20230809.IXOSCA.N,8,2023
HARV,HARV_006,deciduousForest,190.8,2023-08-09,1,Negative,Borrelia mayonii,HARV_006.20230809.IXOSCA.N,8,2023
HARV,HARV_006,deciduousForest,190.8,2023-08-09,1,Positive,Ixodes scapularis,HARV_006.20230809.IXOSCA.N,8,2023
HARV,HARV_006,deciduousForest,190.8,2023-08-09,1,Positive,Ixodes scapularis,HARV_006.20230809.IXOSCA.N,8,2023
HARV,HARV_006,deciduousForest,190.8,2023-08-09,1,Negative,Borrelia miyamotoi,HARV_006.20230809.IXOSCA.N,8,2023
HARV,HARV_006,deciduousForest,190.8,2023-08-09,1,Negative,Borrelia miyamotoi,HARV_006.20230809.IXOSCA.N,8,2023
HARV,HARV_006,deciduousForest,190.8,2023-08-09,1,Negative,Amblyomma americanum,HARV_006.20230809.IXOSCA.N,8,2023
HARV,HARV_006,deciduousForest,190.8,2023-08-09,1,Negative,Babesia microti,HARV_006.20230809.IXOSCA.N,8,2023
HARV,HARV_006,deciduousForest,190.8,2023-08-09,1,Negative,Borrelia miyamotoi,HARV_006.20230809.IXOSCA.N,8,2023
HARV,HARV_006,deciduousForest,190.8,2023-08-09,1,Negative,Borrelia burgdorferi sensu lato,HARV_006.20230809.IXOSCA.N,8,2023
HARV,HARV_006,deciduousForest,190.8,2023-08-09,1,Negative,Ixodes pacificus,HARV_006.20230809.IXOSCA.N,8,2023
HARV,HARV_006,deciduousForest,190.8,2023-08-09,1,Negative,Ehrlichia muris-like,HARV_006.20230809.IXOSCA.N,8,2023
HARV,HARV_006,deciduousForest,190.8,2023-08-09,1,Positive,Borrelia sp.,HARV_006.20230809.IXOSCA.N,8,2023
HARV,HARV_006,deciduousForest,190.8,2023-08-09,1,Negative,Amblyomma americanum,HARV_006.20230809.IXOSCA.N,8,2023
HARV,HARV_006,deciduousForest,190.8,2023-08-09,1,Negative,Babesia microti,HARV_006.20230809.IXOSCA.N,8,2023
HARV,HARV_006,deciduousForest,190.8,2023-08-09,1,Negative,Dermacentor variabilis,HARV_006.20230809.IXOSCA.N,8,2023
HARV,HARV_006,deciduousForest,190.8,2023-08-09,1,Negative,Anaplasma phagocytophilum,HARV_006.20230809.IXOSCA.N,8,2023
HARV,HARV_006,deciduousForest,190.8,2023-08-09,1,Negative,Borrelia mayonii,HARV_006.20230809.IXOSCA.N,8,2023
HARV,HARV_006,deciduousForest,190.8,2023-08-09,1,Negative,Ehrlichia muris-like,HARV_006.20230809.IXOSCA.N,8,2023
HARV,HARV_006,deciduousForest,190.8,2023-08-09,1,Negative,Borrelia miyamotoi,HARV_006.20230809.IXOSCA.N,8,2023
HARV,HARV_006,deciduousForest,190.8,2023-08-09,1,Negative,Babesia microti,HARV_006.20230809.IXOSCA.N,8,2023
HARV,HARV_006,deciduousForest,190.8,2023-08-09,1,Negative,Ixodes pacificus,HARV_006.20230809.IXOSCA.N,8,2023
HARV,HARV_006,deciduousForest,190.8,2023-08-09,1,Negative,Amblyomma americanum,HARV_006.20230809.IXOSCA.N,8,2023
HARV,HARV_006,deciduousForest,190.8,2023-08-09,1,Negative,Ixodes pacificus,HARV_006.20230809.IXOSCA.N,8,2023
HARV,HARV_006,deciduousForest,190.8,2023-08-09,1,Negative,Borrelia sp.,HARV_006.20230809.IXOSCA.N,8,2023
HARV,HARV_006,deciduousForest,190.8,2023-08-09,1,Negative,Borrelia burgdorferi sensu lato,HARV_006.20230809.IXOSCA.N,8,2023
HARV,HARV_006,deciduousForest,190.8,2023-08-09,1,Negative,Dermacentor variabilis,HARV_006.20230809.IXOSCA.N,8,2023
HARV,HARV_006,deciduousForest,190.8,2023-08-09,1,Negative,Borrelia miyamotoi,HARV_006.20230809.IXOSCA.N,8,2023
HARV,HARV_006,deciduousForest,190.8,2023-08-09,1,Positive,Ixodes scapularis,HARV_006.20230809.IXOSCA.N,8,2023
HARV,HARV_006,deciduousForest,190.8,2023-08-09,1,Negative,Borrelia mayonii,HARV_006.20230809.IXOSCA.N,8,2023
HARV,HARV_006,deciduousForest,190.8,2023-08-09,1,Negative,Ehrlichia muris-like,HARV_006.20230809.IXOSCA.N,8,2023
HARV,HARV_006,deciduousForest,190.8,2023-08-09,1,Negative,Ixodes pacificus,HARV_006.20230809.IXOSCA.N,8,2023
HARV,HARV_006,deciduousForest,190.8,2023-08-09,1,Negative,Ixodes pacificus,HARV_006.20230809.IXOSCA.N,8,2023
HARV,HARV_006,deciduousForest,190.8,2023-08-09,1,Negative,Borrelia miyamotoi,HARV_006.20230809.IXOSCA.N,8,2023
HARV,HARV_006,deciduousForest,190.8,2023-08-09,1,Negative,Borrelia sp.,HARV_006.20230809.IXOSCA.N,8,2023
HARV,HARV_006,deciduousForest,190.8,2023-08-09,1,Positive,Ixodes scapularis,HARV_006.20230809.IXOSCA.N,8,2023
HARV,HARV_006,deciduousForest,190.8,2023-08-09,1,Negative,Anaplasma phagocytophilum,HARV_006.20230809.IXOSCA.N,8,2023
HARV,HARV_006,deciduousForest,190.8,2023-08-09,1,Negative,Borrelia burgdorferi sensu lato,HARV_006.20230809.IXOSCA.N,8,2023
HARV,HARV_006,deciduousForest,190.8,2023-08-09,1,Negative,Borrelia burgdorferi sensu lato,HARV_006.20230809.IXOSCA.N,8,2023
HARV,HARV_006,deciduousForest,190.8,2023-08-09,1,Negative,Ehrlichia muris-like,HARV_006.20230809.IXOSCA.N,8,2023
HARV,HARV_006,deciduousForest,190.8,2023-08-09,1,Negative,Borrelia sp.,HARV_006.20230809.IXOSCA.N,8,2023
HARV,HARV_006,deciduousForest,190.8,2023-08-09,1,Negative,Borrelia mayonii,HARV_006.20230809.IXOSCA.N,8,2023
HARV,HARV_006,deciduousForest,190.8,2023-08-09,1,Negative,Borrelia burgdorferi sensu lato,HARV_006.20230809.IXOSCA.N,8,2023
HARV,HARV_006,deciduousForest,190.8,2023-08-09,1,Positive,Borrelia burgdorferi sensu lato,HARV_006.20230809.IXOSCA.N,8,2023
HARV,HARV_006,deciduousForest,190.8,2023-08-09,1,Negative,Ehrlichia muris-like,HARV_006.20230809.IXOSCA.N,8,2023
HARV,HARV_006,deciduousForest,190.8,2023-08-09,1,Negative,Borrelia mayonii,HARV_006.20230809.IXOSCA.N,8,2023
HARV,HARV_006,deciduousForest,190.8,2023-08-09,1,Negative,Babesia microti,HARV_006.20230809.IXOSCA.N,8,2023
HARV,HARV_006,deciduousForest,190.8,2023-08-09,1,Negative,Amblyomma americanum,HARV_006.20230809.IXOSCA.N,8,2023
HARV,HARV_006,deciduousForest,190.8,2023-08-09,1,Negative,Borrelia sp.,HARV_006.20230809.IXOSCA.N,8,2023
HARV,HARV_006,deciduousForest,190.8,2023-08-09,1,Negative,Amblyomma americanum,HARV_006.20230809.IXOSCA.N,8,2023
HARV,HARV_006,deciduousForest,190.8,2023-08-09,1,Negative,Dermacentor variabilis,HARV_006.20230809.IXOSCA.N,8,2023
HARV,HARV_006,deciduousForest,190.8,2023-08-09,1,Negative,Dermacentor variabilis,HARV_006.20230809.IXOSCA.N,8,2023
HARV,HARV_006,deciduousForest,190.8,2023-08-09,1,Negative,Ixodes pacificus,HARV_006.20230809.IXOSCA.N,8,2023
HARV,HARV_006,deciduousForest,190.8,2023-08-09,1,Negative,Borrelia mayonii,HARV_006.20230809.IXOSCA.N,8,2023
HARV,HARV_006,deciduousForest,190.8,2023-08-09,1,Negative,Dermacentor variabilis,HARV_006.20230809.IXOSCA.N,8,2023
HARV,HARV_006,deciduousForest,190.8,2023-08-09,1,Negative,Anaplasma phagocytophilum,HARV_006.20230809.IXOSCA.N,8,2023
HARV,HARV_006,deciduousForest,190.8,2023-08-09,1,Negative,Borrelia sp.,HARV_006.20230809.IXOSCA.N,8,2023
HARV,HARV_006,deciduousForest,190.8,2023-08-09,1,Negative,Anaplasma phagocytophilum,HARV_006.20230809.IXOSCA.N,8,2023
HARV,HARV_006,deciduousForest,190.8,2023-08-09,1,Negative,Anaplasma phagocytophilum,HARV_006.20230809.IXOSCA.N,8,2023
HARV,HARV_006,deciduousForest,190.8,2023-08-09,1,Negative,Amblyomma americanum,HARV_006.20230809.IXOSCA.N,8,2023
HARV,HARV_006,deciduousForest,190.8,2023-08-09,1,Negative,Borrelia miyamotoi,HARV_006.20230809.IXOSCA.N,8,2023
HARV,HARV_006,deciduousForest,190.8,2023-08-09,1,Negative,Anaplasma phagocytophilum,HARV_006.20230809.IXOSCA.N,8,2023
HARV,HARV_006,deciduousForest,190.8,2023-08-09,1,Negative,Ehrlichia muris-like,HARV_006.20230809.IXOSCA.N,8,2023
HARV,HARV_006,deciduousForest,190.8,2023-08-09,1,Negative,Borrelia mayonii,HARV_006.20230809.IXOSCA.N,8,2023
HARV,HARV_006,deciduousForest,190.8,2023-08-09,1,Negative,Borrelia sp.,HARV_006.20230809.IXOSCA.N,8,2023
HARV,HARV_006,deciduousForest,190.8,2023-08-09,1,Negative,Ixodes pacificus,HARV_006.20230809.IXOSCA.N,8,2023
HARV,HARV_006,deciduousForest,190.8,2023-08-09,1,Negative,Amblyomma americanum,HARV_006.20230809.IXOSCA.N,8,2023
HARV,HARV_006,deciduousForest,190.8,2023-08-09,1,Negative,Babesia microti,HARV_006.20230809.IXOSCA.N,8,2023
HARV,HARV_006,deciduousForest,190.8,2023-08-09,1,Negative,Babesia microti,HARV_006.20230809.IXOSCA.N,8,2023
HARV,HARV_006,deciduousForest,190.8,2023-08-09,1,Negative,Borrelia burgdorferi sensu lato,HARV_006.20230809.IXOSCA.N,8,2023
HARV,HARV_006,deciduousForest,190.8,2023-08-09,1,Positive,Ixodes scapularis,HARV_006.20230809.IXOSCA.N,8,2023
HARV,HARV_006,deciduousForest,190.8,2023-08-09,1,Negative,Amblyomma americanum,HARV_006.20230809.IXOSCA.N,8,2023
HARV,HARV_006,deciduousForest,190.8,2023-08-09,1,Negative,Borrelia mayonii,HARV_006.20230809.IXOSCA.N,8,2023
HARV,HARV_006,deciduousForest,190.8,2023-08-09,1,Negative,Ixodes pacificus,HARV_006.20230809.IXOSCA.N,8,2023
HARV,HARV_006,deciduousForest,190.8,2023-08-09,1,Negative,Anaplasma phagocytophilum,HARV_006.20230809.IXOSCA.N,8,2023
HARV,HARV_006,deciduousForest,190.8,2023-08-09,1,Negative,Ehrlichia muris-like,HARV_006.20230809.IXOSCA.N,8,2023
HARV,HARV_004,mixedForest,182.6,2023-08-09,1,Negative,Ixodes pacificus,HARV_004.20230809.IXOSCA.N,8,2023
HARV,HARV_004,mixedForest,182.6,2023-08-09,1,Positive,Ixodes scapularis,HARV_004.20230809.IXOSCA.N,8,2023
HARV,HARV_004,mixedForest,182.6,2023-08-09,1,Negative,Ehrlichia muris-like,HARV_004.20230809.IXOSCA.N,8,2023
HARV,HARV_004,mixedForest,182.6,2023-08-09,1,Negative,Amblyomma americanum,HARV_004.20230809.IXOSCA.N,8,2023
HARV,HARV_004,mixedForest,182.6,2023-08-09,1,Negative,Borrelia miyamotoi,HARV_004.20230809.IXOSCA.N,8,2023
HARV,HARV_004,mixedForest,182.6,2023-08-09,1,Negative,Ixodes pacificus,HARV_004.20230809.IXOSCA.N,8,2023
HARV,HARV_004,mixedForest,182.6,2023-08-09,1,Negative,Borrelia mayonii,HARV_004.20230809.IXOSCA.N,8,2023
HARV,HARV_004,mixedForest,182.6,2023-08-09,1,Negative,Dermacentor variabilis,HARV_004.20230809.IXOSCA.N,8,2023
HARV,HARV_004,mixedForest,182.6,2023-08-09,1,Negative,Dermacentor variabilis,HARV_004.20230809.IXOSCA.N,8,2023
HARV,HARV_004,mixedForest,182.6,2023-08-09,1,Negative,Babesia microti,HARV_004.20230809.IXOSCA.N,8,2023
HARV,HARV_004,mixedForest,182.6,2023-08-09,1,Negative,Ehrlichia muris-like,HARV_004.20230809.IXOSCA.N,8,2023
HARV,HARV_004,mixedForest,182.6,2023-08-09,1,Negative,Ehrlichia muris-like,HARV_004.20230809.IXOSCA.N,8,2023
HARV,HARV_004,mixedForest,182.6,2023-08-09,1,Negative,Dermacentor variabilis,HARV_004.20230809.IXOSCA.N,8,2023
HARV,HARV_004,mixedForest,182.6,2023-08-09,1,Negative,Borrelia sp.,HARV_004.20230809.IXOSCA.N,8,2023
HARV,HARV_004,mixedForest,182.6,2023-08-09,1,Negative,Borrelia sp.,HARV_004.20230809.IXOSCA.N,8,2023
HARV,HARV_004,mixedForest,182.6,2023-08-09,1,Negative,Borrelia miyamotoi,HARV_004.20230809.IXOSCA.N,8,2023
HARV,HARV_004,mixedForest,182.6,2023-08-09,1,Negative,Anaplasma phagocytophilum,HARV_004.20230809.IXOSCA.N,8,2023
HARV,HARV_004,mixedForest,182.6,2023-08-09,1,Negative,Ixodes pacificus,HARV_004.20230809.IXOSCA.N,8,2023
HARV,HARV_004,mixedForest,182.6,2023-08-09,1,Negative,Borrelia burgdorferi sensu lato,HARV_004.20230809.IXOSCA.N,8,2023
HARV,HARV_004,mixedForest,182.6,2023-08-09,1,Positive,Ixodes scapularis,HARV_004.20230809.IXOSCA.N,8,2023
HARV,HARV_004,mixedForest,182.6,2023-08-09,1,Negative,Anaplasma phagocytophilum,HARV_004.20230809.IXOSCA.N,8,2023
HARV,HARV_004,mixedForest,182.6,2023-08-09,1,Negative,Ehrlichia muris-like,HARV_004.20230809.IXOSCA.N,8,2023
HARV,HARV_004,mixedForest,182.6,2023-08-09,1,Negative,Dermacentor variabilis,HARV_004.20230809.IXOSCA.N,8,2023
HARV,HARV_004,mixedForest,182.6,2023-08-09,1,Negative,Amblyomma americanum,HARV_004.20230809.IXOSCA.N,8,2023
HARV,HARV_004,mixedForest,182.6,2023-08-09,1,Negative,Anaplasma phagocytophilum,HARV_004.20230809.IXOSCA.N,8,2023
HARV,HARV_004,mixedForest,182.6,2023-08-09,1,Negative,Borrelia mayonii,HARV_004.20230809.IXOSCA.N,8,2023
HARV,HARV_004,mixedForest,182.6,2023-08-09,1,Negative,Amblyomma americanum,HARV_004.20230809.IXOSCA.N,8,2023
HARV,HARV_004,mixedForest,182.6,2023-08-09,1,Positive,Ixodes scapularis,HARV_004.20230809.IXOSCA.N,8,2023
HARV,HARV_004,mixedForest,182.6,2023-08-09,1,Negative,Borrelia miyamotoi,HARV_004.20230809.IXOSCA.N,8,2023
HARV,HARV_004,mixedForest,182.6,2023-08-09,1,Negative,Borrelia mayonii,HARV_004.20230809.IXOSCA.N,8,2023
HARV,HARV_004,mixedForest,182.6,2023-08-09,1,Positive,Ixodes scapularis,HARV_004.20230809.IXOSCA.N,8,2023
HARV,HARV_004,mixedForest,182.6,2023-08-09,1,Negative,Anaplasma phagocytophilum,HARV_004.20230809.IXOSCA.N,8,2023
HARV,HARV_004,mixedForest,182.6,2023-08-09,1,Negative,Borrelia mayonii,HARV_004.20230809.IXOSCA.N,8,2023
HARV,HARV_004,mixedForest,182.6,2023-08-09,1,Negative,Borrelia sp.,HARV_004.20230809.IXOSCA.N,8,2023
HARV,HARV_004,mixedForest,182.6,2023-08-09,1,Negative,Babesia microti,HARV_004.20230809.IXOSCA.N,8,2023
HARV,HARV_004,mixedForest,182.6,2023-08-09,1,Negative,Borrelia burgdorferi sensu lato,HARV_004.20230809.IXOSCA.N,8,2023
HARV,HARV_004,mixedForest,182.6,2023-08-09,1,Negative,Amblyomma americanum,HARV_004.20230809.IXOSCA.N,8,2023
HARV,HARV_004,mixedForest,182.6,2023-08-09,1,Negative,Borrelia sp.,HARV_004.20230809.IXOSCA.N,8,2023
HARV,HARV_004,mixedForest,182.6,2023-08-09,1,Negative,Borrelia burgdorferi sensu lato,HARV_004.20230809.IXOSCA.N,8,2023
HARV,HARV_004,mixedForest,182.6,2023-08-09,1,Negative,Ixodes pacificus,HARV_004.20230809.IXOSCA.N,8,2023
HARV,HARV_004,mixedForest,182.6,2023-08-09,1,Negative,Babesia microti,HARV_004.20230809.IXOSCA.N,8,2023
HARV,HARV_004,mixedForest,182.6,2023-08-09,1,Negative,Babesia microti,HARV_004.20230809.IXOSCA.N,8,2023
HARV,HARV_004,mixedForest,182.6,2023-08-09,1,Negative,Borrelia burgdorferi sensu lato,HARV_004.20230809.IXOSCA.N,8,2023
HARV,HARV_004,mixedForest,182.6,2023-08-09,1,Negative,Borrelia miyamotoi,HARV_004.20230809.IXOSCA.N,8,2023
HARV,HARV_026,evergreenForest,187.3,2023-08-28,1,Negative,Anaplasma phagocytophilum,HARV_026.20230828.IXOSCA.N,8,2023
HARV,HARV_026,evergreenForest,187.3,2023-08-28,1,Negative,Borrelia mayonii,HARV_026.20230828.IXOSCA.N,8,2023
HARV,HARV_026,evergreenForest,187.3,2023-08-28,1,Positive,Ixodes scapularis,HARV_026.20230828.IXOSCA.N,8,2023
HARV,HARV_026,evergreenForest,187.3,2023-08-28,1,Negative,Borrelia sp.,HARV_026.20230828.IXOSCA.N,8,2023
HARV,HARV_026,evergreenForest,187.3,2023-08-28,1,Negative,Ixodes pacificus,HARV_026.20230828.IXOSCA.N,8,2023
HARV,HARV_026,evergreenForest,187.3,2023-08-28,1,Negative,Babesia microti,HARV_026.20230828.IXOSCA.N,8,2023
HARV,HARV_026,evergreenForest,187.3,2023-08-28,1,Negative,Borrelia burgdorferi sensu lato,HARV_026.20230828.IXOSCA.N,8,2023
HARV,HARV_026,evergreenForest,187.3,2023-08-28,1,Negative,Amblyomma americanum,HARV_026.20230828.IXOSCA.N,8,2023
HARV,HARV_026,evergreenForest,187.3,2023-08-28,1,Negative,Dermacentor variabilis,HARV_026.20230828.IXOSCA.N,8,2023
HARV,HARV_026,evergreenForest,187.3,2023-08-28,1,Negative,Borrelia miyamotoi,HARV_026.20230828.IXOSCA.N,8,2023
HARV,HARV_026,evergreenForest,187.3,2023-08-28,1,Negative,Ehrlichia muris-like,HARV_026.20230828.IXOSCA.N,8,2023
HARV,HARV_001,deciduousForest,202.1,2023-08-28,1,Negative,Dermacentor variabilis,HARV_001.20230828.IXOSCA.N,8,2023
HARV,HARV_001,deciduousForest,202.1,2023-08-28,1,Negative,Borrelia mayonii,HARV_001.20230828.IXOSCA.N,8,2023
HARV,HARV_001,deciduousForest,202.1,2023-08-28,1,Positive,Borrelia burgdorferi sensu lato,HARV_001.20230828.IXOSCA.N,8,2023
HARV,HARV_001,deciduousForest,202.1,2023-08-28,1,Negative,Amblyomma americanum,HARV_001.20230828.IXOSCA.N,8,2023
HARV,HARV_001,deciduousForest,202.1,2023-08-28,1,Negative,Dermacentor variabilis,HARV_001.20230828.IXOSCA.N,8,2023
HARV,HARV_001,deciduousForest,202.1,2023-08-28,1,Negative,Ehrlichia muris-like,HARV_001.20230828.IXOSCA.N,8,2023
HARV,HARV_001,deciduousForest,202.1,2023-08-28,1,Positive,Borrelia sp.,HARV_001.20230828.IXOSCA.N,8,2023
HARV,HARV_001,deciduousForest,202.1,2023-08-28,1,Negative,Amblyomma americanum,HARV_001.20230828.IXOSCA.N,8,2023
HARV,HARV_001,deciduousForest,202.1,2023-08-28,1,Positive,Ixodes scapularis,HARV_001.20230828.IXOSCA.N,8,2023
HARV,HARV_001,deciduousForest,202.1,2023-08-28,1,Negative,Anaplasma phagocytophilum,HARV_001.20230828.IXOSCA.N,8,2023
HARV,HARV_001,deciduousForest,202.1,2023-08-28,1,Negative,Ixodes pacificus,HARV_001.20230828.IXOSCA.N,8,2023
HARV,HARV_001,deciduousForest,202.1,2023-08-28,1,Negative,Borrelia burgdorferi sensu lato,HARV_001.20230828.IXOSCA.N,8,2023
HARV,HARV_001,deciduousForest,202.1,2023-08-28,1,Negative,Ehrlichia muris-like,HARV_001.20230828.IXOSCA.N,8,2023
HARV,HARV_001,deciduousForest,202.1,2023-08-28,1,Negative,Borrelia sp.,HARV_001.20230828.IXOSCA.N,8,2023
HARV,HARV_001,deciduousForest,202.1,2023-08-28,1,Negative,Anaplasma phagocytophilum,HARV_001.20230828.IXOSCA.N,8,2023
HARV,HARV_001,deciduousForest,202.1,2023-08-28,1,Negative,Babesia microti,HARV_001.20230828.IXOSCA.N,8,2023
HARV,HARV_001,deciduousForest,202.1,2023-08-28,1,Negative,Borrelia miyamotoi,HARV_001.20230828.IXOSCA.N,8,2023
HARV,HARV_001,deciduousForest,202.1,2023-08-28,1,Negative,Borrelia miyamotoi,HARV_001.20230828.IXOSCA.N,8,2023
HARV,HARV_001,deciduousForest,202.1,2023-08-28,1,Negative,Borrelia mayonii,HARV_001.20230828.IXOSCA.N,8,2023
HARV,HARV_001,deciduousForest,202.1,2023-08-28,1,Negative,Ixodes pacificus,HARV_001.20230828.IXOSCA.N,8,2023
HARV,HARV_001,deciduousForest,202.1,2023-08-28,1,Positive,Ixodes scapularis,HARV_001.20230828.IXOSCA.N,8,2023
HARV,HARV_001,deciduousForest,202.1,2023-08-28,1,Negative,Babesia microti,HARV_001.20230828.IXOSCA.N,8,2023
HARV,HARV_004,mixedForest,182.6,2023-08-28,1,Negative,Borrelia mayonii,HARV_004.20230828.IXOSCA.N,8,2023
HARV,HARV_004,mixedForest,182.6,2023-08-28,1,Negative,Babesia microti,HARV_004.20230828.IXOSCA.N,8,2023
HARV,HARV_004,mixedForest,182.6,2023-08-28,1,Negative,Dermacentor variabilis,HARV_004.20230828.IXOSCA.N,8,2023
HARV,HARV_004,mixedForest,182.6,2023-08-28,1,Negative,Dermacentor variabilis,HARV_004.20230828.IXOSCA.N,8,2023
HARV,HARV_004,mixedForest,182.6,2023-08-28,1,Negative,Anaplasma phagocytophilum,HARV_004.20230828.IXOSCA.N,8,2023
HARV,HARV_004,mixedForest,182.6,2023-08-28,1,Negative,Ixodes pacificus,HARV_004.20230828.IXOSCA.N,8,2023
HARV,HARV_004,mixedForest,182.6,2023-08-28,1,Negative,Amblyomma americanum,HARV_004.20230828.IXOSCA.N,8,2023
HARV,HARV_004,mixedForest,182.6,2023-08-28,1,Negative,Borrelia miyamotoi,HARV_004.20230828.IXOSCA.N,8,2023
HARV,HARV_004,mixedForest,182.6,2023-08-28,1,Negative,Ehrlichia muris-like,HARV_004.20230828.IXOSCA.N,8,2023
HARV,HARV_004,mixedForest,182.6,2023-08-28,1,Negative,Ixodes pacificus,HARV_004.20230828.IXOSCA.N,8,2023
HARV,HARV_004,mixedForest,182.6,2023-08-28,1,Negative,Amblyomma americanum,HARV_004.20230828.IXOSCA.N,8,2023
HARV,HARV_004,mixedForest,182.6,2023-08-28,1,Negative,Amblyomma americanum,HARV_004.20230828.IXOSCA.N,8,2023
HARV,HARV_004,mixedForest,182.6,2023-08-28,1,Negative,Dermacentor variabilis,HARV_004.20230828.IXOSCA.N,8,2023
HARV,HARV_004,mixedForest,182.6,2023-08-28,1,Negative,Anaplasma phagocytophilum,HARV_004.20230828.IXOSCA.N,8,2023
HARV,HARV_004,mixedForest,182.6,2023-08-28,1,Negative,Borrelia mayonii,HARV_004.20230828.IXOSCA.N,8,2023
HARV,HARV_004,mixedForest,182.6,2023-08-28,1,Negative,Borrelia miyamotoi,HARV_004.20230828.IXOSCA.N,8,2023
HARV,HARV_004,mixedForest,182.6,2023-08-28,1,Negative,Ixodes pacificus,HARV_004.20230828.IXOSCA.N,8,2023
HARV,HARV_004,mixedForest,182.6,2023-08-28,1,Positive,Ixodes scapularis,HARV_004.20230828.IXOSCA.N,8,2023
HARV,HARV_004,mixedForest,182.6,2023-08-28,1,Negative,Anaplasma phagocytophilum,HARV_004.20230828.IXOSCA.N,8,2023
HARV,HARV_004,mixedForest,182.6,2023-08-28,1,Negative,Ehrlichia muris-like,HARV_004.20230828.IXOSCA.N,8,2023
HARV,HARV_004,mixedForest,182.6,2023-08-28,1,Negative,Borrelia burgdorferi sensu lato,HARV_004.20230828.IXOSCA.N,8,2023
HARV,HARV_004,mixedForest,182.6,2023-08-28,1,Negative,Dermacentor variabilis,HARV_004.20230828.IXOSCA.N,8,2023
HARV,HARV_004,mixedForest,182.6,2023-08-28,1,Negative,Borrelia burgdorferi sensu lato,HARV_004.20230828.IXOSCA.N,8,2023
HARV,HARV_004,mixedForest,182.6,2023-08-28,1,Negative,Borrelia miyamotoi,HARV_004.20230828.IXOSCA.N,8,2023
HARV,HARV_004,mixedForest,182.6,2023-08-28,1,Negative,Borrelia sp.,HARV_004.20230828.IXOSCA.N,8,2023
HARV,HARV_004,mixedForest,182.6,2023-08-28,1,Negative,Borrelia mayonii,HARV_004.20230828.IXOSCA.N,8,2023
HARV,HARV_004,mixedForest,182.6,2023-08-28,1,Negative,Babesia microti,HARV_004.20230828.IXOSCA.N,8,2023
HARV,HARV_004,mixedForest,182.6,2023-08-28,1,Negative,Ehrlichia muris-like,HARV_004.20230828.IXOSCA.N,8,2023
HARV,HARV_004,mixedForest,182.6,2023-08-28,1,Negative,Ixodes pacificus,HARV_004.20230828.IXOSCA.N,8,2023
HARV,HARV_004,mixedForest,182.6,2023-08-28,1,Negative,Amblyomma americanum,HARV_004.20230828.IXOSCA.N,8,2023
HARV,HARV_004,mixedForest,182.6,2023-08-28,1,Negative,Borrelia burgdorferi sensu lato,HARV_004.20230828.IXOSCA.N,8,2023
HARV,HARV_004,mixedForest,182.6,2023-08-28,1,Negative,Anaplasma phagocytophilum,HARV_004.20230828.IXOSCA.N,8,2023
HARV,HARV_004,mixedForest,182.6,2023-08-28,1,Positive,Ixodes scapularis,HARV_004.20230828.IXOSCA.N,8,2023
HARV,HARV_004,mixedForest,182.6,2023-08-28,1,Positive,Ixodes scapularis,HARV_004.20230828.IXOSCA.N,8,2023
HARV,HARV_004,mixedForest,182.6,2023-08-28,1,Negative,Ehrlichia muris-like,HARV_004.20230828.IXOSCA.N,8,2023
HARV,HARV_004,mixedForest,182.6,2023-08-28,1,Negative,Borrelia miyamotoi,HARV_004.20230828.IXOSCA.N,8,2023
HARV,HARV_004,mixedForest,182.6,2023-08-28,1,Negative,Babesia microti,HARV_004.20230828.IXOSCA.N,8,2023
HARV,HARV_004,mixedForest,182.6,2023-08-28,1,Negative,Borrelia sp.,HARV_004.20230828.IXOSCA.N,8,2023
HARV,HARV_004,mixedForest,182.6,2023-08-28,1,Positive,Ixodes scapularis,HARV_004.20230828.IXOSCA.N,8,2023
HARV,HARV_004,mixedForest,182.6,2023-08-28,1,Negative,Babesia microti,HARV_004.20230828.IXOSCA.N,8,2023
HARV,HARV_004,mixedForest,182.6,2023-08-28,1,Negative,Borrelia burgdorferi sensu lato,HARV_004.20230828.IXOSCA.N,8,2023
HARV,HARV_004,mixedForest,182.6,2023-08-28,1,Negative,Borrelia sp.,HARV_004.20230828.IXOSCA.N,8,2023
HARV,HARV_004,mixedForest,182.6,2023-08-28,1,Negative,Borrelia sp.,HARV_004.20230828.IXOSCA.N,8,2023
HARV,HARV_004,mixedForest,182.6,2023-08-28,1,Negative,Borrelia mayonii,HARV_004.20230828.IXOSCA.N,8,2023
HARV,HARV_022,evergreenForest,185.9,2023-08-28,1,Negative,Dermacentor variabilis,HARV_022.20230828.IXOSCA.N,8,2023
HARV,HARV_022,evergreenForest,185.9,2023-08-28,1,Positive,Borrelia sp.,HARV_022.20230828.IXOSCA.N,8,2023
HARV,HARV_022,evergreenForest,185.9,2023-08-28,1,Negative,Babesia microti,HARV_022.20230828.IXOSCA.N,8,2023
HARV,HARV_022,evergreenForest,185.9,2023-08-28,1,Negative,Amblyomma americanum,HARV_022.20230828.IXOSCA.N,8,2023
HARV,HARV_022,evergreenForest,185.9,2023-08-28,1,Negative,Amblyomma americanum,HARV_022.20230828.IXOSCA.N,8,2023
HARV,HARV_022,evergreenForest,185.9,2023-08-28,1,Negative,Dermacentor variabilis,HARV_022.20230828.IXOSCA.N,8,2023
HARV,HARV_022,evergreenForest,185.9,2023-08-28,1,Negative,Anaplasma phagocytophilum,HARV_022.20230828.IXOSCA.N,8,2023
HARV,HARV_022,evergreenForest,185.9,2023-08-28,1,Negative,Borrelia burgdorferi sensu lato,HARV_022.20230828.IXOSCA.N,8,2023
HARV,HARV_022,evergreenForest,185.9,2023-08-28,1,Positive,Ixodes scapularis,HARV_022.20230828.IXOSCA.N,8,2023
HARV,HARV_022,evergreenForest,185.9,2023-08-28,1,Negative,Ehrlichia muris-like,HARV_022.20230828.IXOSCA.N,8,2023
HARV,HARV_022,evergreenForest,185.9,2023-08-28,1,Negative,Ixodes pacificus,HARV_022.20230828.IXOSCA.N,8,2023
HARV,HARV_022,evergreenForest,185.9,2023-08-28,1,Negative,Borrelia miyamotoi,HARV_022.20230828.IXOSCA.N,8,2023
HARV,HARV_022,evergreenForest,185.9,2023-08-28,1,Negative,Borrelia miyamotoi,HARV_022.20230828.IXOSCA.N,8,2023
HARV,HARV_022,evergreenForest,185.9,2023-08-28,1,Negative,Borrelia sp.,HARV_022.20230828.IXOSCA.N,8,2023
HARV,HARV_022,evergreenForest,185.9,2023-08-28,1,Negative,Borrelia mayonii,HARV_022.20230828.IXOSCA.N,8,2023
HARV,HARV_022,evergreenForest,185.9,2023-08-28,1,Negative,Borrelia mayonii,HARV_022.20230828.IXOSCA.N,8,2023
HARV,HARV_022,evergreenForest,185.9,2023-08-28,1,Positive,Borrelia burgdorferi sensu lato,HARV_022.20230828.IXOSCA.N,8,2023
HARV,HARV_022,evergreenForest,185.9,2023-08-28,1,Negative,Ehrlichia muris-like,HARV_022.20230828.IXOSCA.N,8,2023
HARV,HARV_022,evergreenForest,185.9,2023-08-28,1,Negative,Babesia microti,HARV_022.20230828.IXOSCA.N,8,2023
HARV,HARV_022,evergreenForest,185.9,2023-08-28,1,Negative,Anaplasma phagocytophilum,HARV_022.20230828.IXOSCA.N,8,2023
HARV,HARV_022,evergreenForest,185.9,2023-08-28,1,Positive,Ixodes scapularis,HARV_022.20230828.IXOSCA.N,8,2023
HARV,HARV_022,evergreenForest,185.9,2023-08-28,1,Negative,Ixodes pacificus,HARV_022.20230828.IXOSCA.N,8,2023
HARV,HARV_006,deciduousForest,190.8,2023-08-28,1,Negative,Amblyomma americanum,HARV_006.20230828.IXOSCA.N,8,2023
HARV,HARV_006,deciduousForest,190.8,2023-08-28,1,Negative,Borrelia mayonii,HARV_006.20230828.IXOSCA.N,8,2023
HARV,HARV_006,deciduousForest,190.8,2023-08-28,1,Negative,Ixodes pacificus,HARV_006.20230828.IXOSCA.N,8,2023
HARV,HARV_006,deciduousForest,190.8,2023-08-28,1,Negative,Anaplasma phagocytophilum,HARV_006.20230828.IXOSCA.N,8,2023
HARV,HARV_006,deciduousForest,190.8,2023-08-28,1,Positive,Ixodes scapularis,HARV_006.20230828.IXOSCA.N,8,2023
HARV,HARV_006,deciduousForest,190.8,2023-08-28,1,Negative,Dermacentor variabilis,HARV_006.20230828.IXOSCA.N,8,2023
HARV,HARV_006,deciduousForest,190.8,2023-08-28,1,Negative,Babesia microti,HARV_006.20230828.IXOSCA.N,8,2023
HARV,HARV_006,deciduousForest,190.8,2023-08-28,1,Negative,Borrelia burgdorferi sensu lato,HARV_006.20230828.IXOSCA.N,8,2023
HARV,HARV_006,deciduousForest,190.8,2023-08-28,1,Negative,Ehrlichia muris-like,HARV_006.20230828.IXOSCA.N,8,2023
HARV,HARV_006,deciduousForest,190.8,2023-08-28,1,Negative,Borrelia sp.,HARV_006.20230828.IXOSCA.N,8,2023
HARV,HARV_006,deciduousForest,190.8,2023-08-28,1,Negative,Borrelia miyamotoi,HARV_006.20230828.IXOSCA.N,8,2023
DELA,DELA_005,woodyWetlands,26.8,2018-09-13,1,Negative,Ixodes pacificus,DELA_005.20180913.AMBAME.N,9,2018
DELA,DELA_005,woodyWetlands,26.8,2018-09-13,1,Negative,Francisella tularensis,DELA_005.20180913.AMBAME.N,9,2018
DELA,DELA_005,woodyWetlands,26.8,2018-09-13,1,Negative,Borrelia sp.,DELA_005.20180913.AMBAME.N,9,2018
DELA,DELA_005,woodyWetlands,26.8,2018-09-13,1,Negative,Ehrlichia ewingii,DELA_005.20180913.AMBAME.N,9,2018
DELA,DELA_005,woodyWetlands,26.8,2018-09-13,1,Negative,Ehrlichia chaffeensis,DELA_005.20180913.AMBAME.N,9,2018
DELA,DELA_005,woodyWetlands,26.8,2018-09-13,1,Negative,Borrelia lonestari,DELA_005.20180913.AMBAME.N,9,2018
DELA,DELA_005,woodyWetlands,26.8,2018-09-13,1,Negative,Rickettsia rickettsii,DELA_005.20180913.AMBAME.N,9,2018
DELA,DELA_005,woodyWetlands,26.8,2018-09-13,1,Negative,Anaplasma phagocytophilum,DELA_005.20180913.AMBAME.N,9,2018
DELA,DELA_008,woodyWetlands,25.3,2018-08-23,1,Negative,Ixodes pacificus,DELA_008.20180823.AMBAME.N,8,2018
DELA,DELA_008,woodyWetlands,25.3,2018-08-23,1,Negative,Borrelia sp.,DELA_008.20180823.AMBAME.N,8,2018
DELA,DELA_008,woodyWetlands,25.3,2018-08-23,1,Negative,Anaplasma phagocytophilum,DELA_008.20180823.AMBAME.N,8,2018
DELA,DELA_008,woodyWetlands,25.3,2018-08-23,1,Negative,Rickettsia rickettsii,DELA_008.20180823.AMBAME.N,8,2018
DELA,DELA_008,woodyWetlands,25.3,2018-08-23,1,Negative,Ehrlichia ewingii,DELA_008.20180823.AMBAME.N,8,2018
DELA,DELA_008,woodyWetlands,25.3,2018-08-23,1,Negative,Ehrlichia chaffeensis,DELA_008.20180823.AMBAME.N,8,2018
DELA,DELA_008,woodyWetlands,25.3,2018-08-23,1,Negative,Francisella tularensis,DELA_008.20180823.AMBAME.N,8,2018
DELA,DELA_008,woodyWetlands,25.3,2018-08-23,1,Negative,Borrelia lonestari,DELA_008.20180823.AMBAME.N,8,2018
DELA,DELA_005,woodyWetlands,26.8,2019-05-08,1,Negative,Ehrlichia ewingii,DELA_005.20190508.AMBAME.N,5,2019
DELA,DELA_005,woodyWetlands,26.8,2019-05-08,1,Negative,Borrelia lonestari,DELA_005.20190508.AMBAME.N,5,2019
DELA,DELA_005,woodyWetlands,26.8,2019-05-08,1,Negative,Borrelia lonestari,DELA_005.20190508.AMBAME.N,5,2019
DELA,DELA_005,woodyWetlands,26.8,2019-05-08,1,Negative,Ixodes pacificus,DELA_005.20190508.AMBAME.N,5,2019
DELA,DELA_005,woodyWetlands,26.8,2019-05-08,1,Negative,Ehrlichia chaffeensis,DELA_005.20190508.AMBAME.N,5,2019
DELA,DELA_005,woodyWetlands,26.8,2019-05-08,1,Negative,Ehrlichia chaffeensis,DELA_005.20190508.AMBAME.N,5,2019
DELA,DELA_005,woodyWetlands,26.8,2019-05-08,1,Negative,Rickettsia rickettsii,DELA_005.20190508.AMBAME.N,5,2019
DELA,DELA_005,woodyWetlands,26.8,2019-05-08,1,Negative,Anaplasma phagocytophilum,DELA_005.20190508.AMBAME.N,5,2019
DELA,DELA_005,woodyWetlands,26.8,2019-05-08,1,Negative,Ehrlichia ewingii,DELA_005.20190508.AMBAME.N,5,2019
DELA,DELA_005,woodyWetlands,26.8,2019-05-08,1,Negative,Borrelia sp.,DELA_005.20190508.AMBAME.N,5,2019
DELA,DELA_005,woodyWetlands,26.8,2019-05-08,1,Negative,Borrelia sp.,DELA_005.20190508.AMBAME.N,5,2019
DELA,DELA_005,woodyWetlands,26.8,2019-05-08,1,Negative,Rickettsia rickettsii,DELA_005.20190508.AMBAME.N,5,2019
DELA,DELA_005,woodyWetlands,26.8,2019-05-08,1,Negative,Francisella tularensis,DELA_005.20190508.AMBAME.N,5,2019
DELA,DELA_005,woodyWetlands,26.8,2019-05-08,1,Negative,Anaplasma phagocytophilum,DELA_005.20190508.AMBAME.N,5,2019
DELA,DELA_005,woodyWetlands,26.8,2019-05-08,1,Negative,Ixodes pacificus,DELA_005.20190508.AMBAME.N,5,2019
DELA,DELA_005,woodyWetlands,26.8,2019-05-08,1,Negative,Francisella tularensis,DELA_005.20190508.AMBAME.N,5,2019
DELA,DELA_001,woodyWetlands,24.6,2019-09-10,1,Negative,Ixodes pacificus,DELA_001.20190910.AMBAME.N,9,2019
DELA,DELA_001,woodyWetlands,24.6,2019-09-10,1,Negative,Ehrlichia ewingii,DELA_001.20190910.AMBAME.N,9,2019
DELA,DELA_001,woodyWetlands,24.6,2019-09-10,1,Negative,Ehrlichia chaffeensis,DELA_001.20190910.AMBAME.N,9,2019
DELA,DELA_001,woodyWetlands,24.6,2019-09-10,1,Negative,Francisella tularensis,DELA_001.20190910.AMBAME.N,9,2019
DELA,DELA_001,woodyWetlands,24.6,2019-09-10,1,Negative,Borrelia sp.,DELA_001.20190910.AMBAME.N,9,2019
DELA,DELA_001,woodyWetlands,24.6,2019-09-10,1,Negative,Ehrlichia ewingii,DELA_001.20190910.AMBAME.N,9,2019
DELA,DELA_001,woodyWetlands,24.6,2019-09-10,1,Negative,Borrelia lonestari,DELA_001.20190910.AMBAME.N,9,2019
DELA,DELA_001,woodyWetlands,24.6,2019-09-10,1,Negative,Francisella tularensis,DELA_001.20190910.AMBAME.N,9,2019
DELA,DELA_001,woodyWetlands,24.6,2019-09-10,1,Negative,Ixodes pacificus,DELA_001.20190910.AMBAME.N,9,2019
DELA,DELA_001,woodyWetlands,24.6,2019-09-10,1,Negative,Ehrlichia chaffeensis,DELA_001.20190910.AMBAME.N,9,2019
DELA,DELA_001,woodyWetlands,24.6,2019-09-10,1,Negative,Rickettsia rickettsii,DELA_001.20190910.AMBAME.N,9,2019
DELA,DELA_001,woodyWetlands,24.6,2019-09-10,1,Negative,Borrelia lonestari,DELA_001.20190910.AMBAME.N,9,2019
DELA,DELA_001,woodyWetlands,24.6,2019-09-10,1,Negative,Anaplasma phagocytophilum,DELA_001.20190910.AMBAME.N,9,2019
DELA,DELA_001,woodyWetlands,24.6,2019-09-10,1,Negative,Borrelia sp.,DELA_001.20190910.AMBAME.N,9,2019
DELA,DELA_001,woodyWetlands,24.6,2019-09-10,1,Negative,Anaplasma phagocytophilum,DELA_001.20190910.AMBAME.N,9,2019
DELA,DELA_001,woodyWetlands,24.6,2019-09-10,1,Negative,Rickettsia rickettsii,DELA_001.20190910.AMBAME.N,9,2019
HARV,HARV_022,evergreenForest,185.9,2023-06-06,1,Negative,Dermacentor variabilis,HARV_022.20230606.IXOSCA.N,6,2023
HARV,HARV_022,evergreenForest,185.9,2023-06-06,1,Negative,Anaplasma phagocytophilum,HARV_022.20230606.IXOSCA.N,6,2023
HARV,HARV_022,evergreenForest,185.9,2023-06-06,1,Negative,Borrelia mayonii,HARV_022.20230606.IXOSCA.N,6,2023
HARV,HARV_022,evergreenForest,185.9,2023-06-06,1,Negative,Amblyomma americanum,HARV_022.20230606.IXOSCA.N,6,2023
HARV,HARV_022,evergreenForest,185.9,2023-06-06,1,Negative,Dermacentor variabilis,HARV_022.20230606.IXOSCA.N,6,2023
HARV,HARV_022,evergreenForest,185.9,2023-06-06,1,Negative,Borrelia mayonii,HARV_022.20230606.IXOSCA.N,6,2023
HARV,HARV_022,evergreenForest,185.9,2023-06-06,1,Negative,Dermacentor variabilis,HARV_022.20230606.IXOSCA.N,6,2023
HARV,HARV_022,evergreenForest,185.9,2023-06-06,1,Negative,Borrelia sp.,HARV_022.20230606.IXOSCA.N,6,2023
HARV,HARV_022,evergreenForest,185.9,2023-06-06,1,Negative,Ixodes pacificus,HARV_022.20230606.IXOSCA.N,6,2023
HARV,HARV_022,evergreenForest,185.9,2023-06-06,1,Negative,Ehrlichia muris-like,HARV_022.20230606.IXOSCA.N,6,2023
HARV,HARV_022,evergreenForest,185.9,2023-06-06,1,Negative,Ixodes pacificus,HARV_022.20230606.IXOSCA.N,6,2023
HARV,HARV_022,evergreenForest,185.9,2023-06-06,1,Negative,Borrelia mayonii,HARV_022.20230606.IXOSCA.N,6,2023
HARV,HARV_022,evergreenForest,185.9,2023-06-06,1,Negative,Babesia microti,HARV_022.20230606.IXOSCA.N,6,2023
HARV,HARV_022,evergreenForest,185.9,2023-06-06,1,Negative,Ehrlichia muris-like,HARV_022.20230606.IXOSCA.N,6,2023
HARV,HARV_022,evergreenForest,185.9,2023-06-06,1,Negative,Babesia microti,HARV_022.20230606.IXOSCA.N,6,2023
HARV,HARV_022,evergreenForest,185.9,2023-06-06,1,Negative,Ixodes pacificus,HARV_022.20230606.IXOSCA.N,6,2023
HARV,HARV_022,evergreenForest,185.9,2023-06-06,1,Negative,Dermacentor variabilis,HARV_022.20230606.IXOSCA.N,6,2023
HARV,HARV_022,evergreenForest,185.9,2023-06-06,1,Negative,Babesia microti,HARV_022.20230606.IXOSCA.N,6,2023
HARV,HARV_022,evergreenForest,185.9,2023-06-06,1,Positive,Ixodes scapularis,HARV_022.20230606.IXOSCA.N,6,2023
HARV,HARV_022,evergreenForest,185.9,2023-06-06,1,Negative,Dermacentor variabilis,HARV_022.20230606.IXOSCA.N,6,2023
HARV,HARV_022,evergreenForest,185.9,2023-06-06,1,Negative,Anaplasma phagocytophilum,HARV_022.20230606.IXOSCA.N,6,2023
HARV,HARV_022,evergreenForest,185.9,2023-06-06,1,Negative,Borrelia miyamotoi,HARV_022.20230606.IXOSCA.N,6,2023
HARV,HARV_022,evergreenForest,185.9,2023-06-06,1,Negative,Amblyomma americanum,HARV_022.20230606.IXOSCA.N,6,2023
HARV,HARV_022,evergreenForest,185.9,2023-06-06,1,Positive,Ixodes scapularis,HARV_022.20230606.IXOSCA.N,6,2023
HARV,HARV_022,evergreenForest,185.9,2023-06-06,1,Negative,Borrelia mayonii,HARV_022.20230606.IXOSCA.N,6,2023
HARV,HARV_022,evergreenForest,185.9,2023-06-06,1,Negative,Ehrlichia muris-like,HARV_022.20230606.IXOSCA.N,6,2023
HARV,HARV_022,evergreenForest,185.9,2023-06-06,1,Negative,Anaplasma phagocytophilum,HARV_022.20230606.IXOSCA.N,6,2023
HARV,HARV_022,evergreenForest,185.9,2023-06-06,1,Negative,Borrelia miyamotoi,HARV_022.20230606.IXOSCA.N,6,2023
HARV,HARV_022,evergreenForest,185.9,2023-06-06,1,Negative,Ehrlichia muris-like,HARV_022.20230606.IXOSCA.N,6,2023
HARV,HARV_022,evergreenForest,185.9,2023-06-06,1,Negative,Borrelia burgdorferi sensu lato,HARV_022.20230606.IXOSCA.N,6,2023
HARV,HARV_022,evergreenForest,185.9,2023-06-06,1,Negative,Babesia microti,HARV_022.20230606.IXOSCA.N,6,2023
HARV,HARV_022,evergreenForest,185.9,2023-06-06,1,Negative,Anaplasma phagocytophilum,HARV_022.20230606.IXOSCA.N,6,2023
HARV,HARV_022,evergreenForest,185.9,2023-06-06,1,Negative,Babesia microti,HARV_022.20230606.IXOSCA.N,6,2023
HARV,HARV_022,evergreenForest,185.9,2023-06-06,1,Negative,Borrelia miyamotoi,HARV_022.20230606.IXOSCA.N,6,2023
HARV,HARV_022,evergreenForest,185.9,2023-06-06,1,Positive,Ixodes scapularis,HARV_022.20230606.IXOSCA.N,6,2023
HARV,HARV_022,evergreenForest,185.9,2023-06-06,1,Negative,Anaplasma phagocytophilum,HARV_022.20230606.IXOSCA.N,6,2023
HARV,HARV_022,evergreenForest,185.9,2023-06-06,1,Negative,Ixodes pacificus,HARV_022.20230606.IXOSCA.N,6,2023
HARV,HARV_022,evergreenForest,185.9,2023-06-06,1,Negative,Ixodes pacificus,HARV_022.20230606.IXOSCA.N,6,2023
HARV,HARV_022,evergreenForest,185.9,2023-06-06,1,Positive,Ehrlichia muris-like,HARV_022.20230606.IXOSCA.N,6,2023
HARV,HARV_022,evergreenForest,185.9,2023-06-06,1,Negative,Borrelia mayonii,HARV_022.20230606.IXOSCA.N,6,2023
HARV,HARV_022,evergreenForest,185.9,2023-06-06,1,Negative,Borrelia burgdorferi sensu lato,HARV_022.20230606.IXOSCA.N,6,2023
HARV,HARV_022,evergreenForest,185.9,2023-06-06,1,Negative,Amblyomma americanum,HARV_022.20230606.IXOSCA.N,6,2023
HARV,HARV_022,evergreenForest,185.9,2023-06-06,1,Positive,Borrelia sp.,HARV_022.20230606.IXOSCA.N,6,2023
HARV,HARV_022,evergreenForest,185.9,2023-06-06,1,Negative,Amblyomma americanum,HARV_022.20230606.IXOSCA.N,6,2023
HARV,HARV_022,evergreenForest,185.9,2023-06-06,1,Negative,Ixodes pacificus,HARV_022.20230606.IXOSCA.N,6,2023
HARV,HARV_022,evergreenForest,185.9,2023-06-06,1,Positive,Borrelia burgdorferi sensu lato,HARV_022.20230606.IXOSCA.N,6,2023
HARV,HARV_022,evergreenForest,185.9,2023-06-06,1,Negative,Ixodes pacificus,HARV_022.20230606.IXOSCA.N,6,2023
HARV,HARV_022,evergreenForest,185.9,2023-06-06,1,Positive,Ixodes scapularis,HARV_022.20230606.IXOSCA.N,6,2023
HARV,HARV_022,evergreenForest,185.9,2023-06-06,1,Negative,Ixodes pacificus,HARV_022.20230606.IXOSCA.N,6,2023
HARV,HARV_022,evergreenForest,185.9,2023-06-06,1,Negative,Borrelia miyamotoi,HARV_022.20230606.IXOSCA.N,6,2023
HARV,HARV_022,evergreenForest,185.9,2023-06-06,1,Negative,Borrelia mayonii,HARV_022.20230606.IXOSCA.N,6,2023
HARV,HARV_022,evergreenForest,185.9,2023-06-06,1,Negative,Anaplasma phagocytophilum,HARV_022.20230606.IXOSCA.N,6,2023
HARV,HARV_022,evergreenForest,185.9,2023-06-06,1,Negative,Borrelia miyamotoi,HARV_022.20230606.IXOSCA.N,6,2023
HARV,HARV_022,evergreenForest,185.9,2023-06-06,1,Negative,Dermacentor variabilis,HARV_022.20230606.IXOSCA.N,6,2023
HARV,HARV_022,evergreenForest,185.9,2023-06-06,1,Negative,Borrelia miyamotoi,HARV_022.20230606.IXOSCA.N,6,2023
HARV,HARV_022,evergreenForest,185.9,2023-06-06,1,Negative,Borrelia burgdorferi sensu lato,HARV_022.20230606.IXOSCA.N,6,2023
HARV,HARV_022,evergreenForest,185.9,2023-06-06,1,Negative,Amblyomma americanum,HARV_022.20230606.IXOSCA.N,6,2023
HARV,HARV_022,evergreenForest,185.9,2023-06-06,1,Negative,Ixodes pacificus,HARV_022.20230606.IXOSCA.N,6,2023
HARV,HARV_022,evergreenForest,185.9,2023-06-06,1,Negative,Borrelia miyamotoi,HARV_022.20230606.IXOSCA.N,6,2023
HARV,HARV_022,evergreenForest,185.9,2023-06-06,1,Positive,Ixodes scapularis,HARV_022.20230606.IXOSCA.N,6,2023
HARV,HARV_022,evergreenForest,185.9,2023-06-06,1,Negative,Babesia microti,HARV_022.20230606.IXOSCA.N,6,2023
HARV,HARV_022,evergreenForest,185.9,2023-06-06,1,Negative,Amblyomma americanum,HARV_022.20230606.IXOSCA.N,6,2023
HARV,HARV_022,evergreenForest,185.9,2023-06-06,1,Negative,Babesia microti,HARV_022.20230606.IXOSCA.N,6,2023
HARV,HARV_022,evergreenForest,185.9,2023-06-06,1,Negative,Dermacentor variabilis,HARV_022.20230606.IXOSCA.N,6,2023
HARV,HARV_022,evergreenForest,185.9,2023-06-06,1,Positive,Ixodes scapularis,HARV_022.20230606.IXOSCA.N,6,2023
HARV,HARV_022,evergreenForest,185.9,2023-06-06,1,Negative,Dermacentor variabilis,HARV_022.20230606.IXOSCA.N,6,2023
HARV,HARV_022,evergreenForest,185.9,2023-06-06,1,Negative,Borrelia miyamotoi,HARV_022.20230606.IXOSCA.N,6,2023
HARV,HARV_022,evergreenForest,185.9,2023-06-06,1,Positive,Ixodes scapularis,HARV_022.20230606.IXOSCA.N,6,2023
HARV,HARV_022,evergreenForest,185.9,2023-06-06,1,Negative,Ehrlichia muris-like,HARV_022.20230606.IXOSCA.N,6,2023
HARV,HARV_022,evergreenForest,185.9,2023-06-06,1,Negative,Borrelia sp.,HARV_022.20230606.IXOSCA.N,6,2023
HARV,HARV_022,evergreenForest,185.9,2023-06-06,1,Negative,Ixodes pacificus,HARV_022.20230606.IXOSCA.N,6,2023
HARV,HARV_022,evergreenForest,185.9,2023-06-06,1,Negative,Borrelia burgdorferi sensu lato,HARV_022.20230606.IXOSCA.N,6,2023
HARV,HARV_022,evergreenForest,185.9,2023-06-06,1,Negative,Ixodes pacificus,HARV_022.20230606.IXOSCA.N,6,2023
HARV,HARV_022,evergreenForest,185.9,2023-06-06,1,Positive,Borrelia burgdorferi sensu lato,HARV_022.20230606.IXOSCA.N,6,2023
HARV,HARV_022,evergreenForest,185.9,2023-06-06,1,Negative,Borrelia burgdorferi sensu lato,HARV_022.20230606.IXOSCA.N,6,2023
HARV,HARV_022,evergreenForest,185.9,2023-06-06,1,Negative,Borrelia mayonii,HARV_022.20230606.IXOSCA.N,6,2023
HARV,HARV_022,evergreenForest,185.9,2023-06-06,1,Negative,Ixodes pacificus,HARV_022.20230606.IXOSCA.N,6,2023
HARV,HARV_022,evergreenForest,185.9,2023-06-06,1,Negative,Babesia microti,HARV_022.20230606.IXOSCA.N,6,2023
HARV,HARV_022,evergreenForest,185.9,2023-06-06,1,Negative,Anaplasma phagocytophilum,HARV_022.20230606.IXOSCA.N,6,2023
HARV,HARV_022,evergreenForest,185.9,2023-06-06,1,Negative,Anaplasma phagocytophilum,HARV_022.20230606.IXOSCA.N,6,2023
HARV,HARV_022,evergreenForest,185.9,2023-06-06,1,Positive,Borrelia sp.,HARV_022.20230606.IXOSCA.N,6,2023
HARV,HARV_022,evergreenForest,185.9,2023-06-06,1,Negative,Babesia microti,HARV_022.20230606.IXOSCA.N,6,2023
HARV,HARV_022,evergreenForest,185.9,2023-06-06,1,Negative,Amblyomma americanum,HARV_022.20230606.IXOSCA.N,6,2023
HARV,HARV_022,evergreenForest,185.9,2023-06-06,1,Negative,Borrelia mayonii,HARV_022.20230606.IXOSCA.N,6,2023
HARV,HARV_022,evergreenForest,185.9,2023-06-06,1,Negative,Borrelia sp.,HARV_022.20230606.IXOSCA.N,6,2023
HARV,HARV_022,evergreenForest,185.9,2023-06-06,1,Negative,Borrelia mayonii,HARV_022.20230606.IXOSCA.N,6,2023
HARV,HARV_022,evergreenForest,185.9,2023-06-06,1,Negative,Borrelia miyamotoi,HARV_022.20230606.IXOSCA.N,6,2023
HARV,HARV_022,evergreenForest,185.9,2023-06-06,1,Negative,Ixodes pacificus,HARV_022.20230606.IXOSCA.N,6,2023
HARV,HARV_022,evergreenForest,185.9,2023-06-06,1,Negative,Anaplasma phagocytophilum,HARV_022.20230606.IXOSCA.N,6,2023
HARV,HARV_022,evergreenForest,185.9,2023-06-06,1,Negative,Borrelia miyamotoi,HARV_022.20230606.IXOSCA.N,6,2023
HARV,HARV_022,evergreenForest,185.9,2023-06-06,1,Negative,Ehrlichia muris-like,HARV_022.20230606.IXOSCA.N,6,2023
HARV,HARV_022,evergreenForest,185.9,2023-06-06,1,Positive,Ixodes scapularis,HARV_022.20230606.IXOSCA.N,6,2023
HARV,HARV_022,evergreenForest,185.9,2023-06-06,1,Negative,Ehrlichia muris-like,HARV_022.20230606.IXOSCA.N,6,2023
HARV,HARV_022,evergreenForest,185.9,2023-06-06,1,Negative,Ehrlichia muris-like,HARV_022.20230606.IXOSCA.N,6,2023
HARV,HARV_022,evergreenForest,185.9,2023-06-06,1,Negative,Borrelia burgdorferi sensu lato,HARV_022.20230606.IXOSCA.N,6,2023
HARV,HARV_022,evergreenForest,185.9,2023-06-06,1,Positive,Borrelia sp.,HARV_022.20230606.IXOSCA.N,6,2023
HARV,HARV_022,evergreenForest,185.9,2023-06-06,1,Negative,Dermacentor variabilis,HARV_022.20230606.IXOSCA.N,6,2023
HARV,HARV_022,evergreenForest,185.9,2023-06-06,1,Negative,Babesia microti,HARV_022.20230606.IXOSCA.N,6,2023
HARV,HARV_022,evergreenForest,185.9,2023-06-06,1,Negative,Borrelia mayonii,HARV_022.20230606.IXOSCA.N,6,2023
HARV,HARV_022,evergreenForest,185.9,2023-06-06,1,Negative,Ehrlichia muris-like,HARV_022.20230606.IXOSCA.N,6,2023
HARV,HARV_022,evergreenForest,185.9,2023-06-06,1,Positive,Ixodes scapularis,HARV_022.20230606.IXOSCA.N,6,2023
HARV,HARV_022,evergreenForest,185.9,2023-06-06,1,Positive,Ixodes scapularis,HARV_022.20230606.IXOSCA.N,6,2023
HARV,HARV_022,evergreenForest,185.9,2023-06-06,1,Negative,Borrelia burgdorferi sensu lato,HARV_022.20230606.IXOSCA.N,6,2023
HARV,HARV_022,evergreenForest,185.9,2023-06-06,1,Negative,Dermacentor variabilis,HARV_022.20230606.IXOSCA.N,6,2023
HARV,HARV_022,evergreenForest,185.9,2023-06-06,1,Positive,Borrelia burgdorferi sensu lato,HARV_022.20230606.IXOSCA.N,6,2023
HARV,HARV_022,evergreenForest,185.9,2023-06-06,1,Negative,Anaplasma phagocytophilum,HARV_022.20230606.IXOSCA.N,6,2023
HARV,HARV_022,evergreenForest,185.9,2023-06-06,1,Negative,Borrelia burgdorferi sensu lato,HARV_022.20230606.IXOSCA.N,6,2023
HARV,HARV_022,evergreenForest,185.9,2023-06-06,1,Negative,Amblyomma americanum,HARV_022.20230606.IXOSCA.N,6,2023
HARV,HARV_022,evergreenForest,185.9,2023-06-06,1,Negative,Dermacentor variabilis,HARV_022.20230606.IXOSCA.N,6,2023
HARV,HARV_022,evergreenForest,185.9,2023-06-06,1,Negative,Amblyomma americanum,HARV_022.20230606.IXOSCA.N,6,2023
HARV,HARV_022,evergreenForest,185.9,2023-06-06,1,Negative,Borrelia burgdorferi sensu lato,HARV_022.20230606.IXOSCA.N,6,2023
HARV,HARV_022,evergreenForest,185.9,2023-06-06,1,Negative,Borrelia mayonii,HARV_022.20230606.IXOSCA.N,6,2023
HARV,HARV_022,evergreenForest,185.9,2023-06-06,1,Negative,Borrelia miyamotoi,HARV_022.20230606.IXOSCA.N,6,2023
HARV,HARV_022,evergreenForest,185.9,2023-06-06,1,Negative,Borrelia sp.,HARV_022.20230606.IXOSCA.N,6,2023
HARV,HARV_022,evergreenForest,185.9,2023-06-06,1,Negative,Anaplasma phagocytophilum,HARV_022.20230606.IXOSCA.N,6,2023
HARV,HARV_022,evergreenForest,185.9,2023-06-06,1,Negative,Amblyomma americanum,HARV_022.20230606.IXOSCA.N,6,2023
HARV,HARV_022,evergreenForest,185.9,2023-06-06,1,Negative,Babesia microti,HARV_022.20230606.IXOSCA.N,6,2023
HARV,HARV_022,evergreenForest,185.9,2023-06-06,1,Negative,Anaplasma phagocytophilum,HARV_022.20230606.IXOSCA.N,6,2023
HARV,HARV_022,evergreenForest,185.9,2023-06-06,1,Positive,Borrelia sp.,HARV_022.20230606.IXOSCA.N,6,2023
HARV,HARV_022,evergreenForest,185.9,2023-06-06,1,Negative,Borrelia mayonii,HARV_022.20230606.IXOSCA.N,6,2023
HARV,HARV_022,evergreenForest,185.9,2023-06-06,1,Negative,Borrelia mayonii,HARV_022.20230606.IXOSCA.N,6,2023
HARV,HARV_022,evergreenForest,185.9,2023-06-06,1,Positive,Ixodes scapularis,HARV_022.20230606.IXOSCA.N,6,2023
HARV,HARV_022,evergreenForest,185.9,2023-06-06,1,Negative,Borrelia miyamotoi,HARV_022.20230606.IXOSCA.N,6,2023
HARV,HARV_022,evergreenForest,185.9,2023-06-06,1,Negative,Dermacentor variabilis,HARV_022.20230606.IXOSCA.N,6,2023
HARV,HARV_022,evergreenForest,185.9,2023-06-06,1,Positive,Ixodes scapularis,HARV_022.20230606.IXOSCA.N,6,2023
HARV,HARV_022,evergreenForest,185.9,2023-06-06,1,Negative,Anaplasma phagocytophilum,HARV_022.20230606.IXOSCA.N,6,2023
HARV,HARV_022,evergreenForest,185.9,2023-06-06,1,Negative,Amblyomma americanum,HARV_022.20230606.IXOSCA.N,6,2023
HARV,HARV_022,evergreenForest,185.9,2023-06-06,1,Negative,Amblyomma americanum,HARV_022.20230606.IXOSCA.N,6,2023
HARV,HARV_022,evergreenForest,185.9,2023-06-06,1,Negative,Borrelia sp.,HARV_022.20230606.IXOSCA.N,6,2023
HARV,HARV_022,evergreenForest,185.9,2023-06-06,1,Negative,Amblyomma americanum,HARV_022.20230606.IXOSCA.N,6,2023
HARV,HARV_022,evergreenForest,185.9,2023-06-06,1,Negative,Borrelia sp.,HARV_022.20230606.IXOSCA.N,6,2023
HARV,HARV_022,evergreenForest,185.9,2023-06-06,1,Negative,Amblyomma americanum,HARV_022.20230606.IXOSCA.N,6,2023
HARV,HARV_022,evergreenForest,185.9,2023-06-06,1,Negative,Dermacentor variabilis,HARV_022.20230606.IXOSCA.N,6,2023
HARV,HARV_022,evergreenForest,185.9,2023-06-06,1,Negative,Borrelia sp.,HARV_022.20230606.IXOSCA.N,6,2023
HARV,HARV_022,evergreenForest,185.9,2023-06-06,1,Negative,Dermacentor variabilis,HARV_022.20230606.IXOSCA.N,6,2023
HARV,HARV_022,evergreenForest,185.9,2023-06-06,1,Positive,Ixodes scapularis,HARV_022.20230606.IXOSCA.N,6,2023
HARV,HARV_022,evergreenForest,185.9,2023-06-06,1,Negative,Anaplasma phagocytophilum,HARV_022.20230606.IXOSCA.N,6,2023
HARV,HARV_022,evergreenForest,185.9,2023-06-06,1,Negative,Babesia microti,HARV_022.20230606.IXOSCA.N,6,2023
HARV,HARV_022,evergreenForest,185.9,2023-06-06,1,Negative,Ehrlichia muris-like,HARV_022.20230606.IXOSCA.N,6,2023
HARV,HARV_022,evergreenForest,185.9,2023-06-06,1,Negative,Borrelia sp.,HARV_022.20230606.IXOSCA.N,6,2023
HARV,HARV_022,evergreenForest,185.9,2023-06-06,1,Negative,Ehrlichia muris-like,HARV_022.20230606.IXOSCA.N,6,2023
HARV,HARV_022,evergreenForest,185.9,2023-06-06,1,Negative,Ehrlichia muris-like,HARV_022.20230606.IXOSCA.N,6,2023
HARV,HARV_022,evergreenForest,185.9,2023-06-06,1,Negative,Borrelia miyamotoi,HARV_022.20230606.IXOSCA.N,6,2023
HARV,HARV_022,evergreenForest,185.9,2023-06-06,1,Negative,Dermacentor variabilis,HARV_022.20230606.IXOSCA.N,6,2023
HARV,HARV_022,evergreenForest,185.9,2023-06-06,1,Negative,Borrelia burgdorferi sensu lato,HARV_022.20230606.IXOSCA.N,6,2023
HARV,HARV_022,evergreenForest,185.9,2023-06-06,1,Negative,Borrelia mayonii,HARV_022.20230606.IXOSCA.N,6,2023
HARV,HARV_022,evergreenForest,185.9,2023-06-06,1,Positive,Ixodes scapularis,HARV_022.20230606.IXOSCA.N,6,2023
HARV,HARV_022,evergreenForest,185.9,2023-06-06,1,Negative,Babesia microti,HARV_022.20230606.IXOSCA.N,6,2023
HARV,HARV_022,evergreenForest,185.9,2023-06-06,1,Negative,Ixodes pacificus,HARV_022.20230606.IXOSCA.N,6,2023
HARV,HARV_022,evergreenForest,185.9,2023-06-06,1,Negative,Borrelia miyamotoi,HARV_022.20230606.IXOSCA.N,6,2023
HARV,HARV_022,evergreenForest,185.9,2023-06-06,1,Negative,Babesia microti,HARV_022.20230606.IXOSCA.N,6,2023
HARV,HARV_022,evergreenForest,185.9,2023-06-06,1,Negative,Amblyomma americanum,HARV_022.20230606.IXOSCA.N,6,2023
HARV,HARV_022,evergreenForest,185.9,2023-06-06,1,Negative,Anaplasma phagocytophilum,HARV_022.20230606.IXOSCA.N,6,2023
HARV,HARV_022,evergreenForest,185.9,2023-06-06,1,Negative,Ehrlichia muris-like,HARV_022.20230606.IXOSCA.N,6,2023
HARV,HARV_022,evergreenForest,185.9,2023-06-06,1,Negative,Babesia microti,HARV_022.20230606.IXOSCA.N,6,2023
HARV,HARV_022,evergreenForest,185.9,2023-06-06,1,Negative,Borrelia sp.,HARV_022.20230606.IXOSCA.N,6,2023
HARV,HARV_022,evergreenForest,185.9,2023-06-06,1,Negative,Borrelia sp.,HARV_022.20230606.IXOSCA.N,6,2023
HARV,HARV_022,evergreenForest,185.9,2023-06-06,1,Negative,Ehrlichia muris-like,HARV_022.20230606.IXOSCA.N,6,2023
HARV,HARV_022,evergreenForest,185.9,2023-06-06,1,Negative,Ixodes pacificus,HARV_022.20230606.IXOSCA.N,6,2023
HARV,HARV_022,evergreenForest,185.9,2023-06-06,1,Negative,Borrelia mayonii,HARV_022.20230606.IXOSCA.N,6,2023
HARV,HARV_022,evergreenForest,185.9,2023-06-06,1,Negative,Borrelia miyamotoi,HARV_022.20230606.IXOSCA.N,6,2023
HARV,HARV_022,evergreenForest,185.9,2023-06-06,1,Negative,Borrelia burgdorferi sensu lato,HARV_022.20230606.IXOSCA.N,6,2023
HARV,HARV_022,evergreenForest,185.9,2023-06-06,1,Positive,Ixodes scapularis,HARV_022.20230606.IXOSCA.N,6,2023
HARV,HARV_022,evergreenForest,185.9,2023-06-06,1,Positive,Borrelia burgdorferi sensu lato,HARV_022.20230606.IXOSCA.N,6,2023
HARV,HARV_022,evergreenForest,185.9,2023-06-06,1,Negative,Borrelia sp.,HARV_022.20230606.IXOSCA.N,6,2023
HARV,HARV_001,deciduousForest,202.1,2023-06-06,1,Negative,Ixodes pacificus,HARV_001.20230606.IXOSCA.N,6,2023
HARV,HARV_001,deciduousForest,202.1,2023-06-06,1,Negative,Borrelia miyamotoi,HARV_001.20230606.IXOSCA.N,6,2023
HARV,HARV_001,deciduousForest,202.1,2023-06-06,1,Negative,Babesia microti,HARV_001.20230606.IXOSCA.N,6,2023
HARV,HARV_001,deciduousForest,202.1,2023-06-06,1,Negative,Ixodes pacificus,HARV_001.20230606.IXOSCA.N,6,2023
HARV,HARV_001,deciduousForest,202.1,2023-06-06,1,Negative,Dermacentor variabilis,HARV_001.20230606.IXOSCA.N,6,2023
HARV,HARV_001,deciduousForest,202.1,2023-06-06,1,Negative,Amblyomma americanum,HARV_001.20230606.IXOSCA.N,6,2023
HARV,HARV_001,deciduousForest,202.1,2023-06-06,1,Negative,Babesia microti,HARV_001.20230606.IXOSCA.N,6,2023
HARV,HARV_001,deciduousForest,202.1,2023-06-06,1,Negative,Babesia microti,HARV_001.20230606.IXOSCA.N,6,2023
HARV,HARV_001,deciduousForest,202.1,2023-06-06,1,Negative,Anaplasma phagocytophilum,HARV_001.20230606.IXOSCA.N,6,2023
HARV,HARV_001,deciduousForest,202.1,2023-06-06,1,Negative,Borrelia sp.,HARV_001.20230606.IXOSCA.N,6,2023
HARV,HARV_001,deciduousForest,202.1,2023-06-06,1,Negative,Borrelia mayonii,HARV_001.20230606.IXOSCA.N,6,2023
HARV,HARV_001,deciduousForest,202.1,2023-06-06,1,Negative,Anaplasma phagocytophilum,HARV_001.20230606.IXOSCA.N,6,2023
HARV,HARV_001,deciduousForest,202.1,2023-06-06,1,Positive,Ixodes scapularis,HARV_001.20230606.IXOSCA.N,6,2023
HARV,HARV_001,deciduousForest,202.1,2023-06-06,1,Negative,Ehrlichia muris-like,HARV_001.20230606.IXOSCA.N,6,2023
HARV,HARV_001,deciduousForest,202.1,2023-06-06,1,Negative,Anaplasma phagocytophilum,HARV_001.20230606.IXOSCA.N,6,2023
HARV,HARV_001,deciduousForest,202.1,2023-06-06,1,Negative,Borrelia mayonii,HARV_001.20230606.IXOSCA.N,6,2023
HARV,HARV_001,deciduousForest,202.1,2023-06-06,1,Negative,Borrelia burgdorferi sensu lato,HARV_001.20230606.IXOSCA.N,6,2023
HARV,HARV_001,deciduousForest,202.1,2023-06-06,1,Negative,Borrelia mayonii,HARV_001.20230606.IXOSCA.N,6,2023
HARV,HARV_001,deciduousForest,202.1,2023-06-06,1,Negative,Borrelia mayonii,HARV_001.20230606.IXOSCA.N,6,2023
HARV,HARV_001,deciduousForest,202.1,2023-06-06,1,Negative,Borrelia sp.,HARV_001.20230606.IXOSCA.N,6,2023
HARV,HARV_001,deciduousForest,202.1,2023-06-06,1,Negative,Borrelia burgdorferi sensu lato,HARV_001.20230606.IXOSCA.N,6,2023
HARV,HARV_001,deciduousForest,202.1,2023-06-06,1,Positive,Borrelia sp.,HARV_001.20230606.IXOSCA.N,6,2023
HARV,HARV_001,deciduousForest,202.1,2023-06-06,1,Negative,Dermacentor variabilis,HARV_001.20230606.IXOSCA.N,6,2023
HARV,HARV_001,deciduousForest,202.1,2023-06-06,1,Negative,Borrelia burgdorferi sensu lato,HARV_001.20230606.IXOSCA.N,6,2023
HARV,HARV_001,deciduousForest,202.1,2023-06-06,1,Positive,Ixodes scapularis,HARV_001.20230606.IXOSCA.N,6,2023
HARV,HARV_001,deciduousForest,202.1,2023-06-06,1,Negative,Amblyomma americanum,HARV_001.20230606.IXOSCA.N,6,2023
HARV,HARV_001,deciduousForest,202.1,2023-06-06,1,Negative,Borrelia miyamotoi,HARV_001.20230606.IXOSCA.N,6,2023
HARV,HARV_001,deciduousForest,202.1,2023-06-06,1,Negative,Borrelia mayonii,HARV_001.20230606.IXOSCA.N,6,2023
HARV,HARV_001,deciduousForest,202.1,2023-06-06,1,Negative,Amblyomma americanum,HARV_001.20230606.IXOSCA.N,6,2023
HARV,HARV_001,deciduousForest,202.1,2023-06-06,1,Negative,Borrelia mayonii,HARV_001.20230606.IXOSCA.N,6,2023
HARV,HARV_001,deciduousForest,202.1,2023-06-06,1,Negative,Anaplasma phagocytophilum,HARV_001.20230606.IXOSCA.N,6,2023
HARV,HARV_001,deciduousForest,202.1,2023-06-06,1,Negative,Borrelia mayonii,HARV_001.20230606.IXOSCA.N,6,2023
HARV,HARV_001,deciduousForest,202.1,2023-06-06,1,Negative,Babesia microti,HARV_001.20230606.IXOSCA.N,6,2023
HARV,HARV_001,deciduousForest,202.1,2023-06-06,1,Negative,Dermacentor variabilis,HARV_001.20230606.IXOSCA.N,6,2023
HARV,HARV_001,deciduousForest,202.1,2023-06-06,1,Positive,Ixodes scapularis,HARV_001.20230606.IXOSCA.N,6,2023
HARV,HARV_001,deciduousForest,202.1,2023-06-06,1,Negative,Borrelia miyamotoi,HARV_001.20230606.IXOSCA.N,6,2023
HARV,HARV_001,deciduousForest,202.1,2023-06-06,1,Negative,Borrelia miyamotoi,HARV_001.20230606.IXOSCA.N,6,2023
HARV,HARV_001,deciduousForest,202.1,2023-06-06,1,Negative,Borrelia mayonii,HARV_001.20230606.IXOSCA.N,6,2023
HARV,HARV_001,deciduousForest,202.1,2023-06-06,1,Negative,Ixodes pacificus,HARV_001.20230606.IXOSCA.N,6,2023
HARV,HARV_001,deciduousForest,202.1,2023-06-06,1,Positive,Borrelia sp.,HARV_001.20230606.IXOSCA.N,6,2023
HARV,HARV_001,deciduousForest,202.1,2023-06-06,1,Negative,Ixodes pacificus,HARV_001.20230606.IXOSCA.N,6,2023
HARV,HARV_001,deciduousForest,202.1,2023-06-06,1,Negative,Anaplasma phagocytophilum,HARV_001.20230606.IXOSCA.N,6,2023
HARV,HARV_001,deciduousForest,202.1,2023-06-06,1,Negative,Borrelia mayonii,HARV_001.20230606.IXOSCA.N,6,2023
HARV,HARV_001,deciduousForest,202.1,2023-06-06,1,Negative,Anaplasma phagocytophilum,HARV_001.20230606.IXOSCA.N,6,2023
HARV,HARV_001,deciduousForest,202.1,2023-06-06,1,Negative,Amblyomma americanum,HARV_001.20230606.IXOSCA.N,6,2023
HARV,HARV_001,deciduousForest,202.1,2023-06-06,1,Negative,Borrelia sp.,HARV_001.20230606.IXOSCA.N,6,2023
HARV,HARV_001,deciduousForest,202.1,2023-06-06,1,Positive,Ixodes scapularis,HARV_001.20230606.IXOSCA.N,6,2023
HARV,HARV_001,deciduousForest,202.1,2023-06-06,1,Negative,Amblyomma americanum,HARV_001.20230606.IXOSCA.N,6,2023
HARV,HARV_001,deciduousForest,202.1,2023-06-06,1,Negative,Babesia microti,HARV_001.20230606.IXOSCA.N,6,2023
HARV,HARV_001,deciduousForest,202.1,2023-06-06,1,Negative,Dermacentor variabilis,HARV_001.20230606.IXOSCA.N,6,2023
HARV,HARV_001,deciduousForest,202.1,2023-06-06,1,Negative,Dermacentor variabilis,HARV_001.20230606.IXOSCA.N,6,2023
HARV,HARV_001,deciduousForest,202.1,2023-06-06,1,Negative,Babesia microti,HARV_001.20230606.IXOSCA.N,6,2023
HARV,HARV_001,deciduousForest,202.1,2023-06-06,1,Negative,Ehrlichia muris-like,HARV_001.20230606.IXOSCA.N,6,2023
HARV,HARV_001,deciduousForest,202.1,2023-06-06,1,Negative,Ixodes pacificus,HARV_001.20230606.IXOSCA.N,6,2023
HARV,HARV_001,deciduousForest,202.1,2023-06-06,1,Negative,Dermacentor variabilis,HARV_001.20230606.IXOSCA.N,6,2023
HARV,HARV_001,deciduousForest,202.1,2023-06-06,1,Negative,Ehrlichia muris-like,HARV_001.20230606.IXOSCA.N,6,2023
HARV,HARV_001,deciduousForest,202.1,2023-06-06,1,Negative,Dermacentor variabilis,HARV_001.20230606.IXOSCA.N,6,2023
HARV,HARV_001,deciduousForest,202.1,2023-06-06,1,Negative,Dermacentor variabilis,HARV_001.20230606.IXOSCA.N,6,2023
HARV,HARV_001,deciduousForest,202.1,2023-06-06,1,Negative,Ixodes pacificus,HARV_001.20230606.IXOSCA.N,6,2023
HARV,HARV_001,deciduousForest,202.1,2023-06-06,1,Negative,Dermacentor variabilis,HARV_001.20230606.IXOSCA.N,6,2023
HARV,HARV_001,deciduousForest,202.1,2023-06-06,1,Negative,Ehrlichia muris-like,HARV_001.20230606.IXOSCA.N,6,2023
HARV,HARV_001,deciduousForest,202.1,2023-06-06,1,Negative,Amblyomma americanum,HARV_001.20230606.IXOSCA.N,6,2023
HARV,HARV_001,deciduousForest,202.1,2023-06-06,1,Negative,Amblyomma americanum,HARV_001.20230606.IXOSCA.N,6,2023
HARV,HARV_001,deciduousForest,202.1,2023-06-06,1,Positive,Ixodes scapularis,HARV_001.20230606.IXOSCA.N,6,2023
HARV,HARV_001,deciduousForest,202.1,2023-06-06,1,Negative,Amblyomma americanum,HARV_001.20230606.IXOSCA.N,6,2023
HARV,HARV_001,deciduousForest,202.1,2023-06-06,1,Negative,Babesia microti,HARV_001.20230606.IXOSCA.N,6,2023
HARV,HARV_001,deciduousForest,202.1,2023-06-06,1,Negative,Borrelia miyamotoi,HARV_001.20230606.IXOSCA.N,6,2023
HARV,HARV_001,deciduousForest,202.1,2023-06-06,1,Negative,Dermacentor variabilis,HARV_001.20230606.IXOSCA.N,6,2023
HARV,HARV_001,deciduousForest,202.1,2023-06-06,1,Negative,Borrelia burgdorferi sensu lato,HARV_001.20230606.IXOSCA.N,6,2023
HARV,HARV_001,deciduousForest,202.1,2023-06-06,1,Negative,Borrelia miyamotoi,HARV_001.20230606.IXOSCA.N,6,2023
HARV,HARV_001,deciduousForest,202.1,2023-06-06,1,Negative,Borrelia sp.,HARV_001.20230606.IXOSCA.N,6,2023
HARV,HARV_001,deciduousForest,202.1,2023-06-06,1,Positive,Ixodes scapularis,HARV_001.20230606.IXOSCA.N,6,2023
HARV,HARV_001,deciduousForest,202.1,2023-06-06,1,Negative,Babesia microti,HARV_001.20230606.IXOSCA.N,6,2023
HARV,HARV_001,deciduousForest,202.1,2023-06-06,1,Negative,Anaplasma phagocytophilum,HARV_001.20230606.IXOSCA.N,6,2023
HARV,HARV_001,deciduousForest,202.1,2023-06-06,1,Negative,Borrelia sp.,HARV_001.20230606.IXOSCA.N,6,2023
HARV,HARV_001,deciduousForest,202.1,2023-06-06,1,Negative,Dermacentor variabilis,HARV_001.20230606.IXOSCA.N,6,2023
HARV,HARV_001,deciduousForest,202.1,2023-06-06,1,Negative,Ixodes pacificus,HARV_001.20230606.IXOSCA.N,6,2023
HARV,HARV_001,deciduousForest,202.1,2023-06-06,1,Negative,Amblyomma americanum,HARV_001.20230606.IXOSCA.N,6,2023
HARV,HARV_001,deciduousForest,202.1,2023-06-06,1,Negative,Ehrlichia muris-like,HARV_001.20230606.IXOSCA.N,6,2023
HARV,HARV_001,deciduousForest,202.1,2023-06-06,1,Negative,Babesia microti,HARV_001.20230606.IXOSCA.N,6,2023
HARV,HARV_001,deciduousForest,202.1,2023-06-06,1,Negative,Anaplasma phagocytophilum,HARV_001.20230606.IXOSCA.N,6,2023
HARV,HARV_001,deciduousForest,202.1,2023-06-06,1,Negative,Dermacentor variabilis,HARV_001.20230606.IXOSCA.N,6,2023
HARV,HARV_001,deciduousForest,202.1,2023-06-06,1,Negative,Borrelia burgdorferi sensu lato,HARV_001.20230606.IXOSCA.N,6,2023
HARV,HARV_001,deciduousForest,202.1,2023-06-06,1,Positive,Ixodes scapularis,HARV_001.20230606.IXOSCA.N,6,2023
HARV,HARV_001,deciduousForest,202.1,2023-06-06,1,Positive,Ixodes scapularis,HARV_001.20230606.IXOSCA.N,6,2023
HARV,HARV_001,deciduousForest,202.1,2023-06-06,1,Negative,Borrelia mayonii,HARV_001.20230606.IXOSCA.N,6,2023
HARV,HARV_001,deciduousForest,202.1,2023-06-06,1,Negative,Ixodes pacificus,HARV_001.20230606.IXOSCA.N,6,2023
HARV,HARV_001,deciduousForest,202.1,2023-06-06,1,Negative,Borrelia miyamotoi,HARV_001.20230606.IXOSCA.N,6,2023
HARV,HARV_001,deciduousForest,202.1,2023-06-06,1,Negative,Anaplasma phagocytophilum,HARV_001.20230606.IXOSCA.N,6,2023
HARV,HARV_001,deciduousForest,202.1,2023-06-06,1,Negative,Anaplasma phagocytophilum,HARV_001.20230606.IXOSCA.N,6,2023
HARV,HARV_001,deciduousForest,202.1,2023-06-06,1,Negative,Ixodes pacificus,HARV_001.20230606.IXOSCA.N,6,2023
HARV,HARV_001,deciduousForest,202.1,2023-06-06,1,Negative,Amblyomma americanum,HARV_001.20230606.IXOSCA.N,6,2023
HARV,HARV_001,deciduousForest,202.1,2023-06-06,1,Negative,Babesia microti,HARV_001.20230606.IXOSCA.N,6,2023
HARV,HARV_001,deciduousForest,202.1,2023-06-06,1,Negative,Borrelia burgdorferi sensu lato,HARV_001.20230606.IXOSCA.N,6,2023
HARV,HARV_001,deciduousForest,202.1,2023-06-06,1,Negative,Borrelia miyamotoi,HARV_001.20230606.IXOSCA.N,6,2023
HARV,HARV_001,deciduousForest,202.1,2023-06-06,1,Positive,Ixodes scapularis,HARV_001.20230606.IXOSCA.N,6,2023
HARV,HARV_001,deciduousForest,202.1,2023-06-06,1,Negative,Borrelia mayonii,HARV_001.20230606.IXOSCA.N,6,2023
HARV,HARV_001,deciduousForest,202.1,2023-06-06,1,Negative,Babesia microti,HARV_001.20230606.IXOSCA.N,6,2023
HARV,HARV_001,deciduousForest,202.1,2023-06-06,1,Negative,Ixodes pacificus,HARV_001.20230606.IXOSCA.N,6,2023
HARV,HARV_001,deciduousForest,202.1,2023-06-06,1,Negative,Ehrlichia muris-like,HARV_001.20230606.IXOSCA.N,6,2023
HARV,HARV_001,deciduousForest,202.1,2023-06-06,1,Negative,Borrelia sp.,HARV_001.20230606.IXOSCA.N,6,2023
HARV,HARV_001,deciduousForest,202.1,2023-06-06,1,Negative,Borrelia miyamotoi,HARV_001.20230606.IXOSCA.N,6,2023
HARV,HARV_001,deciduousForest,202.1,2023-06-06,1,Positive,Borrelia sp.,HARV_001.20230606.IXOSCA.N,6,2023
HARV,HARV_001,deciduousForest,202.1,2023-06-06,1,Negative,Amblyomma americanum,HARV_001.20230606.IXOSCA.N,6,2023
HARV,HARV_001,deciduousForest,202.1,2023-06-06,1,Negative,Borrelia burgdorferi sensu lato,HARV_001.20230606.IXOSCA.N,6,2023
HARV,HARV_001,deciduousForest,202.1,2023-06-06,1,Negative,Borrelia sp.,HARV_001.20230606.IXOSCA.N,6,2023
HARV,HARV_001,deciduousForest,202.1,2023-06-06,1,Negative,Amblyomma americanum,HARV_001.20230606.IXOSCA.N,6,2023
HARV,HARV_001,deciduousForest,202.1,2023-06-06,1,Negative,Borrelia miyamotoi,HARV_001.20230606.IXOSCA.N,6,2023
HARV,HARV_001,deciduousForest,202.1,2023-06-06,1,Negative,Anaplasma phagocytophilum,HARV_001.20230606.IXOSCA.N,6,2023
HARV,HARV_001,deciduousForest,202.1,2023-06-06,1,Negative,Amblyomma americanum,HARV_001.20230606.IXOSCA.N,6,2023
HARV,HARV_001,deciduousForest,202.1,2023-06-06,1,Positive,Borrelia burgdorferi sensu lato,HARV_001.20230606.IXOSCA.N,6,2023
HARV,HARV_001,deciduousForest,202.1,2023-06-06,1,Negative,Borrelia mayonii,HARV_001.20230606.IXOSCA.N,6,2023
HARV,HARV_001,deciduousForest,202.1,2023-06-06,1,Negative,Borrelia sp.,HARV_001.20230606.IXOSCA.N,6,2023
HARV,HARV_001,deciduousForest,202.1,2023-06-06,1,Negative,Borrelia miyamotoi,HARV_001.20230606.IXOSCA.N,6,2023
HARV,HARV_001,deciduousForest,202.1,2023-06-06,1,Negative,Borrelia sp.,HARV_001.20230606.IXOSCA.N,6,2023
HARV,HARV_001,deciduousForest,202.1,2023-06-06,1,Negative,Anaplasma phagocytophilum,HARV_001.20230606.IXOSCA.N,6,2023
HARV,HARV_001,deciduousForest,202.1,2023-06-06,1,Positive,Borrelia sp.,HARV_001.20230606.IXOSCA.N,6,2023
HARV,HARV_001,deciduousForest,202.1,2023-06-06,1,Negative,Borrelia burgdorferi sensu lato,HARV_001.20230606.IXOSCA.N,6,2023
HARV,HARV_001,deciduousForest,202.1,2023-06-06,1,Negative,Ehrlichia muris-like,HARV_001.20230606.IXOSCA.N,6,2023
HARV,HARV_001,deciduousForest,202.1,2023-06-06,1,Negative,Babesia microti,HARV_001.20230606.IXOSCA.N,6,2023
HARV,HARV_001,deciduousForest,202.1,2023-06-06,1,Negative,Borrelia mayonii,HARV_001.20230606.IXOSCA.N,6,2023
HARV,HARV_001,deciduousForest,202.1,2023-06-06,1,Positive,Ixodes scapularis,HARV_001.20230606.IXOSCA.N,6,2023
HARV,HARV_001,deciduousForest,202.1,2023-06-06,1,Negative,Babesia microti,HARV_001.20230606.IXOSCA.N,6,2023
HARV,HARV_001,deciduousForest,202.1,2023-06-06,1,Negative,Dermacentor variabilis,HARV_001.20230606.IXOSCA.N,6,2023
HARV,HARV_001,deciduousForest,202.1,2023-06-06,1,Negative,Borrelia burgdorferi sensu lato,HARV_001.20230606.IXOSCA.N,6,2023
HARV,HARV_001,deciduousForest,202.1,2023-06-06,1,Negative,Ixodes pacificus,HARV_001.20230606.IXOSCA.N,6,2023
HARV,HARV_001,deciduousForest,202.1,2023-06-06,1,Negative,Borrelia miyamotoi,HARV_001.20230606.IXOSCA.N,6,2023
HARV,HARV_001,deciduousForest,202.1,2023-06-06,1,Negative,Borrelia sp.,HARV_001.20230606.IXOSCA.N,6,2023
HARV,HARV_001,deciduousForest,202.1,2023-06-06,1,Negative,Anaplasma phagocytophilum,HARV_001.20230606.IXOSCA.N,6,2023
HARV,HARV_001,deciduousForest,202.1,2023-06-06,1,Negative,Borrelia miyamotoi,HARV_001.20230606.IXOSCA.N,6,2023
HARV,HARV_001,deciduousForest,202.1,2023-06-06,1,Negative,Ixodes pacificus,HARV_001.20230606.IXOSCA.N,6,2023
HARV,HARV_001,deciduousForest,202.1,2023-06-06,1,Positive,Ixodes scapularis,HARV_001.20230606.IXOSCA.N,6,2023
HARV,HARV_001,deciduousForest,202.1,2023-06-06,1,Negative,Ixodes pacificus,HARV_001.20230606.IXOSCA.N,6,2023
HARV,HARV_001,deciduousForest,202.1,2023-06-06,1,Negative,Ehrlichia muris-like,HARV_001.20230606.IXOSCA.N,6,2023
HARV,HARV_001,deciduousForest,202.1,2023-06-06,1,Positive,Ixodes scapularis,HARV_001.20230606.IXOSCA.N,6,2023
HARV,HARV_001,deciduousForest,202.1,2023-06-06,1,Negative,Ehrlichia muris-like,HARV_001.20230606.IXOSCA.N,6,2023
HARV,HARV_001,deciduousForest,202.1,2023-06-06,1,Negative,Borrelia burgdorferi sensu lato,HARV_001.20230606.IXOSCA.N,6,2023
HARV,HARV_001,deciduousForest,202.1,2023-06-06,1,Positive,Ixodes scapularis,HARV_001.20230606.IXOSCA.N,6,2023
HARV,HARV_001,deciduousForest,202.1,2023-06-06,1,Positive,Ixodes scapularis,HARV_001.20230606.IXOSCA.N,6,2023
HARV,HARV_001,deciduousForest,202.1,2023-06-06,1,Negative,Dermacentor variabilis,HARV_001.20230606.IXOSCA.N,6,2023
HARV,HARV_001,deciduousForest,202.1,2023-06-06,1,Negative,Amblyomma americanum,HARV_001.20230606.IXOSCA.N,6,2023
HARV,HARV_001,deciduousForest,202.1,2023-06-06,1,Negative,Ehrlichia muris-like,HARV_001.20230606.IXOSCA.N,6,2023
HARV,HARV_001,deciduousForest,202.1,2023-06-06,1,Negative,Ehrlichia muris-like,HARV_001.20230606.IXOSCA.N,6,2023
HARV,HARV_001,deciduousForest,202.1,2023-06-06,1,Negative,Dermacentor variabilis,HARV_001.20230606.IXOSCA.N,6,2023
HARV,HARV_001,deciduousForest,202.1,2023-06-06,1,Negative,Borrelia burgdorferi sensu lato,HARV_001.20230606.IXOSCA.N,6,2023
HARV,HARV_001,deciduousForest,202.1,2023-06-06,1,Negative,Borrelia mayonii,HARV_001.20230606.IXOSCA.N,6,2023
HARV,HARV_001,deciduousForest,202.1,2023-06-06,1,Negative,Borrelia burgdorferi sensu lato,HARV_001.20230606.IXOSCA.N,6,2023
HARV,HARV_001,deciduousForest,202.1,2023-06-06,1,Negative,Borrelia burgdorferi sensu lato,HARV_001.20230606.IXOSCA.N,6,2023
HARV,HARV_001,deciduousForest,202.1,2023-06-06,1,Negative,Amblyomma americanum,HARV_001.20230606.IXOSCA.N,6,2023
HARV,HARV_001,deciduousForest,202.1,2023-06-06,1,Negative,Ixodes pacificus,HARV_001.20230606.IXOSCA.N,6,2023
HARV,HARV_001,deciduousForest,202.1,2023-06-06,1,Negative,Amblyomma americanum,HARV_001.20230606.IXOSCA.N,6,2023
HARV,HARV_001,deciduousForest,202.1,2023-06-06,1,Negative,Dermacentor variabilis,HARV_001.20230606.IXOSCA.N,6,2023
HARV,HARV_001,deciduousForest,202.1,2023-06-06,1,Negative,Borrelia mayonii,HARV_001.20230606.IXOSCA.N,6,2023
HARV,HARV_001,deciduousForest,202.1,2023-06-06,1,Negative,Amblyomma americanum,HARV_001.20230606.IXOSCA.N,6,2023
HARV,HARV_001,deciduousForest,202.1,2023-06-06,1,Positive,Ixodes scapularis,HARV_001.20230606.IXOSCA.N,6,2023
HARV,HARV_001,deciduousForest,202.1,2023-06-06,1,Positive,Borrelia burgdorferi sensu lato,HARV_001.20230606.IXOSCA.N,6,2023
HARV,HARV_001,deciduousForest,202.1,2023-06-06,1,Positive,Borrelia burgdorferi sensu lato,HARV_001.20230606.IXOSCA.N,6,2023
HARV,HARV_001,deciduousForest,202.1,2023-06-06,1,Negative,Borrelia sp.,HARV_001.20230606.IXOSCA.N,6,2023
HARV,HARV_001,deciduousForest,202.1,2023-06-06,1,Positive,Ixodes scapularis,HARV_001.20230606.IXOSCA.N,6,2023
HARV,HARV_001,deciduousForest,202.1,2023-06-06,1,Negative,Dermacentor variabilis,HARV_001.20230606.IXOSCA.N,6,2023
HARV,HARV_001,deciduousForest,202.1,2023-06-06,1,Negative,Borrelia sp.,HARV_001.20230606.IXOSCA.N,6,2023
HARV,HARV_001,deciduousForest,202.1,2023-06-06,1,Negative,Borrelia mayonii,HARV_001.20230606.IXOSCA.N,6,2023
HARV,HARV_001,deciduousForest,202.1,2023-06-06,1,Negative,Babesia microti,HARV_001.20230606.IXOSCA.N,6,2023
HARV,HARV_001,deciduousForest,202.1,2023-06-06,1,Negative,Ixodes pacificus,HARV_001.20230606.IXOSCA.N,6,2023
HARV,HARV_001,deciduousForest,202.1,2023-06-06,1,Negative,Borrelia sp.,HARV_001.20230606.IXOSCA.N,6,2023
HARV,HARV_001,deciduousForest,202.1,2023-06-06,1,Negative,Dermacentor variabilis,HARV_001.20230606.IXOSCA.N,6,2023
HARV,HARV_001,deciduousForest,202.1,2023-06-06,1,Negative,Ehrlichia muris-like,HARV_001.20230606.IXOSCA.N,6,2023
HARV,HARV_001,deciduousForest,202.1,2023-06-06,1,Negative,Ehrlichia muris-like,HARV_001.20230606.IXOSCA.N,6,2023
HARV,HARV_001,deciduousForest,202.1,2023-06-06,1,Negative,Ixodes pacificus,HARV_001.20230606.IXOSCA.N,6,2023
HARV,HARV_001,deciduousForest,202.1,2023-06-06,1,Negative,Ehrlichia muris-like,HARV_001.20230606.IXOSCA.N,6,2023
HARV,HARV_001,deciduousForest,202.1,2023-06-06,1,Negative,Ehrlichia muris-like,HARV_001.20230606.IXOSCA.N,6,2023
HARV,HARV_001,deciduousForest,202.1,2023-06-06,1,Negative,Ehrlichia muris-like,HARV_001.20230606.IXOSCA.N,6,2023
HARV,HARV_001,deciduousForest,202.1,2023-06-06,1,Negative,Borrelia sp.,HARV_001.20230606.IXOSCA.N,6,2023
HARV,HARV_001,deciduousForest,202.1,2023-06-06,1,Positive,Ixodes scapularis,HARV_001.20230606.IXOSCA.N,6,2023
HARV,HARV_001,deciduousForest,202.1,2023-06-06,1,Negative,Borrelia burgdorferi sensu lato,HARV_001.20230606.IXOSCA.N,6,2023
HARV,HARV_001,deciduousForest,202.1,2023-06-06,1,Negative,Anaplasma phagocytophilum,HARV_001.20230606.IXOSCA.N,6,2023
HARV,HARV_001,deciduousForest,202.1,2023-06-06,1,Negative,Ixodes pacificus,HARV_001.20230606.IXOSCA.N,6,2023
HARV,HARV_001,deciduousForest,202.1,2023-06-06,1,Negative,Babesia microti,HARV_001.20230606.IXOSCA.N,6,2023
HARV,HARV_001,deciduousForest,202.1,2023-06-06,1,Negative,Anaplasma phagocytophilum,HARV_001.20230606.IXOSCA.N,6,2023
HARV,HARV_001,deciduousForest,202.1,2023-06-06,1,Negative,Borrelia mayonii,HARV_001.20230606.IXOSCA.N,6,2023
HARV,HARV_001,deciduousForest,202.1,2023-06-06,1,Negative,Borrelia miyamotoi,HARV_001.20230606.IXOSCA.N,6,2023
HARV,HARV_001,deciduousForest,202.1,2023-06-06,1,Negative,Amblyomma americanum,HARV_001.20230606.IXOSCA.N,6,2023
HARV,HARV_001,deciduousForest,202.1,2023-06-06,1,Negative,Borrelia miyamotoi,HARV_001.20230606.IXOSCA.N,6,2023
HARV,HARV_001,deciduousForest,202.1,2023-06-06,1,Negative,Ixodes pacificus,HARV_001.20230606.IXOSCA.N,6,2023
HARV,HARV_001,deciduousForest,202.1,2023-06-06,1,Negative,Borrelia miyamotoi,HARV_001.20230606.IXOSCA.N,6,2023
HARV,HARV_001,deciduousForest,202.1,2023-06-06,1,Negative,Borrelia miyamotoi,HARV_001.20230606.IXOSCA.N,6,2023
HARV,HARV_001,deciduousForest,202.1,2023-06-06,1,Positive,Borrelia burgdorferi sensu lato,HARV_001.20230606.IXOSCA.N,6,2023
HARV,HARV_001,deciduousForest,202.1,2023-06-06,1,Negative,Babesia microti,HARV_001.20230606.IXOSCA.N,6,2023
HARV,HARV_001,deciduousForest,202.1,2023-06-06,1,Negative,Borrelia miyamotoi,HARV_001.20230606.IXOSCA.N,6,2023
HARV,HARV_001,deciduousForest,202.1,2023-06-06,1,Negative,Ehrlichia muris-like,HARV_001.20230606.IXOSCA.N,6,2023
HARV,HARV_001,deciduousForest,202.1,2023-06-06,1,Negative,Anaplasma phagocytophilum,HARV_001.20230606.IXOSCA.N,6,2023
HARV,HARV_001,deciduousForest,202.1,2023-06-06,1,Negative,Anaplasma phagocytophilum,HARV_001.20230606.IXOSCA.N,6,2023
HARV,HARV_001,deciduousForest,202.1,2023-06-06,1,Negative,Amblyomma americanum,HARV_001.20230606.IXOSCA.N,6,2023
HARV,HARV_001,deciduousForest,202.1,2023-06-06,1,Negative,Babesia microti,HARV_001.20230606.IXOSCA.N,6,2023
HARV,HARV_001,deciduousForest,202.1,2023-06-06,1,Positive,Ixodes scapularis,HARV_001.20230606.IXOSCA.N,6,2023
HARV,HARV_001,deciduousForest,202.1,2023-06-06,1,Negative,Borrelia sp.,HARV_001.20230606.IXOSCA.N,6,2023
HARV,HARV_001,deciduousForest,202.1,2023-06-06,1,Negative,Anaplasma phagocytophilum,HARV_001.20230606.IXOSCA.N,6,2023
HARV,HARV_001,deciduousForest,202.1,2023-06-06,1,Negative,Babesia microti,HARV_001.20230606.IXOSCA.N,6,2023
HARV,HARV_001,deciduousForest,202.1,2023-06-06,1,Negative,Borrelia burgdorferi sensu lato,HARV_001.20230606.IXOSCA.N,6,2023
HARV,HARV_001,deciduousForest,202.1,2023-06-06,1,Negative,Borrelia miyamotoi,HARV_001.20230606.IXOSCA.N,6,2023
HARV,HARV_001,deciduousForest,202.1,2023-06-06,1,Negative,Ehrlichia muris-like,HARV_001.20230606.IXOSCA.N,6,2023
HARV,HARV_001,deciduousForest,202.1,2023-06-06,1,Negative,Dermacentor variabilis,HARV_001.20230606.IXOSCA.N,6,2023
HARV,HARV_001,deciduousForest,202.1,2023-06-06,1,Negative,Borrelia mayonii,HARV_001.20230606.IXOSCA.N,6,2023
HARV,HARV_001,deciduousForest,202.1,2023-06-06,1,Negative,Ixodes pacificus,HARV_001.20230606.IXOSCA.N,6,2023
HARV,HARV_001,deciduousForest,202.1,2023-06-06,1,Negative,Babesia microti,HARV_001.20230606.IXOSCA.N,6,2023
HARV,HARV_001,deciduousForest,202.1,2023-06-06,1,Positive,Ixodes scapularis,HARV_001.20230606.IXOSCA.N,6,2023
HARV,HARV_001,deciduousForest,202.1,2023-06-06,1,Negative,Borrelia mayonii,HARV_001.20230606.IXOSCA.N,6,2023
HARV,HARV_001,deciduousForest,202.1,2023-06-06,1,Negative,Anaplasma phagocytophilum,HARV_001.20230606.IXOSCA.N,6,2023
HARV,HARV_001,deciduousForest,202.1,2023-06-06,1,Negative,Ehrlichia muris-like,HARV_001.20230606.IXOSCA.N,6,2023
HARV,HARV_004,mixedForest,182.6,2023-06-06,1,Negative,Borrelia mayonii,HARV_004.20230606.IXOSCA.N,6,2023
HARV,HARV_004,mixedForest,182.6,2023-06-06,1,Negative,Dermacentor variabilis,HARV_004.20230606.IXOSCA.N,6,2023
HARV,HARV_004,mixedForest,182.6,2023-06-06,1,Negative,Borrelia miyamotoi,HARV_004.20230606.IXOSCA.N,6,2023
HARV,HARV_004,mixedForest,182.6,2023-06-06,1,Negative,Babesia microti,HARV_004.20230606.IXOSCA.N,6,2023
HARV,HARV_004,mixedForest,182.6,2023-06-06,1,Negative,Dermacentor variabilis,HARV_004.20230606.IXOSCA.N,6,2023
HARV,HARV_004,mixedForest,182.6,2023-06-06,1,Negative,Borrelia burgdorferi sensu lato,HARV_004.20230606.IXOSCA.N,6,2023
HARV,HARV_004,mixedForest,182.6,2023-06-06,1,Positive,Borrelia burgdorferi sensu lato,HARV_004.20230606.IXOSCA.N,6,2023
HARV,HARV_004,mixedForest,182.6,2023-06-06,1,Negative,Babesia microti,HARV_004.20230606.IXOSCA.N,6,2023
HARV,HARV_004,mixedForest,182.6,2023-06-06,1,Positive,Borrelia sp.,HARV_004.20230606.IXOSCA.N,6,2023
HARV,HARV_004,mixedForest,182.6,2023-06-06,1,Negative,Borrelia burgdorferi sensu lato,HARV_004.20230606.IXOSCA.N,6,2023
HARV,HARV_004,mixedForest,182.6,2023-06-06,1,Negative,Babesia microti,HARV_004.20230606.IXOSCA.N,6,2023
HARV,HARV_004,mixedForest,182.6,2023-06-06,1,Negative,Borrelia burgdorferi sensu lato,HARV_004.20230606.IXOSCA.N,6,2023
HARV,HARV_004,mixedForest,182.6,2023-06-06,1,Negative,Borrelia burgdorferi sensu lato,HARV_004.20230606.IXOSCA.N,6,2023
HARV,HARV_004,mixedForest,182.6,2023-06-06,1,Negative,Amblyomma americanum,HARV_004.20230606.IXOSCA.N,6,2023
HARV,HARV_004,mixedForest,182.6,2023-06-06,1,Positive,Anaplasma phagocytophilum,HARV_004.20230606.IXOSCA.N,6,2023
HARV,HARV_004,mixedForest,182.6,2023-06-06,1,Negative,Borrelia burgdorferi sensu lato,HARV_004.20230606.IXOSCA.N,6,2023
HARV,HARV_004,mixedForest,182.6,2023-06-06,1,Negative,Babesia microti,HARV_004.20230606.IXOSCA.N,6,2023
HARV,HARV_004,mixedForest,182.6,2023-06-06,1,Negative,Borrelia sp.,HARV_004.20230606.IXOSCA.N,6,2023
HARV,HARV_004,mixedForest,182.6,2023-06-06,1,Negative,Ehrlichia muris-like,HARV_004.20230606.IXOSCA.N,6,2023
HARV,HARV_004,mixedForest,182.6,2023-06-06,1,Negative,Amblyomma americanum,HARV_004.20230606.IXOSCA.N,6,2023
HARV,HARV_004,mixedForest,182.6,2023-06-06,1,Negative,Borrelia sp.,HARV_004.20230606.IXOSCA.N,6,2023
HARV,HARV_004,mixedForest,182.6,2023-06-06,1,Positive,Ixodes scapularis,HARV_004.20230606.IXOSCA.N,6,2023
HARV,HARV_004,mixedForest,182.6,2023-06-06,1,Positive,Ixodes scapularis,HARV_004.20230606.IXOSCA.N,6,2023
HARV,HARV_004,mixedForest,182.6,2023-06-06,1,Negative,Borrelia mayonii,HARV_004.20230606.IXOSCA.N,6,2023
HARV,HARV_004,mixedForest,182.6,2023-06-06,1,Positive,Ixodes scapularis,HARV_004.20230606.IXOSCA.N,6,2023
HARV,HARV_004,mixedForest,182.6,2023-06-06,1,Positive,Ixodes scapularis,HARV_004.20230606.IXOSCA.N,6,2023
HARV,HARV_004,mixedForest,182.6,2023-06-06,1,Negative,Amblyomma americanum,HARV_004.20230606.IXOSCA.N,6,2023
HARV,HARV_004,mixedForest,182.6,2023-06-06,1,Negative,Borrelia burgdorferi sensu lato,HARV_004.20230606.IXOSCA.N,6,2023
HARV,HARV_004,mixedForest,182.6,2023-06-06,1,Negative,Ixodes pacificus,HARV_004.20230606.IXOSCA.N,6,2023
HARV,HARV_004,mixedForest,182.6,2023-06-06,1,Negative,Amblyomma americanum,HARV_004.20230606.IXOSCA.N,6,2023
HARV,HARV_004,mixedForest,182.6,2023-06-06,1,Negative,Borrelia sp.,HARV_004.20230606.IXOSCA.N,6,2023
HARV,HARV_004,mixedForest,182.6,2023-06-06,1,Negative,Anaplasma phagocytophilum,HARV_004.20230606.IXOSCA.N,6,2023
HARV,HARV_004,mixedForest,182.6,2023-06-06,1,Negative,Babesia microti,HARV_004.20230606.IXOSCA.N,6,2023
HARV,HARV_004,mixedForest,182.6,2023-06-06,1,Negative,Amblyomma americanum,HARV_004.20230606.IXOSCA.N,6,2023
HARV,HARV_004,mixedForest,182.6,2023-06-06,1,Negative,Ixodes pacificus,HARV_004.20230606.IXOSCA.N,6,2023
HARV,HARV_004,mixedForest,182.6,2023-06-06,1,Negative,Borrelia mayonii,HARV_004.20230606.IXOSCA.N,6,2023
HARV,HARV_004,mixedForest,182.6,2023-06-06,1,Negative,Ehrlichia muris-like,HARV_004.20230606.IXOSCA.N,6,2023
HARV,HARV_004,mixedForest,182.6,2023-06-06,1,Negative,Dermacentor variabilis,HARV_004.20230606.IXOSCA.N,6,2023
HARV,HARV_004,mixedForest,182.6,2023-06-06,1,Negative,Ehrlichia muris-like,HARV_004.20230606.IXOSCA.N,6,2023
HARV,HARV_004,mixedForest,182.6,2023-06-06,1,Negative,Amblyomma americanum,HARV_004.20230606.IXOSCA.N,6,2023
HARV,HARV_004,mixedForest,182.6,2023-06-06,1,Negative,Anaplasma phagocytophilum,HARV_004.20230606.IXOSCA.N,6,2023
HARV,HARV_004,mixedForest,182.6,2023-06-06,1,Negative,Amblyomma americanum,HARV_004.20230606.IXOSCA.N,6,2023
HARV,HARV_004,mixedForest,182.6,2023-06-06,1,Negative,Ixodes pacificus,HARV_004.20230606.IXOSCA.N,6,2023
HARV,HARV_004,mixedForest,182.6,2023-06-06,1,Negative,Borrelia mayonii,HARV_004.20230606.IXOSCA.N,6,2023
HARV,HARV_004,mixedForest,182.6,2023-06-06,1,Negative,Ixodes pacificus,HARV_004.20230606.IXOSCA.N,6,2023
HARV,HARV_004,mixedForest,182.6,2023-06-06,1,Negative,Borrelia mayonii,HARV_004.20230606.IXOSCA.N,6,2023
HARV,HARV_004,mixedForest,182.6,2023-06-06,1,Negative,Borrelia mayonii,HARV_004.20230606.IXOSCA.N,6,2023
HARV,HARV_004,mixedForest,182.6,2023-06-06,1,Negative,Dermacentor variabilis,HARV_004.20230606.IXOSCA.N,6,2023
HARV,HARV_004,mixedForest,182.6,2023-06-06,1,Negative,Borrelia miyamotoi,HARV_004.20230606.IXOSCA.N,6,2023
HARV,HARV_004,mixedForest,182.6,2023-06-06,1,Negative,Anaplasma phagocytophilum,HARV_004.20230606.IXOSCA.N,6,2023
HARV,HARV_004,mixedForest,182.6,2023-06-06,1,Positive,Ixodes scapularis,HARV_004.20230606.IXOSCA.N,6,2023
HARV,HARV_004,mixedForest,182.6,2023-06-06,1,Positive,Borrelia burgdorferi sensu lato,HARV_004.20230606.IXOSCA.N,6,2023
HARV,HARV_004,mixedForest,182.6,2023-06-06,1,Negative,Borrelia miyamotoi,HARV_004.20230606.IXOSCA.N,6,2023
HARV,HARV_004,mixedForest,182.6,2023-06-06,1,Negative,Babesia microti,HARV_004.20230606.IXOSCA.N,6,2023
HARV,HARV_004,mixedForest,182.6,2023-06-06,1,Negative,Borrelia sp.,HARV_004.20230606.IXOSCA.N,6,2023
HARV,HARV_004,mixedForest,182.6,2023-06-06,1,Negative,Borrelia miyamotoi,HARV_004.20230606.IXOSCA.N,6,2023
HARV,HARV_004,mixedForest,182.6,2023-06-06,1,Negative,Ehrlichia muris-like,HARV_004.20230606.IXOSCA.N,6,2023
HARV,HARV_004,mixedForest,182.6,2023-06-06,1,Positive,Borrelia sp.,HARV_004.20230606.IXOSCA.N,6,2023
HARV,HARV_004,mixedForest,182.6,2023-06-06,1,Negative,Borrelia mayonii,HARV_004.20230606.IXOSCA.N,6,2023
HARV,HARV_004,mixedForest,182.6,2023-06-06,1,Negative,Ehrlichia muris-like,HARV_004.20230606.IXOSCA.N,6,2023
HARV,HARV_004,mixedForest,182.6,2023-06-06,1,Negative,Anaplasma phagocytophilum,HARV_004.20230606.IXOSCA.N,6,2023
HARV,HARV_004,mixedForest,182.6,2023-06-06,1,Negative,Borrelia miyamotoi,HARV_004.20230606.IXOSCA.N,6,2023
HARV,HARV_004,mixedForest,182.6,2023-06-06,1,Positive,Ixodes scapularis,HARV_004.20230606.IXOSCA.N,6,2023
HARV,HARV_004,mixedForest,182.6,2023-06-06,1,Negative,Anaplasma phagocytophilum,HARV_004.20230606.IXOSCA.N,6,2023
HARV,HARV_004,mixedForest,182.6,2023-06-06,1,Negative,Borrelia mayonii,HARV_004.20230606.IXOSCA.N,6,2023
HARV,HARV_004,mixedForest,182.6,2023-06-06,1,Negative,Anaplasma phagocytophilum,HARV_004.20230606.IXOSCA.N,6,2023
HARV,HARV_004,mixedForest,182.6,2023-06-06,1,Negative,Borrelia miyamotoi,HARV_004.20230606.IXOSCA.N,6,2023
HARV,HARV_004,mixedForest,182.6,2023-06-06,1,Negative,Amblyomma americanum,HARV_004.20230606.IXOSCA.N,6,2023
HARV,HARV_004,mixedForest,182.6,2023-06-06,1,Negative,Borrelia sp.,HARV_004.20230606.IXOSCA.N,6,2023
HARV,HARV_004,mixedForest,182.6,2023-06-06,1,Negative,Ehrlichia muris-like,HARV_004.20230606.IXOSCA.N,6,2023
HARV,HARV_004,mixedForest,182.6,2023-06-06,1,Negative,Ixodes pacificus,HARV_004.20230606.IXOSCA.N,6,2023
HARV,HARV_004,mixedForest,182.6,2023-06-06,1,Negative,Anaplasma phagocytophilum,HARV_004.20230606.IXOSCA.N,6,2023
HARV,HARV_004,mixedForest,182.6,2023-06-06,1,Negative,Ixodes pacificus,HARV_004.20230606.IXOSCA.N,6,2023
HARV,HARV_004,mixedForest,182.6,2023-06-06,1,Negative,Ixodes pacificus,HARV_004.20230606.IXOSCA.N,6,2023
HARV,HARV_004,mixedForest,182.6,2023-06-06,1,Negative,Dermacentor variabilis,HARV_004.20230606.IXOSCA.N,6,2023
HARV,HARV_004,mixedForest,182.6,2023-06-06,1,Negative,Dermacentor variabilis,HARV_004.20230606.IXOSCA.N,6,2023
HARV,HARV_004,mixedForest,182.6,2023-06-06,1,Negative,Borrelia miyamotoi,HARV_004.20230606.IXOSCA.N,6,2023
HARV,HARV_004,mixedForest,182.6,2023-06-06,1,Negative,Borrelia sp.,HARV_004.20230606.IXOSCA.N,6,2023
HARV,HARV_004,mixedForest,182.6,2023-06-06,1,Negative,Ehrlichia muris-like,HARV_004.20230606.IXOSCA.N,6,2023
HARV,HARV_004,mixedForest,182.6,2023-06-06,1,Negative,Ixodes pacificus,HARV_004.20230606.IXOSCA.N,6,2023
HARV,HARV_004,mixedForest,182.6,2023-06-06,1,Positive,Ixodes scapularis,HARV_004.20230606.IXOSCA.N,6,2023
HARV,HARV_004,mixedForest,182.6,2023-06-06,1,Negative,Babesia microti,HARV_004.20230606.IXOSCA.N,6,2023
HARV,HARV_004,mixedForest,182.6,2023-06-06,1,Negative,Dermacentor variabilis,HARV_004.20230606.IXOSCA.N,6,2023
HARV,HARV_004,mixedForest,182.6,2023-06-06,1,Negative,Babesia microti,HARV_004.20230606.IXOSCA.N,6,2023
HARV,HARV_004,mixedForest,182.6,2023-06-06,1,Negative,Dermacentor variabilis,HARV_004.20230606.IXOSCA.N,6,2023
HARV,HARV_004,mixedForest,182.6,2023-06-06,1,Negative,Borrelia miyamotoi,HARV_004.20230606.IXOSCA.N,6,2023
HARV,HARV_004,mixedForest,182.6,2023-06-06,1,Positive,Ixodes scapularis,HARV_004.20230606.IXOSCA.N,6,2023
HARV,HARV_004,mixedForest,182.6,2023-06-06,1,Negative,Ehrlichia muris-like,HARV_004.20230606.IXOSCA.N,6,2023
HARV,HARV_022,evergreenForest,185.9,2023-06-12,1,Negative,Babesia microti,HARV_022.20230612.IXOSCA.N,6,2023
HARV,HARV_022,evergreenForest,185.9,2023-06-12,1,Negative,Ehrlichia muris-like,HARV_022.20230612.IXOSCA.N,6,2023
HARV,HARV_022,evergreenForest,185.9,2023-06-12,1,Negative,Borrelia sp.,HARV_022.20230612.IXOSCA.N,6,2023
HARV,HARV_022,evergreenForest,185.9,2023-06-12,1,Negative,Borrelia miyamotoi,HARV_022.20230612.IXOSCA.N,6,2023
HARV,HARV_022,evergreenForest,185.9,2023-06-12,1,Negative,Borrelia mayonii,HARV_022.20230612.IXOSCA.N,6,2023
HARV,HARV_022,evergreenForest,185.9,2023-06-12,1,Negative,Borrelia burgdorferi sensu lato,HARV_022.20230612.IXOSCA.N,6,2023
HARV,HARV_022,evergreenForest,185.9,2023-06-12,1,Negative,Borrelia mayonii,HARV_022.20230612.IXOSCA.N,6,2023
HARV,HARV_022,evergreenForest,185.9,2023-06-12,1,Negative,Amblyomma americanum,HARV_022.20230612.IXOSCA.N,6,2023
HARV,HARV_022,evergreenForest,185.9,2023-06-12,1,Negative,Borrelia burgdorferi sensu lato,HARV_022.20230612.IXOSCA.N,6,2023
HARV,HARV_022,evergreenForest,185.9,2023-06-12,1,Negative,Borrelia burgdorferi sensu lato,HARV_022.20230612.IXOSCA.N,6,2023
HARV,HARV_022,evergreenForest,185.9,2023-06-12,1,Positive,Ixodes scapularis,HARV_022.20230612.IXOSCA.N,6,2023
HARV,HARV_022,evergreenForest,185.9,2023-06-12,1,Negative,Ixodes pacificus,HARV_022.20230612.IXOSCA.N,6,2023
HARV,HARV_022,evergreenForest,185.9,2023-06-12,1,Negative,Borrelia burgdorferi sensu lato,HARV_022.20230612.IXOSCA.N,6,2023
HARV,HARV_022,evergreenForest,185.9,2023-06-12,1,Negative,Babesia microti,HARV_022.20230612.IXOSCA.N,6,2023
HARV,HARV_022,evergreenForest,185.9,2023-06-12,1,Positive,Ixodes scapularis,HARV_022.20230612.IXOSCA.N,6,2023
HARV,HARV_022,evergreenForest,185.9,2023-06-12,1,Negative,Borrelia sp.,HARV_022.20230612.IXOSCA.N,6,2023
HARV,HARV_022,evergreenForest,185.9,2023-06-12,1,Positive,Ixodes scapularis,HARV_022.20230612.IXOSCA.N,6,2023
HARV,HARV_022,evergreenForest,185.9,2023-06-12,1,Negative,Ixodes pacificus,HARV_022.20230612.IXOSCA.N,6,2023
HARV,HARV_022,evergreenForest,185.9,2023-06-12,1,Negative,Borrelia sp.,HARV_022.20230612.IXOSCA.N,6,2023
HARV,HARV_022,evergreenForest,185.9,2023-06-12,1,Negative,Ixodes pacificus,HARV_022.20230612.IXOSCA.N,6,2023
HARV,HARV_022,evergreenForest,185.9,2023-06-12,1,Negative,Borrelia miyamotoi,HARV_022.20230612.IXOSCA.N,6,2023
HARV,HARV_022,evergreenForest,185.9,2023-06-12,1,Negative,Anaplasma phagocytophilum,HARV_022.20230612.IXOSCA.N,6,2023
HARV,HARV_022,evergreenForest,185.9,2023-06-12,1,Negative,Borrelia sp.,HARV_022.20230612.IXOSCA.N,6,2023
HARV,HARV_022,evergreenForest,185.9,2023-06-12,1,Positive,Ixodes scapularis,HARV_022.20230612.IXOSCA.N,6,2023
HARV,HARV_022,evergreenForest,185.9,2023-06-12,1,Negative,Borrelia miyamotoi,HARV_022.20230612.IXOSCA.N,6,2023
HARV,HARV_022,evergreenForest,185.9,2023-06-12,1,Negative,Babesia microti,HARV_022.20230612.IXOSCA.N,6,2023
HARV,HARV_022,evergreenForest,185.9,2023-06-12,1,Negative,Babesia microti,HARV_022.20230612.IXOSCA.N,6,2023
HARV,HARV_022,evergreenForest,185.9,2023-06-12,1,Negative,Dermacentor variabilis,HARV_022.20230612.IXOSCA.N,6,2023
HARV,HARV_022,evergreenForest,185.9,2023-06-12,1,Negative,Ixodes pacificus,HARV_022.20230612.IXOSCA.N,6,2023
HARV,HARV_022,evergreenForest,185.9,2023-06-12,1,Negative,Borrelia sp.,HARV_022.20230612.IXOSCA.N,6,2023
HARV,HARV_022,evergreenForest,185.9,2023-06-12,1,Negative,Anaplasma phagocytophilum,HARV_022.20230612.IXOSCA.N,6,2023
HARV,HARV_022,evergreenForest,185.9,2023-06-12,1,Negative,Babesia microti,HARV_022.20230612.IXOSCA.N,6,2023
HARV,HARV_022,evergreenForest,185.9,2023-06-12,1,Negative,Ixodes pacificus,HARV_022.20230612.IXOSCA.N,6,2023
HARV,HARV_022,evergreenForest,185.9,2023-06-12,1,Negative,Borrelia miyamotoi,HARV_022.20230612.IXOSCA.N,6,2023
HARV,HARV_022,evergreenForest,185.9,2023-06-12,1,Negative,Amblyomma americanum,HARV_022.20230612.IXOSCA.N,6,2023
HARV,HARV_022,evergreenForest,185.9,2023-06-12,1,Negative,Ixodes pacificus,HARV_022.20230612.IXOSCA.N,6,2023
HARV,HARV_022,evergreenForest,185.9,2023-06-12,1,Negative,Ehrlichia muris-like,HARV_022.20230612.IXOSCA.N,6,2023
HARV,HARV_022,evergreenForest,185.9,2023-06-12,1,Negative,Dermacentor variabilis,HARV_022.20230612.IXOSCA.N,6,2023
HARV,HARV_022,evergreenForest,185.9,2023-06-12,1,Negative,Borrelia miyamotoi,HARV_022.20230612.IXOSCA.N,6,2023
HARV,HARV_022,evergreenForest,185.9,2023-06-12,1,Negative,Amblyomma americanum,HARV_022.20230612.IXOSCA.N,6,2023
HARV,HARV_022,evergreenForest,185.9,2023-06-12,1,Negative,Ehrlichia muris-like,HARV_022.20230612.IXOSCA.N,6,2023
HARV,HARV_022,evergreenForest,185.9,2023-06-12,1,Negative,Anaplasma phagocytophilum,HARV_022.20230612.IXOSCA.N,6,2023
HARV,HARV_022,evergreenForest,185.9,2023-06-12,1,Negative,Borrelia burgdorferi sensu lato,HARV_022.20230612.IXOSCA.N,6,2023
HARV,HARV_022,evergreenForest,185.9,2023-06-12,1,Negative,Amblyomma americanum,HARV_022.20230612.IXOSCA.N,6,2023
HARV,HARV_022,evergreenForest,185.9,2023-06-12,1,Positive,Ixodes scapularis,HARV_022.20230612.IXOSCA.N,6,2023
HARV,HARV_022,evergreenForest,185.9,2023-06-12,1,Negative,Dermacentor variabilis,HARV_022.20230612.IXOSCA.N,6,2023
HARV,HARV_022,evergreenForest,185.9,2023-06-12,1,Positive,Borrelia burgdorferi sensu lato,HARV_022.20230612.IXOSCA.N,6,2023
HARV,HARV_022,evergreenForest,185.9,2023-06-12,1,Negative,Borrelia mayonii,HARV_022.20230612.IXOSCA.N,6,2023
HARV,HARV_022,evergreenForest,185.9,2023-06-12,1,Negative,Dermacentor variabilis,HARV_022.20230612.IXOSCA.N,6,2023
HARV,HARV_022,evergreenForest,185.9,2023-06-12,1,Negative,Dermacentor variabilis,HARV_022.20230612.IXOSCA.N,6,2023
HARV,HARV_022,evergreenForest,185.9,2023-06-12,1,Negative,Borrelia sp.,HARV_022.20230612.IXOSCA.N,6,2023
HARV,HARV_022,evergreenForest,185.9,2023-06-12,1,Negative,Anaplasma phagocytophilum,HARV_022.20230612.IXOSCA.N,6,2023
HARV,HARV_022,evergreenForest,185.9,2023-06-12,1,Positive,Ixodes scapularis,HARV_022.20230612.IXOSCA.N,6,2023
HARV,HARV_022,evergreenForest,185.9,2023-06-12,1,Negative,Anaplasma phagocytophilum,HARV_022.20230612.IXOSCA.N,6,2023
HARV,HARV_022,evergreenForest,185.9,2023-06-12,1,Negative,Anaplasma phagocytophilum,HARV_022.20230612.IXOSCA.N,6,2023
HARV,HARV_022,evergreenForest,185.9,2023-06-12,1,Negative,Borrelia burgdorferi sensu lato,HARV_022.20230612.IXOSCA.N,6,2023
HARV,HARV_022,evergreenForest,185.9,2023-06-12,1,Negative,Borrelia miyamotoi,HARV_022.20230612.IXOSCA.N,6,2023
HARV,HARV_022,evergreenForest,185.9,2023-06-12,1,Negative,Borrelia mayonii,HARV_022.20230612.IXOSCA.N,6,2023
HARV,HARV_022,evergreenForest,185.9,2023-06-12,1,Negative,Borrelia miyamotoi,HARV_022.20230612.IXOSCA.N,6,2023
HARV,HARV_022,evergreenForest,185.9,2023-06-12,1,Negative,Ehrlichia muris-like,HARV_022.20230612.IXOSCA.N,6,2023
HARV,HARV_022,evergreenForest,185.9,2023-06-12,1,Negative,Dermacentor variabilis,HARV_022.20230612.IXOSCA.N,6,2023
HARV,HARV_022,evergreenForest,185.9,2023-06-12,1,Negative,Ehrlichia muris-like,HARV_022.20230612.IXOSCA.N,6,2023
HARV,HARV_022,evergreenForest,185.9,2023-06-12,1,Negative,Dermacentor variabilis,HARV_022.20230612.IXOSCA.N,6,2023
HARV,HARV_022,evergreenForest,185.9,2023-06-12,1,Negative,Anaplasma phagocytophilum,HARV_022.20230612.IXOSCA.N,6,2023
HARV,HARV_022,evergreenForest,185.9,2023-06-12,1,Negative,Ehrlichia muris-like,HARV_022.20230612.IXOSCA.N,6,2023
HARV,HARV_022,evergreenForest,185.9,2023-06-12,1,Negative,Borrelia mayonii,HARV_022.20230612.IXOSCA.N,6,2023
HARV,HARV_022,evergreenForest,185.9,2023-06-12,1,Negative,Amblyomma americanum,HARV_022.20230612.IXOSCA.N,6,2023
HARV,HARV_022,evergreenForest,185.9,2023-06-12,1,Negative,Babesia microti,HARV_022.20230612.IXOSCA.N,6,2023
HARV,HARV_022,evergreenForest,185.9,2023-06-12,1,Negative,Ixodes pacificus,HARV_022.20230612.IXOSCA.N,6,2023
HARV,HARV_022,evergreenForest,185.9,2023-06-12,1,Positive,Ixodes scapularis,HARV_022.20230612.IXOSCA.N,6,2023
HARV,HARV_022,evergreenForest,185.9,2023-06-12,1,Negative,Borrelia burgdorferi sensu lato,HARV_022.20230612.IXOSCA.N,6,2023
HARV,HARV_022,evergreenForest,185.9,2023-06-12,1,Negative,Borrelia burgdorferi sensu lato,HARV_022.20230612.IXOSCA.N,6,2023
HARV,HARV_022,evergreenForest,185.9,2023-06-12,1,Positive,Borrelia sp.,HARV_022.20230612.IXOSCA.N,6,2023
HARV,HARV_022,evergreenForest,185.9,2023-06-12,1,Negative,Borrelia sp.,HARV_022.20230612.IXOSCA.N,6,2023
HARV,HARV_022,evergreenForest,185.9,2023-06-12,1,Negative,Ehrlichia muris-like,HARV_022.20230612.IXOSCA.N,6,2023
HARV,HARV_022,evergreenForest,185.9,2023-06-12,1,Negative,Borrelia sp.,HARV_022.20230612.IXOSCA.N,6,2023
HARV,HARV_022,evergreenForest,185.9,2023-06-12,1,Negative,Ehrlichia muris-like,HARV_022.20230612.IXOSCA.N,6,2023
HARV,HARV_022,evergreenForest,185.9,2023-06-12,1,Negative,Amblyomma americanum,HARV_022.20230612.IXOSCA.N,6,2023
HARV,HARV_022,evergreenForest,185.9,2023-06-12,1,Negative,Borrelia mayonii,HARV_022.20230612.IXOSCA.N,6,2023
HARV,HARV_022,evergreenForest,185.9,2023-06-12,1,Negative,Babesia microti,HARV_022.20230612.IXOSCA.N,6,2023
HARV,HARV_022,evergreenForest,185.9,2023-06-12,1,Negative,Borrelia miyamotoi,HARV_022.20230612.IXOSCA.N,6,2023
HARV,HARV_022,evergreenForest,185.9,2023-06-12,1,Positive,Ixodes scapularis,HARV_022.20230612.IXOSCA.N,6,2023
HARV,HARV_022,evergreenForest,185.9,2023-06-12,1,Negative,Dermacentor variabilis,HARV_022.20230612.IXOSCA.N,6,2023
HARV,HARV_022,evergreenForest,185.9,2023-06-12,1,Negative,Anaplasma phagocytophilum,HARV_022.20230612.IXOSCA.N,6,2023
HARV,HARV_022,evergreenForest,185.9,2023-06-12,1,Negative,Borrelia mayonii,HARV_022.20230612.IXOSCA.N,6,2023
HARV,HARV_022,evergreenForest,185.9,2023-06-12,1,Negative,Babesia microti,HARV_022.20230612.IXOSCA.N,6,2023
HARV,HARV_022,evergreenForest,185.9,2023-06-12,1,Negative,Anaplasma phagocytophilum,HARV_022.20230612.IXOSCA.N,6,2023
HARV,HARV_022,evergreenForest,185.9,2023-06-12,1,Negative,Babesia microti,HARV_022.20230612.IXOSCA.N,6,2023
HARV,HARV_022,evergreenForest,185.9,2023-06-12,1,Negative,Amblyomma americanum,HARV_022.20230612.IXOSCA.N,6,2023
HARV,HARV_022,evergreenForest,185.9,2023-06-12,1,Negative,Borrelia miyamotoi,HARV_022.20230612.IXOSCA.N,6,2023
HARV,HARV_022,evergreenForest,185.9,2023-06-12,1,Negative,Amblyomma americanum,HARV_022.20230612.IXOSCA.N,6,2023
HARV,HARV_022,evergreenForest,185.9,2023-06-12,1,Negative,Ehrlichia muris-like,HARV_022.20230612.IXOSCA.N,6,2023
HARV,HARV_022,evergreenForest,185.9,2023-06-12,1,Negative,Borrelia mayonii,HARV_022.20230612.IXOSCA.N,6,2023
HARV,HARV_022,evergreenForest,185.9,2023-06-12,1,Positive,Ixodes scapularis,HARV_022.20230612.IXOSCA.N,6,2023
HARV,HARV_022,evergreenForest,185.9,2023-06-12,1,Negative,Ixodes pacificus,HARV_022.20230612.IXOSCA.N,6,2023
HARV,HARV_022,evergreenForest,185.9,2023-06-12,1,Negative,Dermacentor variabilis,HARV_022.20230612.IXOSCA.N,6,2023
HARV,HARV_022,evergreenForest,185.9,2023-06-12,1,Negative,Borrelia mayonii,HARV_022.20230612.IXOSCA.N,6,2023
HARV,HARV_022,evergreenForest,185.9,2023-06-12,1,Negative,Amblyomma americanum,HARV_022.20230612.IXOSCA.N,6,2023
HARV,HARV_022,evergreenForest,185.9,2023-06-12,1,Negative,Ixodes pacificus,HARV_022.20230612.IXOSCA.N,6,2023
HARV,HARV_002,deciduousForest,187.7,2023-06-14,1,Negative,Borrelia burgdorferi sensu lato,HARV_002.20230614.IXOSCA.N,6,2023
HARV,HARV_002,deciduousForest,187.7,2023-06-14,1,Negative,Borrelia burgdorferi sensu lato,HARV_002.20230614.IXOSCA.N,6,2023
HARV,HARV_002,deciduousForest,187.7,2023-06-14,1,Positive,Ixodes scapularis,HARV_002.20230614.IXOSCA.N,6,2023
HARV,HARV_002,deciduousForest,187.7,2023-06-14,1,Negative,Borrelia miyamotoi,HARV_002.20230614.IXOSCA.N,6,2023
HARV,HARV_002,deciduousForest,187.7,2023-06-14,1,Negative,Borrelia miyamotoi,HARV_002.20230614.IXOSCA.N,6,2023
HARV,HARV_002,deciduousForest,187.7,2023-06-14,1,Positive,Ixodes scapularis,HARV_002.20230614.IXOSCA.N,6,2023
HARV,HARV_002,deciduousForest,187.7,2023-06-14,1,Negative,Amblyomma americanum,HARV_002.20230614.IXOSCA.N,6,2023
HARV,HARV_002,deciduousForest,187.7,2023-06-14,1,Negative,Dermacentor variabilis,HARV_002.20230614.IXOSCA.N,6,2023
HARV,HARV_002,deciduousForest,187.7,2023-06-14,1,Negative,Amblyomma americanum,HARV_002.20230614.IXOSCA.N,6,2023
HARV,HARV_002,deciduousForest,187.7,2023-06-14,1,Negative,Borrelia mayonii,HARV_002.20230614.IXOSCA.N,6,2023
HARV,HARV_002,deciduousForest,187.7,2023-06-14,1,Negative,Borrelia miyamotoi,HARV_002.20230614.IXOSCA.N,6,2023
HARV,HARV_002,deciduousForest,187.7,2023-06-14,1,Negative,Borrelia sp.,HARV_002.20230614.IXOSCA.N,6,2023
HARV,HARV_002,deciduousForest,187.7,2023-06-14,1,Negative,Ixodes pacificus,HARV_002.20230614.IXOSCA.N,6,2023
HARV,HARV_002,deciduousForest,187.7,2023-06-14,1,Negative,Borrelia mayonii,HARV_002.20230614.IXOSCA.N,6,2023
HARV,HARV_002,deciduousForest,187.7,2023-06-14,1,Negative,Ehrlichia muris-like,HARV_002.20230614.IXOSCA.N,6,2023
HARV,HARV_002,deciduousForest,187.7,2023-06-14,1,Negative,Dermacentor variabilis,HARV_002.20230614.IXOSCA.N,6,2023
HARV,HARV_002,deciduousForest,187.7,2023-06-14,1,Negative,Dermacentor variabilis,HARV_002.20230614.IXOSCA.N,6,2023
HARV,HARV_002,deciduousForest,187.7,2023-06-14,1,Positive,Ixodes scapularis,HARV_002.20230614.IXOSCA.N,6,2023
HARV,HARV_002,deciduousForest,187.7,2023-06-14,1,Negative,Ixodes pacificus,HARV_002.20230614.IXOSCA.N,6,2023
HARV,HARV_002,deciduousForest,187.7,2023-06-14,1,Positive,Ixodes scapularis,HARV_002.20230614.IXOSCA.N,6,2023
HARV,HARV_002,deciduousForest,187.7,2023-06-14,1,Negative,Ehrlichia muris-like,HARV_002.20230614.IXOSCA.N,6,2023
HARV,HARV_002,deciduousForest,187.7,2023-06-14,1,Negative,Amblyomma americanum,HARV_002.20230614.IXOSCA.N,6,2023
HARV,HARV_002,deciduousForest,187.7,2023-06-14,1,Negative,Dermacentor variabilis,HARV_002.20230614.IXOSCA.N,6,2023
HARV,HARV_002,deciduousForest,187.7,2023-06-14,1,Negative,Dermacentor variabilis,HARV_002.20230614.IXOSCA.N,6,2023
HARV,HARV_002,deciduousForest,187.7,2023-06-14,1,Negative,Borrelia sp.,HARV_002.20230614.IXOSCA.N,6,2023
HARV,HARV_002,deciduousForest,187.7,2023-06-14,1,Negative,Amblyomma americanum,HARV_002.20230614.IXOSCA.N,6,2023
HARV,HARV_002,deciduousForest,187.7,2023-06-14,1,Positive,Ixodes scapularis,HARV_002.20230614.IXOSCA.N,6,2023
HARV,HARV_002,deciduousForest,187.7,2023-06-14,1,Negative,Anaplasma phagocytophilum,HARV_002.20230614.IXOSCA.N,6,2023
HARV,HARV_002,deciduousForest,187.7,2023-06-14,1,Negative,Babesia microti,HARV_002.20230614.IXOSCA.N,6,2023
HARV,HARV_002,deciduousForest,187.7,2023-06-14,1,Negative,Ehrlichia muris-like,HARV_002.20230614.IXOSCA.N,6,2023
HARV,HARV_002,deciduousForest,187.7,2023-06-14,1,Negative,Ixodes pacificus,HARV_002.20230614.IXOSCA.N,6,2023
HARV,HARV_002,deciduousForest,187.7,2023-06-14,1,Negative,Borrelia burgdorferi sensu lato,HARV_002.20230614.IXOSCA.N,6,2023
HARV,HARV_002,deciduousForest,187.7,2023-06-14,1,Negative,Borrelia burgdorferi sensu lato,HARV_002.20230614.IXOSCA.N,6,2023
HARV,HARV_002,deciduousForest,187.7,2023-06-14,1,Negative,Ixodes pacificus,HARV_002.20230614.IXOSCA.N,6,2023
HARV,HARV_002,deciduousForest,187.7,2023-06-14,1,Negative,Babesia microti,HARV_002.20230614.IXOSCA.N,6,2023
HARV,HARV_002,deciduousForest,187.7,2023-06-14,1,Negative,Ehrlichia muris-like,HARV_002.20230614.IXOSCA.N,6,2023
HARV,HARV_002,deciduousForest,187.7,2023-06-14,1,Negative,Ehrlichia muris-like,HARV_002.20230614.IXOSCA.N,6,2023
HARV,HARV_002,deciduousForest,187.7,2023-06-14,1,Negative,Babesia microti,HARV_002.20230614.IXOSCA.N,6,2023
HARV,HARV_002,deciduousForest,187.7,2023-06-14,1,Negative,Borrelia miyamotoi,HARV_002.20230614.IXOSCA.N,6,2023
HARV,HARV_002,deciduousForest,187.7,2023-06-14,1,Negative,Ixodes pacificus,HARV_002.20230614.IXOSCA.N,6,2023
HARV,HARV_002,deciduousForest,187.7,2023-06-14,1,Negative,Ixodes pacificus,HARV_002.20230614.IXOSCA.N,6,2023
HARV,HARV_002,deciduousForest,187.7,2023-06-14,1,Negative,Anaplasma phagocytophilum,HARV_002.20230614.IXOSCA.N,6,2023
HARV,HARV_002,deciduousForest,187.7,2023-06-14,1,Negative,Borrelia miyamotoi,HARV_002.20230614.IXOSCA.N,6,2023
HARV,HARV_002,deciduousForest,187.7,2023-06-14,1,Negative,Borrelia miyamotoi,HARV_002.20230614.IXOSCA.N,6,2023
HARV,HARV_002,deciduousForest,187.7,2023-06-14,1,Positive,Ixodes scapularis,HARV_002.20230614.IXOSCA.N,6,2023
HARV,HARV_002,deciduousForest,187.7,2023-06-14,1,Negative,Ehrlichia muris-like,HARV_002.20230614.IXOSCA.N,6,2023
HARV,HARV_002,deciduousForest,187.7,2023-06-14,1,Negative,Anaplasma phagocytophilum,HARV_002.20230614.IXOSCA.N,6,2023
HARV,HARV_002,deciduousForest,187.7,2023-06-14,1,Negative,Borrelia mayonii,HARV_002.20230614.IXOSCA.N,6,2023
HARV,HARV_002,deciduousForest,187.7,2023-06-14,1,Negative,Babesia microti,HARV_002.20230614.IXOSCA.N,6,2023
HARV,HARV_002,deciduousForest,187.7,2023-06-14,1,Negative,Anaplasma phagocytophilum,HARV_002.20230614.IXOSCA.N,6,2023
HARV,HARV_002,deciduousForest,187.7,2023-06-14,1,Negative,Borrelia miyamotoi,HARV_002.20230614.IXOSCA.N,6,2023
HARV,HARV_002,deciduousForest,187.7,2023-06-14,1,Negative,Borrelia miyamotoi,HARV_002.20230614.IXOSCA.N,6,2023
HARV,HARV_002,deciduousForest,187.7,2023-06-14,1,Positive,Ixodes scapularis,HARV_002.20230614.IXOSCA.N,6,2023
HARV,HARV_002,deciduousForest,187.7,2023-06-14,1,Negative,Ixodes pacificus,HARV_002.20230614.IXOSCA.N,6,2023
HARV,HARV_002,deciduousForest,187.7,2023-06-14,1,Positive,Borrelia miyamotoi,HARV_002.20230614.IXOSCA.N,6,2023
HARV,HARV_002,deciduousForest,187.7,2023-06-14,1,Negative,Borrelia miyamotoi,HARV_002.20230614.IXOSCA.N,6,2023
HARV,HARV_002,deciduousForest,187.7,2023-06-14,1,Negative,Borrelia burgdorferi sensu lato,HARV_002.20230614.IXOSCA.N,6,2023
HARV,HARV_002,deciduousForest,187.7,2023-06-14,1,Negative,Amblyomma americanum,HARV_002.20230614.IXOSCA.N,6,2023
HARV,HARV_002,deciduousForest,187.7,2023-06-14,1,Negative,Ixodes pacificus,HARV_002.20230614.IXOSCA.N,6,2023
HARV,HARV_002,deciduousForest,187.7,2023-06-14,1,Negative,Babesia microti,HARV_002.20230614.IXOSCA.N,6,2023
HARV,HARV_002,deciduousForest,187.7,2023-06-14,1,Negative,Borrelia miyamotoi,HARV_002.20230614.IXOSCA.N,6,2023
HARV,HARV_002,deciduousForest,187.7,2023-06-14,1,Negative,Babesia microti,HARV_002.20230614.IXOSCA.N,6,2023
HARV,HARV_002,deciduousForest,187.7,2023-06-14,1,Negative,Borrelia miyamotoi,HARV_002.20230614.IXOSCA.N,6,2023
HARV,HARV_002,deciduousForest,187.7,2023-06-14,1,Negative,Ixodes pacificus,HARV_002.20230614.IXOSCA.N,6,2023
HARV,HARV_002,deciduousForest,187.7,2023-06-14,1,Negative,Anaplasma phagocytophilum,HARV_002.20230614.IXOSCA.N,6,2023
HARV,HARV_002,deciduousForest,187.7,2023-06-14,1,Negative,Amblyomma americanum,HARV_002.20230614.IXOSCA.N,6,2023
HARV,HARV_002,deciduousForest,187.7,2023-06-14,1,Negative,Ehrlichia muris-like,HARV_002.20230614.IXOSCA.N,6,2023
HARV,HARV_002,deciduousForest,187.7,2023-06-14,1,Negative,Borrelia sp.,HARV_002.20230614.IXOSCA.N,6,2023
HARV,HARV_002,deciduousForest,187.7,2023-06-14,1,Negative,Dermacentor variabilis,HARV_002.20230614.IXOSCA.N,6,2023
HARV,HARV_002,deciduousForest,187.7,2023-06-14,1,Positive,Ixodes scapularis,HARV_002.20230614.IXOSCA.N,6,2023
HARV,HARV_002,deciduousForest,187.7,2023-06-14,1,Negative,Borrelia mayonii,HARV_002.20230614.IXOSCA.N,6,2023
HARV,HARV_002,deciduousForest,187.7,2023-06-14,1,Positive,Ixodes scapularis,HARV_002.20230614.IXOSCA.N,6,2023
HARV,HARV_002,deciduousForest,187.7,2023-06-14,1,Negative,Babesia microti,HARV_002.20230614.IXOSCA.N,6,2023
HARV,HARV_002,deciduousForest,187.7,2023-06-14,1,Positive,Ixodes scapularis,HARV_002.20230614.IXOSCA.N,6,2023
HARV,HARV_002,deciduousForest,187.7,2023-06-14,1,Negative,Babesia microti,HARV_002.20230614.IXOSCA.N,6,2023
HARV,HARV_002,deciduousForest,187.7,2023-06-14,1,Positive,Borrelia sp.,HARV_002.20230614.IXOSCA.N,6,2023
HARV,HARV_002,deciduousForest,187.7,2023-06-14,1,Negative,Borrelia sp.,HARV_002.20230614.IXOSCA.N,6,2023
HARV,HARV_002,deciduousForest,187.7,2023-06-14,1,Negative,Ixodes pacificus,HARV_002.20230614.IXOSCA.N,6,2023
HARV,HARV_002,deciduousForest,187.7,2023-06-14,1,Negative,Amblyomma americanum,HARV_002.20230614.IXOSCA.N,6,2023
HARV,HARV_002,deciduousForest,187.7,2023-06-14,1,Negative,Borrelia mayonii,HARV_002.20230614.IXOSCA.N,6,2023
HARV,HARV_002,deciduousForest,187.7,2023-06-14,1,Negative,Dermacentor variabilis,HARV_002.20230614.IXOSCA.N,6,2023
HARV,HARV_002,deciduousForest,187.7,2023-06-14,1,Negative,Anaplasma phagocytophilum,HARV_002.20230614.IXOSCA.N,6,2023
HARV,HARV_002,deciduousForest,187.7,2023-06-14,1,Negative,Ehrlichia muris-like,HARV_002.20230614.IXOSCA.N,6,2023
HARV,HARV_002,deciduousForest,187.7,2023-06-14,1,Negative,Dermacentor variabilis,HARV_002.20230614.IXOSCA.N,6,2023
HARV,HARV_002,deciduousForest,187.7,2023-06-14,1,Negative,Ehrlichia muris-like,HARV_002.20230614.IXOSCA.N,6,2023
HARV,HARV_002,deciduousForest,187.7,2023-06-14,1,Negative,Ehrlichia muris-like,HARV_002.20230614.IXOSCA.N,6,2023
HARV,HARV_002,deciduousForest,187.7,2023-06-14,1,Negative,Borrelia sp.,HARV_002.20230614.IXOSCA.N,6,2023
HARV,HARV_002,deciduousForest,187.7,2023-06-14,1,Negative,Amblyomma americanum,HARV_002.20230614.IXOSCA.N,6,2023
HARV,HARV_002,deciduousForest,187.7,2023-06-14,1,Negative,Amblyomma americanum,HARV_002.20230614.IXOSCA.N,6,2023
HARV,HARV_002,deciduousForest,187.7,2023-06-14,1,Positive,Ixodes scapularis,HARV_002.20230614.IXOSCA.N,6,2023
HARV,HARV_002,deciduousForest,187.7,2023-06-14,1,Negative,Dermacentor variabilis,HARV_002.20230614.IXOSCA.N,6,2023
HARV,HARV_002,deciduousForest,187.7,2023-06-14,1,Negative,Anaplasma phagocytophilum,HARV_002.20230614.IXOSCA.N,6,2023
HARV,HARV_002,deciduousForest,187.7,2023-06-14,1,Negative,Amblyomma americanum,HARV_002.20230614.IXOSCA.N,6,2023
HARV,HARV_002,deciduousForest,187.7,2023-06-14,1,Negative,Borrelia sp.,HARV_002.20230614.IXOSCA.N,6,2023
HARV,HARV_002,deciduousForest,187.7,2023-06-14,1,Negative,Borrelia burgdorferi sensu lato,HARV_002.20230614.IXOSCA.N,6,2023
HARV,HARV_002,deciduousForest,187.7,2023-06-14,1,Positive,Ixodes scapularis,HARV_002.20230614.IXOSCA.N,6,2023
HARV,HARV_002,deciduousForest,187.7,2023-06-14,1,Negative,Borrelia burgdorferi sensu lato,HARV_002.20230614.IXOSCA.N,6,2023
HARV,HARV_002,deciduousForest,187.7,2023-06-14,1,Negative,Borrelia mayonii,HARV_002.20230614.IXOSCA.N,6,2023
HARV,HARV_002,deciduousForest,187.7,2023-06-14,1,Negative,Borrelia burgdorferi sensu lato,HARV_002.20230614.IXOSCA.N,6,2023
HARV,HARV_002,deciduousForest,187.7,2023-06-14,1,Negative,Borrelia miyamotoi,HARV_002.20230614.IXOSCA.N,6,2023
HARV,HARV_002,deciduousForest,187.7,2023-06-14,1,Negative,Ixodes pacificus,HARV_002.20230614.IXOSCA.N,6,2023
HARV,HARV_002,deciduousForest,187.7,2023-06-14,1,Negative,Borrelia burgdorferi sensu lato,HARV_002.20230614.IXOSCA.N,6,2023
HARV,HARV_002,deciduousForest,187.7,2023-06-14,1,Negative,Anaplasma phagocytophilum,HARV_002.20230614.IXOSCA.N,6,2023
HARV,HARV_002,deciduousForest,187.7,2023-06-14,1,Negative,Anaplasma phagocytophilum,HARV_002.20230614.IXOSCA.N,6,2023
HARV,HARV_002,deciduousForest,187.7,2023-06-14,1,Negative,Borrelia sp.,HARV_002.20230614.IXOSCA.N,6,2023
HARV,HARV_002,deciduousForest,187.7,2023-06-14,1,Negative,Babesia microti,HARV_002.20230614.IXOSCA.N,6,2023
HARV,HARV_002,deciduousForest,187.7,2023-06-14,1,Negative,Ixodes pacificus,HARV_002.20230614.IXOSCA.N,6,2023
HARV,HARV_002,deciduousForest,187.7,2023-06-14,1,Negative,Borrelia mayonii,HARV_002.20230614.IXOSCA.N,6,2023
HARV,HARV_002,deciduousForest,187.7,2023-06-14,1,Negative,Babesia microti,HARV_002.20230614.IXOSCA.N,6,2023
HARV,HARV_002,deciduousForest,187.7,2023-06-14,1,Negative,Borrelia burgdorferi sensu lato,HARV_002.20230614.IXOSCA.N,6,2023
HARV,HARV_002,deciduousForest,187.7,2023-06-14,1,Negative,Ixodes pacificus,HARV_002.20230614.IXOSCA.N,6,2023
HARV,HARV_002,deciduousForest,187.7,2023-06-14,1,Negative,Ehrlichia muris-like,HARV_002.20230614.IXOSCA.N,6,2023
HARV,HARV_002,deciduousForest,187.7,2023-06-14,1,Negative,Amblyomma americanum,HARV_002.20230614.IXOSCA.N,6,2023
HARV,HARV_002,deciduousForest,187.7,2023-06-14,1,Negative,Dermacentor variabilis,HARV_002.20230614.IXOSCA.N,6,2023
HARV,HARV_002,deciduousForest,187.7,2023-06-14,1,Negative,Dermacentor variabilis,HARV_002.20230614.IXOSCA.N,6,2023
HARV,HARV_002,deciduousForest,187.7,2023-06-14,1,Negative,Ehrlichia muris-like,HARV_002.20230614.IXOSCA.N,6,2023
HARV,HARV_002,deciduousForest,187.7,2023-06-14,1,Negative,Babesia microti,HARV_002.20230614.IXOSCA.N,6,2023
HARV,HARV_002,deciduousForest,187.7,2023-06-14,1,Negative,Anaplasma phagocytophilum,HARV_002.20230614.IXOSCA.N,6,2023
HARV,HARV_002,deciduousForest,187.7,2023-06-14,1,Negative,Borrelia miyamotoi,HARV_002.20230614.IXOSCA.N,6,2023
HARV,HARV_002,deciduousForest,187.7,2023-06-14,1,Positive,Borrelia sp.,HARV_002.20230614.IXOSCA.N,6,2023
HARV,HARV_002,deciduousForest,187.7,2023-06-14,1,Negative,Amblyomma americanum,HARV_002.20230614.IXOSCA.N,6,2023
HARV,HARV_002,deciduousForest,187.7,2023-06-14,1,Negative,Borrelia burgdorferi sensu lato,HARV_002.20230614.IXOSCA.N,6,2023
HARV,HARV_002,deciduousForest,187.7,2023-06-14,1,Negative,Borrelia mayonii,HARV_002.20230614.IXOSCA.N,6,2023
HARV,HARV_002,deciduousForest,187.7,2023-06-14,1,Negative,Babesia microti,HARV_002.20230614.IXOSCA.N,6,2023
HARV,HARV_002,deciduousForest,187.7,2023-06-14,1,Positive,Ixodes scapularis,HARV_002.20230614.IXOSCA.N,6,2023
HARV,HARV_002,deciduousForest,187.7,2023-06-14,1,Negative,Amblyomma americanum,HARV_002.20230614.IXOSCA.N,6,2023
HARV,HARV_002,deciduousForest,187.7,2023-06-14,1,Negative,Anaplasma phagocytophilum,HARV_002.20230614.IXOSCA.N,6,2023
HARV,HARV_002,deciduousForest,187.7,2023-06-14,1,Negative,Ixodes pacificus,HARV_002.20230614.IXOSCA.N,6,2023
HARV,HARV_002,deciduousForest,187.7,2023-06-14,1,Negative,Borrelia mayonii,HARV_002.20230614.IXOSCA.N,6,2023
HARV,HARV_002,deciduousForest,187.7,2023-06-14,1,Negative,Borrelia sp.,HARV_002.20230614.IXOSCA.N,6,2023
HARV,HARV_002,deciduousForest,187.7,2023-06-14,1,Negative,Anaplasma phagocytophilum,HARV_002.20230614.IXOSCA.N,6,2023
HARV,HARV_002,deciduousForest,187.7,2023-06-14,1,Negative,Dermacentor variabilis,HARV_002.20230614.IXOSCA.N,6,2023
HARV,HARV_002,deciduousForest,187.7,2023-06-14,1,Negative,Ehrlichia muris-like,HARV_002.20230614.IXOSCA.N,6,2023
HARV,HARV_002,deciduousForest,187.7,2023-06-14,1,Negative,Borrelia burgdorferi sensu lato,HARV_002.20230614.IXOSCA.N,6,2023
HARV,HARV_002,deciduousForest,187.7,2023-06-14,1,Negative,Babesia microti,HARV_002.20230614.IXOSCA.N,6,2023
HARV,HARV_002,deciduousForest,187.7,2023-06-14,1,Negative,Anaplasma phagocytophilum,HARV_002.20230614.IXOSCA.N,6,2023
HARV,HARV_002,deciduousForest,187.7,2023-06-14,1,Positive,Ixodes scapularis,HARV_002.20230614.IXOSCA.N,6,2023
HARV,HARV_002,deciduousForest,187.7,2023-06-14,1,Negative,Borrelia sp.,HARV_002.20230614.IXOSCA.N,6,2023
HARV,HARV_002,deciduousForest,187.7,2023-06-14,1,Positive,Ixodes scapularis,HARV_002.20230614.IXOSCA.N,6,2023
HARV,HARV_002,deciduousForest,187.7,2023-06-14,1,Negative,Ehrlichia muris-like,HARV_002.20230614.IXOSCA.N,6,2023
HARV,HARV_002,deciduousForest,187.7,2023-06-14,1,Negative,Ixodes pacificus,HARV_002.20230614.IXOSCA.N,6,2023
HARV,HARV_002,deciduousForest,187.7,2023-06-14,1,Negative,Borrelia mayonii,HARV_002.20230614.IXOSCA.N,6,2023
HARV,HARV_002,deciduousForest,187.7,2023-06-14,1,Negative,Borrelia sp.,HARV_002.20230614.IXOSCA.N,6,2023
HARV,HARV_002,deciduousForest,187.7,2023-06-14,1,Negative,Borrelia sp.,HARV_002.20230614.IXOSCA.N,6,2023
HARV,HARV_002,deciduousForest,187.7,2023-06-14,1,Negative,Ehrlichia muris-like,HARV_002.20230614.IXOSCA.N,6,2023
HARV,HARV_002,deciduousForest,187.7,2023-06-14,1,Negative,Borrelia mayonii,HARV_002.20230614.IXOSCA.N,6,2023
HARV,HARV_002,deciduousForest,187.7,2023-06-14,1,Negative,Borrelia burgdorferi sensu lato,HARV_002.20230614.IXOSCA.N,6,2023
HARV,HARV_002,deciduousForest,187.7,2023-06-14,1,Negative,Babesia microti,HARV_002.20230614.IXOSCA.N,6,2023
HARV,HARV_002,deciduousForest,187.7,2023-06-14,1,Negative,Borrelia mayonii,HARV_002.20230614.IXOSCA.N,6,2023
HARV,HARV_002,deciduousForest,187.7,2023-06-14,1,Negative,Dermacentor variabilis,HARV_002.20230614.IXOSCA.N,6,2023
HARV,HARV_002,deciduousForest,187.7,2023-06-14,1,Negative,Borrelia sp.,HARV_002.20230614.IXOSCA.N,6,2023
HARV,HARV_002,deciduousForest,187.7,2023-06-14,1,Negative,Borrelia sp.,HARV_002.20230614.IXOSCA.N,6,2023
HARV,HARV_002,deciduousForest,187.7,2023-06-14,1,Negative,Babesia microti,HARV_002.20230614.IXOSCA.N,6,2023
HARV,HARV_002,deciduousForest,187.7,2023-06-14,1,Negative,Borrelia mayonii,HARV_002.20230614.IXOSCA.N,6,2023
HARV,HARV_002,deciduousForest,187.7,2023-06-14,1,Negative,Dermacentor variabilis,HARV_002.20230614.IXOSCA.N,6,2023
HARV,HARV_002,deciduousForest,187.7,2023-06-14,1,Negative,Amblyomma americanum,HARV_002.20230614.IXOSCA.N,6,2023
HARV,HARV_002,deciduousForest,187.7,2023-06-14,1,Positive,Ixodes scapularis,HARV_002.20230614.IXOSCA.N,6,2023
HARV,HARV_002,deciduousForest,187.7,2023-06-14,1,Negative,Anaplasma phagocytophilum,HARV_002.20230614.IXOSCA.N,6,2023
HARV,HARV_002,deciduousForest,187.7,2023-06-14,1,Negative,Borrelia mayonii,HARV_002.20230614.IXOSCA.N,6,2023
HARV,HARV_002,deciduousForest,187.7,2023-06-14,1,Negative,Borrelia miyamotoi,HARV_002.20230614.IXOSCA.N,6,2023
HARV,HARV_002,deciduousForest,187.7,2023-06-14,1,Negative,Ehrlichia muris-like,HARV_002.20230614.IXOSCA.N,6,2023
HARV,HARV_002,deciduousForest,187.7,2023-06-14,1,Negative,Amblyomma americanum,HARV_002.20230614.IXOSCA.N,6,2023
HARV,HARV_002,deciduousForest,187.7,2023-06-14,1,Negative,Anaplasma phagocytophilum,HARV_002.20230614.IXOSCA.N,6,2023
HARV,HARV_002,deciduousForest,187.7,2023-06-14,1,Negative,Dermacentor variabilis,HARV_002.20230614.IXOSCA.N,6,2023
HARV,HARV_002,deciduousForest,187.7,2023-06-14,1,Negative,Amblyomma americanum,HARV_002.20230614.IXOSCA.N,6,2023
HARV,HARV_002,deciduousForest,187.7,2023-06-14,1,Negative,Anaplasma phagocytophilum,HARV_002.20230614.IXOSCA.N,6,2023
HARV,HARV_002,deciduousForest,187.7,2023-06-14,1,Negative,Borrelia burgdorferi sensu lato,HARV_002.20230614.IXOSCA.N,6,2023
HARV,HARV_002,deciduousForest,187.7,2023-06-14,1,Negative,Ixodes pacificus,HARV_002.20230614.IXOSCA.N,6,2023
HARV,HARV_002,deciduousForest,187.7,2023-06-14,1,Positive,Borrelia burgdorferi sensu lato,HARV_002.20230614.IXOSCA.N,6,2023
HARV,HARV_002,deciduousForest,187.7,2023-06-14,1,Negative,Borrelia sp.,HARV_002.20230614.IXOSCA.N,6,2023
HARV,HARV_002,deciduousForest,187.7,2023-06-14,1,Negative,Babesia microti,HARV_002.20230614.IXOSCA.N,6,2023
HARV,HARV_002,deciduousForest,187.7,2023-06-14,1,Negative,Borrelia miyamotoi,HARV_002.20230614.IXOSCA.N,6,2023
HARV,HARV_002,deciduousForest,187.7,2023-06-14,1,Negative,Borrelia burgdorferi sensu lato,HARV_002.20230614.IXOSCA.N,6,2023
HARV,HARV_002,deciduousForest,187.7,2023-06-14,1,Negative,Borrelia mayonii,HARV_002.20230614.IXOSCA.N,6,2023
HARV,HARV_002,deciduousForest,187.7,2023-06-14,1,Negative,Borrelia mayonii,HARV_002.20230614.IXOSCA.N,6,2023
HARV,HARV_002,deciduousForest,187.7,2023-06-14,1,Negative,Dermacentor variabilis,HARV_002.20230614.IXOSCA.N,6,2023
HARV,HARV_001,deciduousForest,202.1,2023-06-14,1,Negative,Borrelia miyamotoi,HARV_001.20230614.IXOSCA.N,6,2023
HARV,HARV_001,deciduousForest,202.1,2023-06-14,1,Positive,Borrelia burgdorferi sensu lato,HARV_001.20230614.IXOSCA.N,6,2023
HARV,HARV_001,deciduousForest,202.1,2023-06-14,1,Negative,Borrelia mayonii,HARV_001.20230614.IXOSCA.N,6,2023
HARV,HARV_001,deciduousForest,202.1,2023-06-14,1,Negative,Dermacentor variabilis,HARV_001.20230614.IXOSCA.N,6,2023
HARV,HARV_001,deciduousForest,202.1,2023-06-14,1,Negative,Babesia microti,HARV_001.20230614.IXOSCA.N,6,2023
HARV,HARV_001,deciduousForest,202.1,2023-06-14,1,Negative,Anaplasma phagocytophilum,HARV_001.20230614.IXOSCA.N,6,2023
HARV,HARV_001,deciduousForest,202.1,2023-06-14,1,Negative,Ehrlichia muris-like,HARV_001.20230614.IXOSCA.N,6,2023
HARV,HARV_001,deciduousForest,202.1,2023-06-14,1,Negative,Anaplasma phagocytophilum,HARV_001.20230614.IXOSCA.N,6,2023
HARV,HARV_001,deciduousForest,202.1,2023-06-14,1,Negative,Dermacentor variabilis,HARV_001.20230614.IXOSCA.N,6,2023
HARV,HARV_001,deciduousForest,202.1,2023-06-14,1,Negative,Borrelia burgdorferi sensu lato,HARV_001.20230614.IXOSCA.N,6,2023
HARV,HARV_001,deciduousForest,202.1,2023-06-14,1,Negative,Anaplasma phagocytophilum,HARV_001.20230614.IXOSCA.N,6,2023
HARV,HARV_001,deciduousForest,202.1,2023-06-14,1,Negative,Ehrlichia muris-like,HARV_001.20230614.IXOSCA.N,6,2023
HARV,HARV_001,deciduousForest,202.1,2023-06-14,1,Negative,Borrelia sp.,HARV_001.20230614.IXOSCA.N,6,2023
HARV,HARV_001,deciduousForest,202.1,2023-06-14,1,Negative,Ehrlichia muris-like,HARV_001.20230614.IXOSCA.N,6,2023
HARV,HARV_001,deciduousForest,202.1,2023-06-14,1,Negative,Babesia microti,HARV_001.20230614.IXOSCA.N,6,2023
HARV,HARV_001,deciduousForest,202.1,2023-06-14,1,Negative,Babesia microti,HARV_001.20230614.IXOSCA.N,6,2023
HARV,HARV_001,deciduousForest,202.1,2023-06-14,1,Negative,Ixodes pacificus,HARV_001.20230614.IXOSCA.N,6,2023
HARV,HARV_001,deciduousForest,202.1,2023-06-14,1,Negative,Anaplasma phagocytophilum,HARV_001.20230614.IXOSCA.N,6,2023
HARV,HARV_001,deciduousForest,202.1,2023-06-14,1,Negative,Dermacentor variabilis,HARV_001.20230614.IXOSCA.N,6,2023
HARV,HARV_001,deciduousForest,202.1,2023-06-14,1,Negative,Ehrlichia muris-like,HARV_001.20230614.IXOSCA.N,6,2023
HARV,HARV_001,deciduousForest,202.1,2023-06-14,1,Negative,Borrelia sp.,HARV_001.20230614.IXOSCA.N,6,2023
HARV,HARV_001,deciduousForest,202.1,2023-06-14,1,Negative,Borrelia mayonii,HARV_001.20230614.IXOSCA.N,6,2023
HARV,HARV_001,deciduousForest,202.1,2023-06-14,1,Negative,Borrelia mayonii,HARV_001.20230614.IXOSCA.N,6,2023
HARV,HARV_001,deciduousForest,202.1,2023-06-14,1,Negative,Anaplasma phagocytophilum,HARV_001.20230614.IXOSCA.N,6,2023
HARV,HARV_001,deciduousForest,202.1,2023-06-14,1,Positive,Borrelia sp.,HARV_001.20230614.IXOSCA.N,6,2023
HARV,HARV_001,deciduousForest,202.1,2023-06-14,1,Negative,Ehrlichia muris-like,HARV_001.20230614.IXOSCA.N,6,2023
HARV,HARV_001,deciduousForest,202.1,2023-06-14,1,Negative,Anaplasma phagocytophilum,HARV_001.20230614.IXOSCA.N,6,2023
HARV,HARV_001,deciduousForest,202.1,2023-06-14,1,Positive,Borrelia sp.,HARV_001.20230614.IXOSCA.N,6,2023
HARV,HARV_001,deciduousForest,202.1,2023-06-14,1,Positive,Ixodes scapularis,HARV_001.20230614.IXOSCA.N,6,2023
HARV,HARV_001,deciduousForest,202.1,2023-06-14,1,Negative,Dermacentor variabilis,HARV_001.20230614.IXOSCA.N,6,2023
HARV,HARV_001,deciduousForest,202.1,2023-06-14,1,Negative,Anaplasma phagocytophilum,HARV_001.20230614.IXOSCA.N,6,2023
HARV,HARV_001,deciduousForest,202.1,2023-06-14,1,Negative,Borrelia mayonii,HARV_001.20230614.IXOSCA.N,6,2023
HARV,HARV_001,deciduousForest,202.1,2023-06-14,1,Negative,Babesia microti,HARV_001.20230614.IXOSCA.N,6,2023
HARV,HARV_001,deciduousForest,202.1,2023-06-14,1,Negative,Ehrlichia muris-like,HARV_001.20230614.IXOSCA.N,6,2023
HARV,HARV_001,deciduousForest,202.1,2023-06-14,1,Negative,Borrelia sp.,HARV_001.20230614.IXOSCA.N,6,2023
HARV,HARV_001,deciduousForest,202.1,2023-06-14,1,Negative,Borrelia miyamotoi,HARV_001.20230614.IXOSCA.N,6,2023
HARV,HARV_001,deciduousForest,202.1,2023-06-14,1,Positive,Ixodes scapularis,HARV_001.20230614.IXOSCA.N,6,2023
HARV,HARV_001,deciduousForest,202.1,2023-06-14,1,Negative,Borrelia burgdorferi sensu lato,HARV_001.20230614.IXOSCA.N,6,2023
HARV,HARV_001,deciduousForest,202.1,2023-06-14,1,Negative,Dermacentor variabilis,HARV_001.20230614.IXOSCA.N,6,2023
HARV,HARV_001,deciduousForest,202.1,2023-06-14,1,Negative,Borrelia miyamotoi,HARV_001.20230614.IXOSCA.N,6,2023
HARV,HARV_001,deciduousForest,202.1,2023-06-14,1,Positive,Ixodes scapularis,HARV_001.20230614.IXOSCA.N,6,2023
HARV,HARV_001,deciduousForest,202.1,2023-06-14,1,Negative,Borrelia sp.,HARV_001.20230614.IXOSCA.N,6,2023
HARV,HARV_001,deciduousForest,202.1,2023-06-14,1,Positive,Ixodes scapularis,HARV_001.20230614.IXOSCA.N,6,2023
HARV,HARV_001,deciduousForest,202.1,2023-06-14,1,Negative,Ehrlichia muris-like,HARV_001.20230614.IXOSCA.N,6,2023
HARV,HARV_001,deciduousForest,202.1,2023-06-14,1,Negative,Borrelia sp.,HARV_001.20230614.IXOSCA.N,6,2023
HARV,HARV_001,deciduousForest,202.1,2023-06-14,1,Negative,Ixodes pacificus,HARV_001.20230614.IXOSCA.N,6,2023
HARV,HARV_001,deciduousForest,202.1,2023-06-14,1,Positive,Borrelia burgdorferi sensu lato,HARV_001.20230614.IXOSCA.N,6,2023
HARV,HARV_001,deciduousForest,202.1,2023-06-14,1,Negative,Ehrlichia muris-like,HARV_001.20230614.IXOSCA.N,6,2023
HARV,HARV_001,deciduousForest,202.1,2023-06-14,1,Negative,Babesia microti,HARV_001.20230614.IXOSCA.N,6,2023
HARV,HARV_001,deciduousForest,202.1,2023-06-14,1,Negative,Borrelia burgdorferi sensu lato,HARV_001.20230614.IXOSCA.N,6,2023
HARV,HARV_001,deciduousForest,202.1,2023-06-14,1,Negative,Dermacentor variabilis,HARV_001.20230614.IXOSCA.N,6,2023
HARV,HARV_001,deciduousForest,202.1,2023-06-14,1,Negative,Anaplasma phagocytophilum,HARV_001.20230614.IXOSCA.N,6,2023
HARV,HARV_001,deciduousForest,202.1,2023-06-14,1,Negative,Borrelia mayonii,HARV_001.20230614.IXOSCA.N,6,2023
HARV,HARV_001,deciduousForest,202.1,2023-06-14,1,Positive,Ixodes scapularis,HARV_001.20230614.IXOSCA.N,6,2023
HARV,HARV_001,deciduousForest,202.1,2023-06-14,1,Negative,Anaplasma phagocytophilum,HARV_001.20230614.IXOSCA.N,6,2023
HARV,HARV_001,deciduousForest,202.1,2023-06-14,1,Negative,Ixodes pacificus,HARV_001.20230614.IXOSCA.N,6,2023
HARV,HARV_001,deciduousForest,202.1,2023-06-14,1,Negative,Borrelia mayonii,HARV_001.20230614.IXOSCA.N,6,2023
HARV,HARV_001,deciduousForest,202.1,2023-06-14,1,Negative,Ixodes pacificus,HARV_001.20230614.IXOSCA.N,6,2023
HARV,HARV_001,deciduousForest,202.1,2023-06-14,1,Positive,Ixodes scapularis,HARV_001.20230614.IXOSCA.N,6,2023
HARV,HARV_001,deciduousForest,202.1,2023-06-14,1,Negative,Borrelia miyamotoi,HARV_001.20230614.IXOSCA.N,6,2023
HARV,HARV_001,deciduousForest,202.1,2023-06-14,1,Negative,Ixodes pacificus,HARV_001.20230614.IXOSCA.N,6,2023
HARV,HARV_001,deciduousForest,202.1,2023-06-14,1,Negative,Ixodes pacificus,HARV_001.20230614.IXOSCA.N,6,2023
HARV,HARV_001,deciduousForest,202.1,2023-06-14,1,Positive,Ixodes scapularis,HARV_001.20230614.IXOSCA.N,6,2023
HARV,HARV_001,deciduousForest,202.1,2023-06-14,1,Negative,Babesia microti,HARV_001.20230614.IXOSCA.N,6,2023
HARV,HARV_001,deciduousForest,202.1,2023-06-14,1,Negative,Babesia microti,HARV_001.20230614.IXOSCA.N,6,2023
HARV,HARV_001,deciduousForest,202.1,2023-06-14,1,Negative,Babesia microti,HARV_001.20230614.IXOSCA.N,6,2023
HARV,HARV_001,deciduousForest,202.1,2023-06-14,1,Negative,Babesia microti,HARV_001.20230614.IXOSCA.N,6,2023
HARV,HARV_001,deciduousForest,202.1,2023-06-14,1,Negative,Babesia microti,HARV_001.20230614.IXOSCA.N,6,2023
HARV,HARV_001,deciduousForest,202.1,2023-06-14,1,Negative,Borrelia sp.,HARV_001.20230614.IXOSCA.N,6,2023
HARV,HARV_001,deciduousForest,202.1,2023-06-14,1,Negative,Dermacentor variabilis,HARV_001.20230614.IXOSCA.N,6,2023
HARV,HARV_001,deciduousForest,202.1,2023-06-14,1,Negative,Borrelia mayonii,HARV_001.20230614.IXOSCA.N,6,2023
HARV,HARV_001,deciduousForest,202.1,2023-06-14,1,Negative,Amblyomma americanum,HARV_001.20230614.IXOSCA.N,6,2023
HARV,HARV_001,deciduousForest,202.1,2023-06-14,1,Positive,Borrelia burgdorferi sensu lato,HARV_001.20230614.IXOSCA.N,6,2023
HARV,HARV_001,deciduousForest,202.1,2023-06-14,1,Negative,Borrelia mayonii,HARV_001.20230614.IXOSCA.N,6,2023
HARV,HARV_001,deciduousForest,202.1,2023-06-14,1,Negative,Borrelia mayonii,HARV_001.20230614.IXOSCA.N,6,2023
HARV,HARV_001,deciduousForest,202.1,2023-06-14,1,Negative,Anaplasma phagocytophilum,HARV_001.20230614.IXOSCA.N,6,2023
HARV,HARV_001,deciduousForest,202.1,2023-06-14,1,Negative,Borrelia miyamotoi,HARV_001.20230614.IXOSCA.N,6,2023
HARV,HARV_001,deciduousForest,202.1,2023-06-14,1,Positive,Ixodes scapularis,HARV_001.20230614.IXOSCA.N,6,2023
HARV,HARV_001,deciduousForest,202.1,2023-06-14,1,Negative,Babesia microti,HARV_001.20230614.IXOSCA.N,6,2023
HARV,HARV_001,deciduousForest,202.1,2023-06-14,1,Negative,Amblyomma americanum,HARV_001.20230614.IXOSCA.N,6,2023
HARV,HARV_001,deciduousForest,202.1,2023-06-14,1,Negative,Amblyomma americanum,HARV_001.20230614.IXOSCA.N,6,2023
HARV,HARV_001,deciduousForest,202.1,2023-06-14,1,Positive,Borrelia sp.,HARV_001.20230614.IXOSCA.N,6,2023
HARV,HARV_001,deciduousForest,202.1,2023-06-14,1,Negative,Ixodes pacificus,HARV_001.20230614.IXOSCA.N,6,2023
HARV,HARV_001,deciduousForest,202.1,2023-06-14,1,Negative,Borrelia sp.,HARV_001.20230614.IXOSCA.N,6,2023
HARV,HARV_001,deciduousForest,202.1,2023-06-14,1,Negative,Borrelia burgdorferi sensu lato,HARV_001.20230614.IXOSCA.N,6,2023
HARV,HARV_001,deciduousForest,202.1,2023-06-14,1,Negative,Borrelia sp.,HARV_001.20230614.IXOSCA.N,6,2023
HARV,HARV_001,deciduousForest,202.1,2023-06-14,1,Negative,Dermacentor variabilis,HARV_001.20230614.IXOSCA.N,6,2023
HARV,HARV_001,deciduousForest,202.1,2023-06-14,1,Negative,Anaplasma phagocytophilum,HARV_001.20230614.IXOSCA.N,6,2023
HARV,HARV_001,deciduousForest,202.1,2023-06-14,1,Negative,Borrelia miyamotoi,HARV_001.20230614.IXOSCA.N,6,2023
HARV,HARV_001,deciduousForest,202.1,2023-06-14,1,Negative,Babesia microti,HARV_001.20230614.IXOSCA.N,6,2023
HARV,HARV_001,deciduousForest,202.1,2023-06-14,1,Negative,Babesia microti,HARV_001.20230614.IXOSCA.N,6,2023
HARV,HARV_001,deciduousForest,202.1,2023-06-14,1,Negative,Amblyomma americanum,HARV_001.20230614.IXOSCA.N,6,2023
HARV,HARV_001,deciduousForest,202.1,2023-06-14,1,Negative,Amblyomma americanum,HARV_001.20230614.IXOSCA.N,6,2023
HARV,HARV_001,deciduousForest,202.1,2023-06-14,1,Negative,Ehrlichia muris-like,HARV_001.20230614.IXOSCA.N,6,2023
HARV,HARV_001,deciduousForest,202.1,2023-06-14,1,Negative,Dermacentor variabilis,HARV_001.20230614.IXOSCA.N,6,2023
HARV,HARV_001,deciduousForest,202.1,2023-06-14,1,Negative,Borrelia miyamotoi,HARV_001.20230614.IXOSCA.N,6,2023
HARV,HARV_001,deciduousForest,202.1,2023-06-14,1,Positive,Borrelia sp.,HARV_001.20230614.IXOSCA.N,6,2023
HARV,HARV_001,deciduousForest,202.1,2023-06-14,1,Negative,Borrelia miyamotoi,HARV_001.20230614.IXOSCA.N,6,2023
HARV,HARV_001,deciduousForest,202.1,2023-06-14,1,Negative,Borrelia miyamotoi,HARV_001.20230614.IXOSCA.N,6,2023
HARV,HARV_001,deciduousForest,202.1,2023-06-14,1,Negative,Amblyomma americanum,HARV_001.20230614.IXOSCA.N,6,2023
HARV,HARV_001,deciduousForest,202.1,2023-06-14,1,Negative,Borrelia miyamotoi,HARV_001.20230614.IXOSCA.N,6,2023
HARV,HARV_001,deciduousForest,202.1,2023-06-14,1,Negative,Ehrlichia muris-like,HARV_001.20230614.IXOSCA.N,6,2023
HARV,HARV_001,deciduousForest,202.1,2023-06-14,1,Negative,Amblyomma americanum,HARV_001.20230614.IXOSCA.N,6,2023
HARV,HARV_001,deciduousForest,202.1,2023-06-14,1,Negative,Dermacentor variabilis,HARV_001.20230614.IXOSCA.N,6,2023
HARV,HARV_001,deciduousForest,202.1,2023-06-14,1,Positive,Ixodes scapularis,HARV_001.20230614.IXOSCA.N,6,2023
HARV,HARV_001,deciduousForest,202.1,2023-06-14,1,Negative,Ixodes pacificus,HARV_001.20230614.IXOSCA.N,6,2023
HARV,HARV_001,deciduousForest,202.1,2023-06-14,1,Negative,Borrelia sp.,HARV_001.20230614.IXOSCA.N,6,2023
HARV,HARV_001,deciduousForest,202.1,2023-06-14,1,Negative,Dermacentor variabilis,HARV_001.20230614.IXOSCA.N,6,2023
HARV,HARV_001,deciduousForest,202.1,2023-06-14,1,Negative,Dermacentor variabilis,HARV_001.20230614.IXOSCA.N,6,2023
HARV,HARV_001,deciduousForest,202.1,2023-06-14,1,Negative,Ixodes pacificus,HARV_001.20230614.IXOSCA.N,6,2023
HARV,HARV_001,deciduousForest,202.1,2023-06-14,1,Negative,Amblyomma americanum,HARV_001.20230614.IXOSCA.N,6,2023
HARV,HARV_001,deciduousForest,202.1,2023-06-14,1,Negative,Borrelia miyamotoi,HARV_001.20230614.IXOSCA.N,6,2023
HARV,HARV_001,deciduousForest,202.1,2023-06-14,1,Negative,Borrelia sp.,HARV_001.20230614.IXOSCA.N,6,2023
HARV,HARV_001,deciduousForest,202.1,2023-06-14,1,Negative,Dermacentor variabilis,HARV_001.20230614.IXOSCA.N,6,2023
HARV,HARV_001,deciduousForest,202.1,2023-06-14,1,Negative,Borrelia burgdorferi sensu lato,HARV_001.20230614.IXOSCA.N,6,2023
HARV,HARV_001,deciduousForest,202.1,2023-06-14,1,Negative,Amblyomma americanum,HARV_001.20230614.IXOSCA.N,6,2023
HARV,HARV_001,deciduousForest,202.1,2023-06-14,1,Negative,Borrelia mayonii,HARV_001.20230614.IXOSCA.N,6,2023
HARV,HARV_001,deciduousForest,202.1,2023-06-14,1,Negative,Borrelia burgdorferi sensu lato,HARV_001.20230614.IXOSCA.N,6,2023
HARV,HARV_001,deciduousForest,202.1,2023-06-14,1,Negative,Dermacentor variabilis,HARV_001.20230614.IXOSCA.N,6,2023
HARV,HARV_001,deciduousForest,202.1,2023-06-14,1,Negative,Amblyomma americanum,HARV_001.20230614.IXOSCA.N,6,2023
HARV,HARV_001,deciduousForest,202.1,2023-06-14,1,Negative,Borrelia miyamotoi,HARV_001.20230614.IXOSCA.N,6,2023
HARV,HARV_001,deciduousForest,202.1,2023-06-14,1,Positive,Borrelia burgdorferi sensu lato,HARV_001.20230614.IXOSCA.N,6,2023
HARV,HARV_001,deciduousForest,202.1,2023-06-14,1,Negative,Borrelia burgdorferi sensu lato,HARV_001.20230614.IXOSCA.N,6,2023
HARV,HARV_001,deciduousForest,202.1,2023-06-14,1,Negative,Ehrlichia muris-like,HARV_001.20230614.IXOSCA.N,6,2023
HARV,HARV_001,deciduousForest,202.1,2023-06-14,1,Negative,Amblyomma americanum,HARV_001.20230614.IXOSCA.N,6,2023
HARV,HARV_001,deciduousForest,202.1,2023-06-14,1,Positive,Ixodes scapularis,HARV_001.20230614.IXOSCA.N,6,2023
HARV,HARV_001,deciduousForest,202.1,2023-06-14,1,Negative,Ixodes pacificus,HARV_001.20230614.IXOSCA.N,6,2023
HARV,HARV_001,deciduousForest,202.1,2023-06-14,1,Negative,Amblyomma americanum,HARV_001.20230614.IXOSCA.N,6,2023
HARV,HARV_001,deciduousForest,202.1,2023-06-14,1,Negative,Babesia microti,HARV_001.20230614.IXOSCA.N,6,2023
HARV,HARV_001,deciduousForest,202.1,2023-06-14,1,Negative,Borrelia mayonii,HARV_001.20230614.IXOSCA.N,6,2023
HARV,HARV_001,deciduousForest,202.1,2023-06-14,1,Positive,Ixodes scapularis,HARV_001.20230614.IXOSCA.N,6,2023
HARV,HARV_001,deciduousForest,202.1,2023-06-14,1,Negative,Borrelia mayonii,HARV_001.20230614.IXOSCA.N,6,2023
HARV,HARV_001,deciduousForest,202.1,2023-06-14,1,Negative,Anaplasma phagocytophilum,HARV_001.20230614.IXOSCA.N,6,2023
HARV,HARV_001,deciduousForest,202.1,2023-06-14,1,Positive,Borrelia sp.,HARV_001.20230614.IXOSCA.N,6,2023
HARV,HARV_001,deciduousForest,202.1,2023-06-14,1,Negative,Amblyomma americanum,HARV_001.20230614.IXOSCA.N,6,2023
HARV,HARV_001,deciduousForest,202.1,2023-06-14,1,Negative,Anaplasma phagocytophilum,HARV_001.20230614.IXOSCA.N,6,2023
HARV,HARV_001,deciduousForest,202.1,2023-06-14,1,Negative,Borrelia burgdorferi sensu lato,HARV_001.20230614.IXOSCA.N,6,2023
HARV,HARV_001,deciduousForest,202.1,2023-06-14,1,Negative,Amblyomma americanum,HARV_001.20230614.IXOSCA.N,6,2023
HARV,HARV_001,deciduousForest,202.1,2023-06-14,1,Positive,Ixodes scapularis,HARV_001.20230614.IXOSCA.N,6,2023
HARV,HARV_001,deciduousForest,202.1,2023-06-14,1,Negative,Dermacentor variabilis,HARV_001.20230614.IXOSCA.N,6,2023
HARV,HARV_001,deciduousForest,202.1,2023-06-14,1,Negative,Ehrlichia muris-like,HARV_001.20230614.IXOSCA.N,6,2023
HARV,HARV_001,deciduousForest,202.1,2023-06-14,1,Positive,Ixodes scapularis,HARV_001.20230614.IXOSCA.N,6,2023
HARV,HARV_001,deciduousForest,202.1,2023-06-14,1,Negative,Ixodes pacificus,HARV_001.20230614.IXOSCA.N,6,2023
HARV,HARV_001,deciduousForest,202.1,2023-06-14,1,Negative,Anaplasma phagocytophilum,HARV_001.20230614.IXOSCA.N,6,2023
HARV,HARV_001,deciduousForest,202.1,2023-06-14,1,Negative,Dermacentor variabilis,HARV_001.20230614.IXOSCA.N,6,2023
HARV,HARV_001,deciduousForest,202.1,2023-06-14,1,Positive,Borrelia burgdorferi sensu lato,HARV_001.20230614.IXOSCA.N,6,2023
HARV,HARV_001,deciduousForest,202.1,2023-06-14,1,Negative,Ixodes pacificus,HARV_001.20230614.IXOSCA.N,6,2023
HARV,HARV_001,deciduousForest,202.1,2023-06-14,1,Negative,Amblyomma americanum,HARV_001.20230614.IXOSCA.N,6,2023
HARV,HARV_001,deciduousForest,202.1,2023-06-14,1,Negative,Anaplasma phagocytophilum,HARV_001.20230614.IXOSCA.N,6,2023
HARV,HARV_001,deciduousForest,202.1,2023-06-14,1,Negative,Borrelia mayonii,HARV_001.20230614.IXOSCA.N,6,2023
HARV,HARV_001,deciduousForest,202.1,2023-06-14,1,Negative,Anaplasma phagocytophilum,HARV_001.20230614.IXOSCA.N,6,2023
HARV,HARV_001,deciduousForest,202.1,2023-06-14,1,Negative,Amblyomma americanum,HARV_001.20230614.IXOSCA.N,6,2023
HARV,HARV_001,deciduousForest,202.1,2023-06-14,1,Negative,Borrelia miyamotoi,HARV_001.20230614.IXOSCA.N,6,2023
HARV,HARV_001,deciduousForest,202.1,2023-06-14,1,Negative,Borrelia miyamotoi,HARV_001.20230614.IXOSCA.N,6,2023
HARV,HARV_001,deciduousForest,202.1,2023-06-14,1,Positive,Ixodes scapularis,HARV_001.20230614.IXOSCA.N,6,2023
HARV,HARV_001,deciduousForest,202.1,2023-06-14,1,Positive,Ixodes scapularis,HARV_001.20230614.IXOSCA.N,6,2023
HARV,HARV_001,deciduousForest,202.1,2023-06-14,1,Negative,Ehrlichia muris-like,HARV_001.20230614.IXOSCA.N,6,2023
HARV,HARV_001,deciduousForest,202.1,2023-06-14,1,Negative,Anaplasma phagocytophilum,HARV_001.20230614.IXOSCA.N,6,2023
HARV,HARV_001,deciduousForest,202.1,2023-06-14,1,Negative,Dermacentor variabilis,HARV_001.20230614.IXOSCA.N,6,2023
HARV,HARV_001,deciduousForest,202.1,2023-06-14,1,Negative,Borrelia mayonii,HARV_001.20230614.IXOSCA.N,6,2023
HARV,HARV_001,deciduousForest,202.1,2023-06-14,1,Negative,Borrelia mayonii,HARV_001.20230614.IXOSCA.N,6,2023
HARV,HARV_001,deciduousForest,202.1,2023-06-14,1,Negative,Dermacentor variabilis,HARV_001.20230614.IXOSCA.N,6,2023
HARV,HARV_001,deciduousForest,202.1,2023-06-14,1,Negative,Ehrlichia muris-like,HARV_001.20230614.IXOSCA.N,6,2023
HARV,HARV_001,deciduousForest,202.1,2023-06-14,1,Negative,Dermacentor variabilis,HARV_001.20230614.IXOSCA.N,6,2023
HARV,HARV_001,deciduousForest,202.1,2023-06-14,1,Negative,Ixodes pacificus,HARV_001.20230614.IXOSCA.N,6,2023
HARV,HARV_001,deciduousForest,202.1,2023-06-14,1,Negative,Borrelia miyamotoi,HARV_001.20230614.IXOSCA.N,6,2023
HARV,HARV_001,deciduousForest,202.1,2023-06-14,1,Negative,Borrelia sp.,HARV_001.20230614.IXOSCA.N,6,2023
HARV,HARV_001,deciduousForest,202.1,2023-06-14,1,Negative,Borrelia miyamotoi,HARV_001.20230614.IXOSCA.N,6,2023
HARV,HARV_001,deciduousForest,202.1,2023-06-14,1,Negative,Amblyomma americanum,HARV_001.20230614.IXOSCA.N,6,2023
HARV,HARV_001,deciduousForest,202.1,2023-06-14,1,Negative,Babesia microti,HARV_001.20230614.IXOSCA.N,6,2023
HARV,HARV_001,deciduousForest,202.1,2023-06-14,1,Negative,Ehrlichia muris-like,HARV_001.20230614.IXOSCA.N,6,2023
HARV,HARV_001,deciduousForest,202.1,2023-06-14,1,Negative,Ixodes pacificus,HARV_001.20230614.IXOSCA.N,6,2023
HARV,HARV_001,deciduousForest,202.1,2023-06-14,1,Negative,Borrelia burgdorferi sensu lato,HARV_001.20230614.IXOSCA.N,6,2023
HARV,HARV_001,deciduousForest,202.1,2023-06-14,1,Negative,Amblyomma americanum,HARV_001.20230614.IXOSCA.N,6,2023
HARV,HARV_001,deciduousForest,202.1,2023-06-14,1,Negative,Babesia microti,HARV_001.20230614.IXOSCA.N,6,2023
HARV,HARV_001,deciduousForest,202.1,2023-06-14,1,Negative,Ixodes pacificus,HARV_001.20230614.IXOSCA.N,6,2023
HARV,HARV_001,deciduousForest,202.1,2023-06-14,1,Negative,Dermacentor variabilis,HARV_001.20230614.IXOSCA.N,6,2023
HARV,HARV_001,deciduousForest,202.1,2023-06-14,1,Negative,Ixodes pacificus,HARV_001.20230614.IXOSCA.N,6,2023
HARV,HARV_001,deciduousForest,202.1,2023-06-14,1,Negative,Borrelia burgdorferi sensu lato,HARV_001.20230614.IXOSCA.N,6,2023
HARV,HARV_001,deciduousForest,202.1,2023-06-14,1,Positive,Ixodes scapularis,HARV_001.20230614.IXOSCA.N,6,2023
HARV,HARV_001,deciduousForest,202.1,2023-06-14,1,Negative,Borrelia burgdorferi sensu lato,HARV_001.20230614.IXOSCA.N,6,2023
HARV,HARV_001,deciduousForest,202.1,2023-06-14,1,Negative,Ehrlichia muris-like,HARV_001.20230614.IXOSCA.N,6,2023
HARV,HARV_001,deciduousForest,202.1,2023-06-14,1,Negative,Borrelia burgdorferi sensu lato,HARV_001.20230614.IXOSCA.N,6,2023
HARV,HARV_001,deciduousForest,202.1,2023-06-14,1,Negative,Ixodes pacificus,HARV_001.20230614.IXOSCA.N,6,2023
HARV,HARV_001,deciduousForest,202.1,2023-06-14,1,Negative,Ehrlichia muris-like,HARV_001.20230614.IXOSCA.N,6,2023
HARV,HARV_001,deciduousForest,202.1,2023-06-14,1,Negative,Borrelia mayonii,HARV_001.20230614.IXOSCA.N,6,2023
HARV,HARV_001,deciduousForest,202.1,2023-06-14,1,Negative,Borrelia mayonii,HARV_001.20230614.IXOSCA.N,6,2023
HARV,HARV_001,deciduousForest,202.1,2023-06-14,1,Negative,Borrelia miyamotoi,HARV_001.20230614.IXOSCA.N,6,2023
HARV,HARV_001,deciduousForest,202.1,2023-06-14,1,Negative,Babesia microti,HARV_001.20230614.IXOSCA.N,6,2023
HARV,HARV_001,deciduousForest,202.1,2023-06-14,1,Negative,Borrelia mayonii,HARV_001.20230614.IXOSCA.N,6,2023
HARV,HARV_001,deciduousForest,202.1,2023-06-14,1,Negative,Anaplasma phagocytophilum,HARV_001.20230614.IXOSCA.N,6,2023
HARV,HARV_001,deciduousForest,202.1,2023-06-14,1,Negative,Anaplasma phagocytophilum,HARV_001.20230614.IXOSCA.N,6,2023
HARV,HARV_001,deciduousForest,202.1,2023-06-14,1,Negative,Borrelia miyamotoi,HARV_001.20230614.IXOSCA.N,6,2023
HARV,HARV_001,deciduousForest,202.1,2023-06-14,1,Negative,Borrelia sp.,HARV_001.20230614.IXOSCA.N,6,2023
HARV,HARV_001,deciduousForest,202.1,2023-06-14,1,Positive,Borrelia sp.,HARV_001.20230614.IXOSCA.N,6,2023
HARV,HARV_001,deciduousForest,202.1,2023-06-14,1,Negative,Amblyomma americanum,HARV_001.20230614.IXOSCA.N,6,2023
HARV,HARV_001,deciduousForest,202.1,2023-06-14,1,Negative,Amblyomma americanum,HARV_001.20230614.IXOSCA.N,6,2023
HARV,HARV_001,deciduousForest,202.1,2023-06-14,1,Negative,Babesia microti,HARV_001.20230614.IXOSCA.N,6,2023
HARV,HARV_001,deciduousForest,202.1,2023-06-14,1,Negative,Dermacentor variabilis,HARV_001.20230614.IXOSCA.N,6,2023
HARV,HARV_001,deciduousForest,202.1,2023-06-14,1,Negative,Ixodes pacificus,HARV_001.20230614.IXOSCA.N,6,2023
HARV,HARV_001,deciduousForest,202.1,2023-06-14,1,Positive,Ixodes scapularis,HARV_001.20230614.IXOSCA.N,6,2023
HARV,HARV_001,deciduousForest,202.1,2023-06-14,1,Positive,Ixodes scapularis,HARV_001.20230614.IXOSCA.N,6,2023
HARV,HARV_001,deciduousForest,202.1,2023-06-14,1,Positive,Ixodes scapularis,HARV_001.20230614.IXOSCA.N,6,2023
HARV,HARV_001,deciduousForest,202.1,2023-06-14,1,Negative,Babesia microti,HARV_001.20230614.IXOSCA.N,6,2023
HARV,HARV_001,deciduousForest,202.1,2023-06-14,1,Positive,Borrelia burgdorferi sensu lato,HARV_001.20230614.IXOSCA.N,6,2023
HARV,HARV_001,deciduousForest,202.1,2023-06-14,1,Negative,Anaplasma phagocytophilum,HARV_001.20230614.IXOSCA.N,6,2023
HARV,HARV_001,deciduousForest,202.1,2023-06-14,1,Negative,Babesia microti,HARV_001.20230614.IXOSCA.N,6,2023
HARV,HARV_001,deciduousForest,202.1,2023-06-14,1,Negative,Borrelia sp.,HARV_001.20230614.IXOSCA.N,6,2023
HARV,HARV_001,deciduousForest,202.1,2023-06-14,1,Negative,Borrelia mayonii,HARV_001.20230614.IXOSCA.N,6,2023
HARV,HARV_001,deciduousForest,202.1,2023-06-14,1,Negative,Borrelia miyamotoi,HARV_001.20230614.IXOSCA.N,6,2023
HARV,HARV_001,deciduousForest,202.1,2023-06-14,1,Negative,Anaplasma phagocytophilum,HARV_001.20230614.IXOSCA.N,6,2023
HARV,HARV_001,deciduousForest,202.1,2023-06-14,1,Negative,Borrelia sp.,HARV_001.20230614.IXOSCA.N,6,2023
HARV,HARV_001,deciduousForest,202.1,2023-06-14,1,Negative,Borrelia mayonii,HARV_001.20230614.IXOSCA.N,6,2023
HARV,HARV_001,deciduousForest,202.1,2023-06-14,1,Negative,Anaplasma phagocytophilum,HARV_001.20230614.IXOSCA.N,6,2023
HARV,HARV_001,deciduousForest,202.1,2023-06-14,1,Negative,Anaplasma phagocytophilum,HARV_001.20230614.IXOSCA.N,6,2023
HARV,HARV_001,deciduousForest,202.1,2023-06-14,1,Negative,Dermacentor variabilis,HARV_001.20230614.IXOSCA.N,6,2023
HARV,HARV_001,deciduousForest,202.1,2023-06-14,1,Negative,Babesia microti,HARV_001.20230614.IXOSCA.N,6,2023
HARV,HARV_001,deciduousForest,202.1,2023-06-14,1,Positive,Ixodes scapularis,HARV_001.20230614.IXOSCA.N,6,2023
HARV,HARV_001,deciduousForest,202.1,2023-06-14,1,Negative,Ixodes pacificus,HARV_001.20230614.IXOSCA.N,6,2023
HARV,HARV_001,deciduousForest,202.1,2023-06-14,1,Negative,Borrelia miyamotoi,HARV_001.20230614.IXOSCA.N,6,2023
HARV,HARV_001,deciduousForest,202.1,2023-06-14,1,Negative,Amblyomma americanum,HARV_001.20230614.IXOSCA.N,6,2023
HARV,HARV_001,deciduousForest,202.1,2023-06-14,1,Negative,Ehrlichia muris-like,HARV_001.20230614.IXOSCA.N,6,2023
HARV,HARV_001,deciduousForest,202.1,2023-06-14,1,Negative,Ehrlichia muris-like,HARV_001.20230614.IXOSCA.N,6,2023
HARV,HARV_001,deciduousForest,202.1,2023-06-14,1,Negative,Borrelia miyamotoi,HARV_001.20230614.IXOSCA.N,6,2023
HARV,HARV_001,deciduousForest,202.1,2023-06-14,1,Negative,Borrelia miyamotoi,HARV_001.20230614.IXOSCA.N,6,2023
HARV,HARV_001,deciduousForest,202.1,2023-06-14,1,Negative,Amblyomma americanum,HARV_001.20230614.IXOSCA.N,6,2023
HARV,HARV_001,deciduousForest,202.1,2023-06-14,1,Positive,Borrelia sp.,HARV_001.20230614.IXOSCA.N,6,2023
HARV,HARV_001,deciduousForest,202.1,2023-06-14,1,Negative,Ehrlichia muris-like,HARV_001.20230614.IXOSCA.N,6,2023
HARV,HARV_001,deciduousForest,202.1,2023-06-14,1,Negative,Dermacentor variabilis,HARV_001.20230614.IXOSCA.N,6,2023
HARV,HARV_001,deciduousForest,202.1,2023-06-14,1,Negative,Ehrlichia muris-like,HARV_001.20230614.IXOSCA.N,6,2023
HARV,HARV_001,deciduousForest,202.1,2023-06-14,1,Negative,Amblyomma americanum,HARV_001.20230614.IXOSCA.N,6,2023
HARV,HARV_001,deciduousForest,202.1,2023-06-14,1,Positive,Ixodes scapularis,HARV_001.20230614.IXOSCA.N,6,2023
HARV,HARV_001,deciduousForest,202.1,2023-06-14,1,Negative,Borrelia sp.,HARV_001.20230614.IXOSCA.N,6,2023
HARV,HARV_001,deciduousForest,202.1,2023-06-14,1,Negative,Borrelia mayonii,HARV_001.20230614.IXOSCA.N,6,2023
HARV,HARV_001,deciduousForest,202.1,2023-06-14,1,Negative,Borrelia mayonii,HARV_001.20230614.IXOSCA.N,6,2023
HARV,HARV_001,deciduousForest,202.1,2023-06-14,1,Negative,Babesia microti,HARV_001.20230614.IXOSCA.N,6,2023
HARV,HARV_001,deciduousForest,202.1,2023-06-14,1,Negative,Borrelia sp.,HARV_001.20230614.IXOSCA.N,6,2023
HARV,HARV_001,deciduousForest,202.1,2023-06-14,1,Negative,Amblyomma americanum,HARV_001.20230614.IXOSCA.N,6,2023
HARV,HARV_001,deciduousForest,202.1,2023-06-14,1,Negative,Borrelia burgdorferi sensu lato,HARV_001.20230614.IXOSCA.N,6,2023
HARV,HARV_001,deciduousForest,202.1,2023-06-14,1,Negative,Ehrlichia muris-like,HARV_001.20230614.IXOSCA.N,6,2023
HARV,HARV_001,deciduousForest,202.1,2023-06-14,1,Negative,Borrelia sp.,HARV_001.20230614.IXOSCA.N,6,2023
HARV,HARV_001,deciduousForest,202.1,2023-06-14,1,Negative,Borrelia mayonii,HARV_001.20230614.IXOSCA.N,6,2023
HARV,HARV_001,deciduousForest,202.1,2023-06-14,1,Positive,Borrelia burgdorferi sensu lato,HARV_001.20230614.IXOSCA.N,6,2023
HARV,HARV_001,deciduousForest,202.1,2023-06-14,1,Negative,Ixodes pacificus,HARV_001.20230614.IXOSCA.N,6,2023
HARV,HARV_001,deciduousForest,202.1,2023-06-14,1,Negative,Dermacentor variabilis,HARV_001.20230614.IXOSCA.N,6,2023
HARV,HARV_001,deciduousForest,202.1,2023-06-14,1,Negative,Borrelia miyamotoi,HARV_001.20230614.IXOSCA.N,6,2023
HARV,HARV_001,deciduousForest,202.1,2023-06-14,1,Negative,Borrelia mayonii,HARV_001.20230614.IXOSCA.N,6,2023
HARV,HARV_001,deciduousForest,202.1,2023-06-14,1,Negative,Babesia microti,HARV_001.20230614.IXOSCA.N,6,2023
HARV,HARV_001,deciduousForest,202.1,2023-06-14,1,Negative,Borrelia miyamotoi,HARV_001.20230614.IXOSCA.N,6,2023
HARV,HARV_001,deciduousForest,202.1,2023-06-14,1,Negative,Borrelia burgdorferi sensu lato,HARV_001.20230614.IXOSCA.N,6,2023
HARV,HARV_001,deciduousForest,202.1,2023-06-14,1,Negative,Anaplasma phagocytophilum,HARV_001.20230614.IXOSCA.N,6,2023
HARV,HARV_001,deciduousForest,202.1,2023-06-14,1,Negative,Ixodes pacificus,HARV_001.20230614.IXOSCA.N,6,2023
HARV,HARV_001,deciduousForest,202.1,2023-06-14,1,Negative,Borrelia burgdorferi sensu lato,HARV_001.20230614.IXOSCA.N,6,2023
HARV,HARV_001,deciduousForest,202.1,2023-06-14,1,Positive,Ixodes scapularis,HARV_001.20230614.IXOSCA.N,6,2023
HARV,HARV_001,deciduousForest,202.1,2023-06-14,1,Negative,Ehrlichia muris-like,HARV_001.20230614.IXOSCA.N,6,2023
HARV,HARV_001,deciduousForest,202.1,2023-06-14,1,Negative,Babesia microti,HARV_001.20230614.IXOSCA.N,6,2023
HARV,HARV_001,deciduousForest,202.1,2023-06-14,1,Negative,Ixodes pacificus,HARV_001.20230614.IXOSCA.N,6,2023
HARV,HARV_001,deciduousForest,202.1,2023-06-14,1,Negative,Ehrlichia muris-like,HARV_001.20230614.IXOSCA.N,6,2023
HARV,HARV_001,deciduousForest,202.1,2023-06-14,1,Positive,Ixodes scapularis,HARV_001.20230614.IXOSCA.N,6,2023
HARV,HARV_001,deciduousForest,202.1,2023-06-14,1,Positive,Ixodes scapularis,HARV_001.20230614.IXOSCA.N,6,2023
HARV,HARV_001,deciduousForest,202.1,2023-06-14,1,Negative,Ixodes pacificus,HARV_001.20230614.IXOSCA.N,6,2023
HARV,HARV_001,deciduousForest,202.1,2023-06-14,1,Negative,Borrelia burgdorferi sensu lato,HARV_001.20230614.IXOSCA.N,6,2023
HARV,HARV_001,deciduousForest,202.1,2023-06-14,1,Negative,Borrelia burgdorferi sensu lato,HARV_001.20230614.IXOSCA.N,6,2023
HARV,HARV_001,deciduousForest,202.1,2023-06-14,1,Negative,Ixodes pacificus,HARV_001.20230614.IXOSCA.N,6,2023
HARV,HARV_022,evergreenForest,185.9,2023-06-26,1,Positive,Ixodes scapularis,HARV_022.20230626.IXOSCA.N,6,2023
HARV,HARV_022,evergreenForest,185.9,2023-06-26,1,Negative,Dermacentor variabilis,HARV_022.20230626.IXOSCA.N,6,2023
HARV,HARV_022,evergreenForest,185.9,2023-06-26,1,Negative,Anaplasma phagocytophilum,HARV_022.20230626.IXOSCA.N,6,2023
HARV,HARV_022,evergreenForest,185.9,2023-06-26,1,Negative,Dermacentor variabilis,HARV_022.20230626.IXOSCA.N,6,2023
HARV,HARV_022,evergreenForest,185.9,2023-06-26,1,Negative,Borrelia miyamotoi,HARV_022.20230626.IXOSCA.N,6,2023
HARV,HARV_022,evergreenForest,185.9,2023-06-26,1,Negative,Borrelia sp.,HARV_022.20230626.IXOSCA.N,6,2023
HARV,HARV_022,evergreenForest,185.9,2023-06-26,1,Negative,Borrelia sp.,HARV_022.20230626.IXOSCA.N,6,2023
HARV,HARV_022,evergreenForest,185.9,2023-06-26,1,Negative,Borrelia miyamotoi,HARV_022.20230626.IXOSCA.N,6,2023
HARV,HARV_022,evergreenForest,185.9,2023-06-26,1,Negative,Borrelia sp.,HARV_022.20230626.IXOSCA.N,6,2023
HARV,HARV_022,evergreenForest,185.9,2023-06-26,1,Positive,Ixodes scapularis,HARV_022.20230626.IXOSCA.N,6,2023
HARV,HARV_022,evergreenForest,185.9,2023-06-26,1,Negative,Dermacentor variabilis,HARV_022.20230626.IXOSCA.N,6,2023
HARV,HARV_022,evergreenForest,185.9,2023-06-26,1,Negative,Borrelia burgdorferi sensu lato,HARV_022.20230626.IXOSCA.N,6,2023
HARV,HARV_022,evergreenForest,185.9,2023-06-26,1,Negative,Borrelia burgdorferi sensu lato,HARV_022.20230626.IXOSCA.N,6,2023
HARV,HARV_022,evergreenForest,185.9,2023-06-26,1,Negative,Borrelia burgdorferi sensu lato,HARV_022.20230626.IXOSCA.N,6,2023
HARV,HARV_022,evergreenForest,185.9,2023-06-26,1,Negative,Borrelia sp.,HARV_022.20230626.IXOSCA.N,6,2023
HARV,HARV_022,evergreenForest,185.9,2023-06-26,1,Negative,Borrelia mayonii,HARV_022.20230626.IXOSCA.N,6,2023
HARV,HARV_022,evergreenForest,185.9,2023-06-26,1,Negative,Borrelia burgdorferi sensu lato,HARV_022.20230626.IXOSCA.N,6,2023
HARV,HARV_022,evergreenForest,185.9,2023-06-26,1,Negative,Dermacentor variabilis,HARV_022.20230626.IXOSCA.N,6,2023
HARV,HARV_022,evergreenForest,185.9,2023-06-26,1,Negative,Borrelia sp.,HARV_022.20230626.IXOSCA.N,6,2023
HARV,HARV_022,evergreenForest,185.9,2023-06-26,1,Positive,Babesia microti,HARV_022.20230626.IXOSCA.N,6,2023
HARV,HARV_022,evergreenForest,185.9,2023-06-26,1,Negative,Ehrlichia muris-like,HARV_022.20230626.IXOSCA.N,6,2023
HARV,HARV_022,evergreenForest,185.9,2023-06-26,1,Negative,Amblyomma americanum,HARV_022.20230626.IXOSCA.N,6,2023
HARV,HARV_022,evergreenForest,185.9,2023-06-26,1,Negative,Dermacentor variabilis,HARV_022.20230626.IXOSCA.N,6,2023
HARV,HARV_022,evergreenForest,185.9,2023-06-26,1,Negative,Anaplasma phagocytophilum,HARV_022.20230626.IXOSCA.N,6,2023
HARV,HARV_022,evergreenForest,185.9,2023-06-26,1,Negative,Amblyomma americanum,HARV_022.20230626.IXOSCA.N,6,2023
HARV,HARV_022,evergreenForest,185.9,2023-06-26,1,Positive,Ixodes scapularis,HARV_022.20230626.IXOSCA.N,6,2023
HARV,HARV_022,evergreenForest,185.9,2023-06-26,1,Negative,Ixodes pacificus,HARV_022.20230626.IXOSCA.N,6,2023
HARV,HARV_022,evergreenForest,185.9,2023-06-26,1,Negative,Ixodes pacificus,HARV_022.20230626.IXOSCA.N,6,2023
HARV,HARV_022,evergreenForest,185.9,2023-06-26,1,Positive,Ixodes scapularis,HARV_022.20230626.IXOSCA.N,6,2023
HARV,HARV_022,evergreenForest,185.9,2023-06-26,1,Negative,Anaplasma phagocytophilum,HARV_022.20230626.IXOSCA.N,6,2023
HARV,HARV_022,evergreenForest,185.9,2023-06-26,1,Positive,Borrelia sp.,HARV_022.20230626.IXOSCA.N,6,2023
HARV,HARV_022,evergreenForest,185.9,2023-06-26,1,Negative,Borrelia miyamotoi,HARV_022.20230626.IXOSCA.N,6,2023
HARV,HARV_022,evergreenForest,185.9,2023-06-26,1,Negative,Amblyomma americanum,HARV_022.20230626.IXOSCA.N,6,2023
HARV,HARV_022,evergreenForest,185.9,2023-06-26,1,Negative,Ehrlichia muris-like,HARV_022.20230626.IXOSCA.N,6,2023
HARV,HARV_022,evergreenForest,185.9,2023-06-26,1,Negative,Anaplasma phagocytophilum,HARV_022.20230626.IXOSCA.N,6,2023
HARV,HARV_022,evergreenForest,185.9,2023-06-26,1,Positive,Ixodes scapularis,HARV_022.20230626.IXOSCA.N,6,2023
HARV,HARV_022,evergreenForest,185.9,2023-06-26,1,Negative,Borrelia mayonii,HARV_022.20230626.IXOSCA.N,6,2023
HARV,HARV_022,evergreenForest,185.9,2023-06-26,1,Negative,Borrelia burgdorferi sensu lato,HARV_022.20230626.IXOSCA.N,6,2023
HARV,HARV_022,evergreenForest,185.9,2023-06-26,1,Negative,Ehrlichia muris-like,HARV_022.20230626.IXOSCA.N,6,2023
HARV,HARV_022,evergreenForest,185.9,2023-06-26,1,Negative,Babesia microti,HARV_022.20230626.IXOSCA.N,6,2023
HARV,HARV_022,evergreenForest,185.9,2023-06-26,1,Negative,Borrelia miyamotoi,HARV_022.20230626.IXOSCA.N,6,2023
HARV,HARV_022,evergreenForest,185.9,2023-06-26,1,Negative,Borrelia sp.,HARV_022.20230626.IXOSCA.N,6,2023
HARV,HARV_022,evergreenForest,185.9,2023-06-26,1,Negative,Ehrlichia muris-like,HARV_022.20230626.IXOSCA.N,6,2023
HARV,HARV_022,evergreenForest,185.9,2023-06-26,1,Negative,Ehrlichia muris-like,HARV_022.20230626.IXOSCA.N,6,2023
HARV,HARV_022,evergreenForest,185.9,2023-06-26,1,Negative,Anaplasma phagocytophilum,HARV_022.20230626.IXOSCA.N,6,2023
HARV,HARV_022,evergreenForest,185.9,2023-06-26,1,Negative,Babesia microti,HARV_022.20230626.IXOSCA.N,6,2023
HARV,HARV_022,evergreenForest,185.9,2023-06-26,1,Negative,Babesia microti,HARV_022.20230626.IXOSCA.N,6,2023
HARV,HARV_022,evergreenForest,185.9,2023-06-26,1,Negative,Anaplasma phagocytophilum,HARV_022.20230626.IXOSCA.N,6,2023
HARV,HARV_022,evergreenForest,185.9,2023-06-26,1,Negative,Ixodes pacificus,HARV_022.20230626.IXOSCA.N,6,2023
HARV,HARV_022,evergreenForest,185.9,2023-06-26,1,Negative,Dermacentor variabilis,HARV_022.20230626.IXOSCA.N,6,2023
HARV,HARV_022,evergreenForest,185.9,2023-06-26,1,Negative,Ixodes pacificus,HARV_022.20230626.IXOSCA.N,6,2023
HARV,HARV_022,evergreenForest,185.9,2023-06-26,1,Negative,Borrelia mayonii,HARV_022.20230626.IXOSCA.N,6,2023
HARV,HARV_022,evergreenForest,185.9,2023-06-26,1,Negative,Borrelia mayonii,HARV_022.20230626.IXOSCA.N,6,2023
HARV,HARV_022,evergreenForest,185.9,2023-06-26,1,Negative,Borrelia miyamotoi,HARV_022.20230626.IXOSCA.N,6,2023
HARV,HARV_022,evergreenForest,185.9,2023-06-26,1,Positive,Borrelia burgdorferi sensu lato,HARV_022.20230626.IXOSCA.N,6,2023
HARV,HARV_022,evergreenForest,185.9,2023-06-26,1,Negative,Ixodes pacificus,HARV_022.20230626.IXOSCA.N,6,2023
HARV,HARV_022,evergreenForest,185.9,2023-06-26,1,Positive,Ixodes scapularis,HARV_022.20230626.IXOSCA.N,6,2023
HARV,HARV_022,evergreenForest,185.9,2023-06-26,1,Positive,Ixodes scapularis,HARV_022.20230626.IXOSCA.N,6,2023
HARV,HARV_022,evergreenForest,185.9,2023-06-26,1,Negative,Borrelia miyamotoi,HARV_022.20230626.IXOSCA.N,6,2023
HARV,HARV_022,evergreenForest,185.9,2023-06-26,1,Negative,Ixodes pacificus,HARV_022.20230626.IXOSCA.N,6,2023
HARV,HARV_022,evergreenForest,185.9,2023-06-26,1,Negative,Ehrlichia muris-like,HARV_022.20230626.IXOSCA.N,6,2023
HARV,HARV_022,evergreenForest,185.9,2023-06-26,1,Negative,Borrelia miyamotoi,HARV_022.20230626.IXOSCA.N,6,2023
HARV,HARV_022,evergreenForest,185.9,2023-06-26,1,Negative,Ixodes pacificus,HARV_022.20230626.IXOSCA.N,6,2023
HARV,HARV_022,evergreenForest,185.9,2023-06-26,1,Negative,Babesia microti,HARV_022.20230626.IXOSCA.N,6,2023
HARV,HARV_022,evergreenForest,185.9,2023-06-26,1,Negative,Babesia microti,HARV_022.20230626.IXOSCA.N,6,2023
HARV,HARV_022,evergreenForest,185.9,2023-06-26,1,Negative,Dermacentor variabilis,HARV_022.20230626.IXOSCA.N,6,2023
HARV,HARV_022,evergreenForest,185.9,2023-06-26,1,Negative,Ehrlichia muris-like,HARV_022.20230626.IXOSCA.N,6,2023
HARV,HARV_022,evergreenForest,185.9,2023-06-26,1,Negative,Borrelia mayonii,HARV_022.20230626.IXOSCA.N,6,2023
HARV,HARV_022,evergreenForest,185.9,2023-06-26,1,Negative,Anaplasma phagocytophilum,HARV_022.20230626.IXOSCA.N,6,2023
HARV,HARV_022,evergreenForest,185.9,2023-06-26,1,Positive,Ehrlichia muris-like,HARV_022.20230626.IXOSCA.N,6,2023
HARV,HARV_022,evergreenForest,185.9,2023-06-26,1,Negative,Borrelia mayonii,HARV_022.20230626.IXOSCA.N,6,2023
HARV,HARV_022,evergreenForest,185.9,2023-06-26,1,Negative,Amblyomma americanum,HARV_022.20230626.IXOSCA.N,6,2023
HARV,HARV_022,evergreenForest,185.9,2023-06-26,1,Positive,Borrelia burgdorferi sensu lato,HARV_022.20230626.IXOSCA.N,6,2023
HARV,HARV_022,evergreenForest,185.9,2023-06-26,1,Negative,Borrelia miyamotoi,HARV_022.20230626.IXOSCA.N,6,2023
HARV,HARV_022,evergreenForest,185.9,2023-06-26,1,Negative,Amblyomma americanum,HARV_022.20230626.IXOSCA.N,6,2023
HARV,HARV_022,evergreenForest,185.9,2023-06-26,1,Negative,Babesia microti,HARV_022.20230626.IXOSCA.N,6,2023
HARV,HARV_022,evergreenForest,185.9,2023-06-26,1,Negative,Anaplasma phagocytophilum,HARV_022.20230626.IXOSCA.N,6,2023
HARV,HARV_022,evergreenForest,185.9,2023-06-26,1,Negative,Babesia microti,HARV_022.20230626.IXOSCA.N,6,2023
HARV,HARV_022,evergreenForest,185.9,2023-06-26,1,Negative,Amblyomma americanum,HARV_022.20230626.IXOSCA.N,6,2023
HARV,HARV_022,evergreenForest,185.9,2023-06-26,1,Negative,Dermacentor variabilis,HARV_022.20230626.IXOSCA.N,6,2023
HARV,HARV_022,evergreenForest,185.9,2023-06-26,1,Negative,Amblyomma americanum,HARV_022.20230626.IXOSCA.N,6,2023
HARV,HARV_022,evergreenForest,185.9,2023-06-26,1,Positive,Ixodes scapularis,HARV_022.20230626.IXOSCA.N,6,2023
HARV,HARV_022,evergreenForest,185.9,2023-06-26,1,Positive,Borrelia sp.,HARV_022.20230626.IXOSCA.N,6,2023
HARV,HARV_022,evergreenForest,185.9,2023-06-26,1,Negative,Borrelia mayonii,HARV_022.20230626.IXOSCA.N,6,2023
HARV,HARV_022,evergreenForest,185.9,2023-06-26,1,Negative,Borrelia burgdorferi sensu lato,HARV_022.20230626.IXOSCA.N,6,2023
HARV,HARV_022,evergreenForest,185.9,2023-06-26,1,Negative,Ixodes pacificus,HARV_022.20230626.IXOSCA.N,6,2023
HARV,HARV_022,evergreenForest,185.9,2023-06-26,1,Negative,Amblyomma americanum,HARV_022.20230626.IXOSCA.N,6,2023
HARV,HARV_022,evergreenForest,185.9,2023-06-26,1,Negative,Borrelia mayonii,HARV_022.20230626.IXOSCA.N,6,2023
HARV,HARV_006,deciduousForest,190.8,2023-06-26,1,Positive,Borrelia burgdorferi sensu lato,HARV_006.20230626.IXOSCA.N,6,2023
HARV,HARV_006,deciduousForest,190.8,2023-06-26,1,Negative,Borrelia miyamotoi,HARV_006.20230626.IXOSCA.N,6,2023
HARV,HARV_006,deciduousForest,190.8,2023-06-26,1,Negative,Babesia microti,HARV_006.20230626.IXOSCA.N,6,2023
HARV,HARV_006,deciduousForest,190.8,2023-06-26,1,Negative,Ehrlichia muris-like,HARV_006.20230626.IXOSCA.N,6,2023
HARV,HARV_006,deciduousForest,190.8,2023-06-26,1,Negative,Anaplasma phagocytophilum,HARV_006.20230626.IXOSCA.N,6,2023
HARV,HARV_006,deciduousForest,190.8,2023-06-26,1,Negative,Borrelia mayonii,HARV_006.20230626.IXOSCA.N,6,2023
HARV,HARV_006,deciduousForest,190.8,2023-06-26,1,Positive,Ixodes scapularis,HARV_006.20230626.IXOSCA.N,6,2023
HARV,HARV_006,deciduousForest,190.8,2023-06-26,1,Negative,Borrelia burgdorferi sensu lato,HARV_006.20230626.IXOSCA.N,6,2023
HARV,HARV_006,deciduousForest,190.8,2023-06-26,1,Negative,Babesia microti,HARV_006.20230626.IXOSCA.N,6,2023
HARV,HARV_006,deciduousForest,190.8,2023-06-26,1,Negative,Babesia microti,HARV_006.20230626.IXOSCA.N,6,2023
HARV,HARV_006,deciduousForest,190.8,2023-06-26,1,Negative,Amblyomma americanum,HARV_006.20230626.IXOSCA.N,6,2023
HARV,HARV_006,deciduousForest,190.8,2023-06-26,1,Negative,Borrelia miyamotoi,HARV_006.20230626.IXOSCA.N,6,2023
HARV,HARV_006,deciduousForest,190.8,2023-06-26,1,Negative,Anaplasma phagocytophilum,HARV_006.20230626.IXOSCA.N,6,2023
HARV,HARV_006,deciduousForest,190.8,2023-06-26,1,Negative,Borrelia miyamotoi,HARV_006.20230626.IXOSCA.N,6,2023
HARV,HARV_006,deciduousForest,190.8,2023-06-26,1,Negative,Borrelia sp.,HARV_006.20230626.IXOSCA.N,6,2023
HARV,HARV_006,deciduousForest,190.8,2023-06-26,1,Negative,Ixodes pacificus,HARV_006.20230626.IXOSCA.N,6,2023
HARV,HARV_006,deciduousForest,190.8,2023-06-26,1,Negative,Borrelia mayonii,HARV_006.20230626.IXOSCA.N,6,2023
HARV,HARV_006,deciduousForest,190.8,2023-06-26,1,Negative,Borrelia miyamotoi,HARV_006.20230626.IXOSCA.N,6,2023
HARV,HARV_006,deciduousForest,190.8,2023-06-26,1,Negative,Anaplasma phagocytophilum,HARV_006.20230626.IXOSCA.N,6,2023
HARV,HARV_006,deciduousForest,190.8,2023-06-26,1,Negative,Babesia microti,HARV_006.20230626.IXOSCA.N,6,2023
HARV,HARV_006,deciduousForest,190.8,2023-06-26,1,Negative,Borrelia sp.,HARV_006.20230626.IXOSCA.N,6,2023
HARV,HARV_006,deciduousForest,190.8,2023-06-26,1,Negative,Dermacentor variabilis,HARV_006.20230626.IXOSCA.N,6,2023
HARV,HARV_006,deciduousForest,190.8,2023-06-26,1,Positive,Ixodes scapularis,HARV_006.20230626.IXOSCA.N,6,2023
HARV,HARV_006,deciduousForest,190.8,2023-06-26,1,Negative,Ixodes pacificus,HARV_006.20230626.IXOSCA.N,6,2023
HARV,HARV_006,deciduousForest,190.8,2023-06-26,1,Negative,Babesia microti,HARV_006.20230626.IXOSCA.N,6,2023
HARV,HARV_006,deciduousForest,190.8,2023-06-26,1,Negative,Borrelia sp.,HARV_006.20230626.IXOSCA.N,6,2023
HARV,HARV_006,deciduousForest,190.8,2023-06-26,1,Negative,Amblyomma americanum,HARV_006.20230626.IXOSCA.N,6,2023
HARV,HARV_006,deciduousForest,190.8,2023-06-26,1,Negative,Borrelia sp.,HARV_006.20230626.IXOSCA.N,6,2023
HARV,HARV_006,deciduousForest,190.8,2023-06-26,1,Negative,Borrelia burgdorferi sensu lato,HARV_006.20230626.IXOSCA.N,6,2023
HARV,HARV_006,deciduousForest,190.8,2023-06-26,1,Negative,Ixodes pacificus,HARV_006.20230626.IXOSCA.N,6,2023
HARV,HARV_006,deciduousForest,190.8,2023-06-26,1,Negative,Borrelia sp.,HARV_006.20230626.IXOSCA.N,6,2023
HARV,HARV_006,deciduousForest,190.8,2023-06-26,1,Negative,Ixodes pacificus,HARV_006.20230626.IXOSCA.N,6,2023
HARV,HARV_006,deciduousForest,190.8,2023-06-26,1,Negative,Ehrlichia muris-like,HARV_006.20230626.IXOSCA.N,6,2023
HARV,HARV_006,deciduousForest,190.8,2023-06-26,1,Positive,Babesia microti,HARV_006.20230626.IXOSCA.N,6,2023
HARV,HARV_006,deciduousForest,190.8,2023-06-26,1,Positive,Ixodes scapularis,HARV_006.20230626.IXOSCA.N,6,2023
HARV,HARV_006,deciduousForest,190.8,2023-06-26,1,Negative,Borrelia sp.,HARV_006.20230626.IXOSCA.N,6,2023
HARV,HARV_006,deciduousForest,190.8,2023-06-26,1,Negative,Borrelia sp.,HARV_006.20230626.IXOSCA.N,6,2023
HARV,HARV_006,deciduousForest,190.8,2023-06-26,1,Negative,Ehrlichia muris-like,HARV_006.20230626.IXOSCA.N,6,2023
HARV,HARV_006,deciduousForest,190.8,2023-06-26,1,Negative,Dermacentor variabilis,HARV_006.20230626.IXOSCA.N,6,2023
HARV,HARV_006,deciduousForest,190.8,2023-06-26,1,Negative,Dermacentor variabilis,HARV_006.20230626.IXOSCA.N,6,2023
HARV,HARV_006,deciduousForest,190.8,2023-06-26,1,Negative,Ehrlichia muris-like,HARV_006.20230626.IXOSCA.N,6,2023
HARV,HARV_006,deciduousForest,190.8,2023-06-26,1,Negative,Ehrlichia muris-like,HARV_006.20230626.IXOSCA.N,6,2023
HARV,HARV_006,deciduousForest,190.8,2023-06-26,1,Negative,Borrelia mayonii,HARV_006.20230626.IXOSCA.N,6,2023
HARV,HARV_006,deciduousForest,190.8,2023-06-26,1,Negative,Anaplasma phagocytophilum,HARV_006.20230626.IXOSCA.N,6,2023
HARV,HARV_006,deciduousForest,190.8,2023-06-26,1,Negative,Borrelia miyamotoi,HARV_006.20230626.IXOSCA.N,6,2023
HARV,HARV_006,deciduousForest,190.8,2023-06-26,1,Negative,Dermacentor variabilis,HARV_006.20230626.IXOSCA.N,6,2023
HARV,HARV_006,deciduousForest,190.8,2023-06-26,1,Negative,Ehrlichia muris-like,HARV_006.20230626.IXOSCA.N,6,2023
HARV,HARV_006,deciduousForest,190.8,2023-06-26,1,Negative,Borrelia mayonii,HARV_006.20230626.IXOSCA.N,6,2023
HARV,HARV_006,deciduousForest,190.8,2023-06-26,1,Negative,Borrelia burgdorferi sensu lato,HARV_006.20230626.IXOSCA.N,6,2023
HARV,HARV_006,deciduousForest,190.8,2023-06-26,1,Negative,Dermacentor variabilis,HARV_006.20230626.IXOSCA.N,6,2023
HARV,HARV_006,deciduousForest,190.8,2023-06-26,1,Negative,Amblyomma americanum,HARV_006.20230626.IXOSCA.N,6,2023
HARV,HARV_006,deciduousForest,190.8,2023-06-26,1,Negative,Borrelia burgdorferi sensu lato,HARV_006.20230626.IXOSCA.N,6,2023
HARV,HARV_006,deciduousForest,190.8,2023-06-26,1,Negative,Ixodes pacificus,HARV_006.20230626.IXOSCA.N,6,2023
HARV,HARV_006,deciduousForest,190.8,2023-06-26,1,Negative,Anaplasma phagocytophilum,HARV_006.20230626.IXOSCA.N,6,2023
HARV,HARV_006,deciduousForest,190.8,2023-06-26,1,Negative,Borrelia miyamotoi,HARV_006.20230626.IXOSCA.N,6,2023
HARV,HARV_006,deciduousForest,190.8,2023-06-26,1,Negative,Dermacentor variabilis,HARV_006.20230626.IXOSCA.N,6,2023
HARV,HARV_006,deciduousForest,190.8,2023-06-26,1,Negative,Borrelia burgdorferi sensu lato,HARV_006.20230626.IXOSCA.N,6,2023
HARV,HARV_006,deciduousForest,190.8,2023-06-26,1,Negative,Dermacentor variabilis,HARV_006.20230626.IXOSCA.N,6,2023
HARV,HARV_006,deciduousForest,190.8,2023-06-26,1,Negative,Ehrlichia muris-like,HARV_006.20230626.IXOSCA.N,6,2023
HARV,HARV_006,deciduousForest,190.8,2023-06-26,1,Negative,Anaplasma phagocytophilum,HARV_006.20230626.IXOSCA.N,6,2023
HARV,HARV_006,deciduousForest,190.8,2023-06-26,1,Negative,Ixodes pacificus,HARV_006.20230626.IXOSCA.N,6,2023
HARV,HARV_006,deciduousForest,190.8,2023-06-26,1,Negative,Borrelia miyamotoi,HARV_006.20230626.IXOSCA.N,6,2023
HARV,HARV_006,deciduousForest,190.8,2023-06-26,1,Negative,Borrelia burgdorferi sensu lato,HARV_006.20230626.IXOSCA.N,6,2023
HARV,HARV_006,deciduousForest,190.8,2023-06-26,1,Negative,Borrelia burgdorferi sensu lato,HARV_006.20230626.IXOSCA.N,6,2023
HARV,HARV_006,deciduousForest,190.8,2023-06-26,1,Negative,Ehrlichia muris-like,HARV_006.20230626.IXOSCA.N,6,2023
HARV,HARV_006,deciduousForest,190.8,2023-06-26,1,Negative,Amblyomma americanum,HARV_006.20230626.IXOSCA.N,6,2023
HARV,HARV_006,deciduousForest,190.8,2023-06-26,1,Negative,Babesia microti,HARV_006.20230626.IXOSCA.N,6,2023
HARV,HARV_006,deciduousForest,190.8,2023-06-26,1,Negative,Borrelia mayonii,HARV_006.20230626.IXOSCA.N,6,2023
HARV,HARV_006,deciduousForest,190.8,2023-06-26,1,Negative,Borrelia mayonii,HARV_006.20230626.IXOSCA.N,6,2023
HARV,HARV_006,deciduousForest,190.8,2023-06-26,1,Negative,Ixodes pacificus,HARV_006.20230626.IXOSCA.N,6,2023
HARV,HARV_006,deciduousForest,190.8,2023-06-26,1,Negative,Borrelia mayonii,HARV_006.20230626.IXOSCA.N,6,2023
HARV,HARV_006,deciduousForest,190.8,2023-06-26,1,Positive,Ixodes scapularis,HARV_006.20230626.IXOSCA.N,6,2023
HARV,HARV_006,deciduousForest,190.8,2023-06-26,1,Negative,Dermacentor variabilis,HARV_006.20230626.IXOSCA.N,6,2023
HARV,HARV_006,deciduousForest,190.8,2023-06-26,1,Positive,Ixodes scapularis,HARV_006.20230626.IXOSCA.N,6,2023
HARV,HARV_006,deciduousForest,190.8,2023-06-26,1,Negative,Anaplasma phagocytophilum,HARV_006.20230626.IXOSCA.N,6,2023
HARV,HARV_006,deciduousForest,190.8,2023-06-26,1,Positive,Ixodes scapularis,HARV_006.20230626.IXOSCA.N,6,2023
HARV,HARV_006,deciduousForest,190.8,2023-06-26,1,Negative,Borrelia mayonii,HARV_006.20230626.IXOSCA.N,6,2023
HARV,HARV_006,deciduousForest,190.8,2023-06-26,1,Negative,Amblyomma americanum,HARV_006.20230626.IXOSCA.N,6,2023
HARV,HARV_006,deciduousForest,190.8,2023-06-26,1,Negative,Ixodes pacificus,HARV_006.20230626.IXOSCA.N,6,2023
HARV,HARV_006,deciduousForest,190.8,2023-06-26,1,Negative,Borrelia miyamotoi,HARV_006.20230626.IXOSCA.N,6,2023
HARV,HARV_006,deciduousForest,190.8,2023-06-26,1,Negative,Babesia microti,HARV_006.20230626.IXOSCA.N,6,2023
HARV,HARV_006,deciduousForest,190.8,2023-06-26,1,Negative,Borrelia mayonii,HARV_006.20230626.IXOSCA.N,6,2023
HARV,HARV_006,deciduousForest,190.8,2023-06-26,1,Positive,Ixodes scapularis,HARV_006.20230626.IXOSCA.N,6,2023
HARV,HARV_006,deciduousForest,190.8,2023-06-26,1,Negative,Anaplasma phagocytophilum,HARV_006.20230626.IXOSCA.N,6,2023
HARV,HARV_006,deciduousForest,190.8,2023-06-26,1,Negative,Borrelia mayonii,HARV_006.20230626.IXOSCA.N,6,2023
HARV,HARV_006,deciduousForest,190.8,2023-06-26,1,Positive,Ixodes scapularis,HARV_006.20230626.IXOSCA.N,6,2023
HARV,HARV_006,deciduousForest,190.8,2023-06-26,1,Negative,Borrelia miyamotoi,HARV_006.20230626.IXOSCA.N,6,2023
HARV,HARV_006,deciduousForest,190.8,2023-06-26,1,Negative,Ixodes pacificus,HARV_006.20230626.IXOSCA.N,6,2023
HARV,HARV_006,deciduousForest,190.8,2023-06-26,1,Negative,Ehrlichia muris-like,HARV_006.20230626.IXOSCA.N,6,2023
HARV,HARV_006,deciduousForest,190.8,2023-06-26,1,Negative,Borrelia miyamotoi,HARV_006.20230626.IXOSCA.N,6,2023
HARV,HARV_006,deciduousForest,190.8,2023-06-26,1,Negative,Borrelia sp.,HARV_006.20230626.IXOSCA.N,6,2023
HARV,HARV_006,deciduousForest,190.8,2023-06-26,1,Negative,Borrelia miyamotoi,HARV_006.20230626.IXOSCA.N,6,2023
HARV,HARV_006,deciduousForest,190.8,2023-06-26,1,Negative,Ixodes pacificus,HARV_006.20230626.IXOSCA.N,6,2023
HARV,HARV_006,deciduousForest,190.8,2023-06-26,1,Negative,Babesia microti,HARV_006.20230626.IXOSCA.N,6,2023
HARV,HARV_006,deciduousForest,190.8,2023-06-26,1,Positive,Ixodes scapularis,HARV_006.20230626.IXOSCA.N,6,2023
HARV,HARV_006,deciduousForest,190.8,2023-06-26,1,Negative,Ehrlichia muris-like,HARV_006.20230626.IXOSCA.N,6,2023
HARV,HARV_006,deciduousForest,190.8,2023-06-26,1,Negative,Ehrlichia muris-like,HARV_006.20230626.IXOSCA.N,6,2023
HARV,HARV_006,deciduousForest,190.8,2023-06-26,1,Negative,Anaplasma phagocytophilum,HARV_006.20230626.IXOSCA.N,6,2023
HARV,HARV_006,deciduousForest,190.8,2023-06-26,1,Negative,Dermacentor variabilis,HARV_006.20230626.IXOSCA.N,6,2023
HARV,HARV_006,deciduousForest,190.8,2023-06-26,1,Negative,Borrelia burgdorferi sensu lato,HARV_006.20230626.IXOSCA.N,6,2023
HARV,HARV_006,deciduousForest,190.8,2023-06-26,1,Negative,Amblyomma americanum,HARV_006.20230626.IXOSCA.N,6,2023
HARV,HARV_006,deciduousForest,190.8,2023-06-26,1,Negative,Babesia microti,HARV_006.20230626.IXOSCA.N,6,2023
HARV,HARV_006,deciduousForest,190.8,2023-06-26,1,Negative,Borrelia mayonii,HARV_006.20230626.IXOSCA.N,6,2023
HARV,HARV_006,deciduousForest,190.8,2023-06-26,1,Positive,Borrelia sp.,HARV_006.20230626.IXOSCA.N,6,2023
HARV,HARV_006,deciduousForest,190.8,2023-06-26,1,Negative,Ixodes pacificus,HARV_006.20230626.IXOSCA.N,6,2023
HARV,HARV_006,deciduousForest,190.8,2023-06-26,1,Negative,Babesia microti,HARV_006.20230626.IXOSCA.N,6,2023
HARV,HARV_006,deciduousForest,190.8,2023-06-26,1,Negative,Amblyomma americanum,HARV_006.20230626.IXOSCA.N,6,2023
HARV,HARV_006,deciduousForest,190.8,2023-06-26,1,Negative,Borrelia sp.,HARV_006.20230626.IXOSCA.N,6,2023
HARV,HARV_006,deciduousForest,190.8,2023-06-26,1,Negative,Babesia microti,HARV_006.20230626.IXOSCA.N,6,2023
HARV,HARV_006,deciduousForest,190.8,2023-06-26,1,Negative,Borrelia burgdorferi sensu lato,HARV_006.20230626.IXOSCA.N,6,2023
HARV,HARV_006,deciduousForest,190.8,2023-06-26,1,Negative,Ixodes pacificus,HARV_006.20230626.IXOSCA.N,6,2023
HARV,HARV_006,deciduousForest,190.8,2023-06-26,1,Negative,Anaplasma phagocytophilum,HARV_006.20230626.IXOSCA.N,6,2023
HARV,HARV_006,deciduousForest,190.8,2023-06-26,1,Negative,Borrelia sp.,HARV_006.20230626.IXOSCA.N,6,2023
HARV,HARV_006,deciduousForest,190.8,2023-06-26,1,Negative,Dermacentor variabilis,HARV_006.20230626.IXOSCA.N,6,2023
HARV,HARV_006,deciduousForest,190.8,2023-06-26,1,Positive,Ixodes scapularis,HARV_006.20230626.IXOSCA.N,6,2023
HARV,HARV_006,deciduousForest,190.8,2023-06-26,1,Negative,Borrelia mayonii,HARV_006.20230626.IXOSCA.N,6,2023
HARV,HARV_006,deciduousForest,190.8,2023-06-26,1,Negative,Dermacentor variabilis,HARV_006.20230626.IXOSCA.N,6,2023
HARV,HARV_006,deciduousForest,190.8,2023-06-26,1,Negative,Borrelia burgdorferi sensu lato,HARV_006.20230626.IXOSCA.N,6,2023
HARV,HARV_006,deciduousForest,190.8,2023-06-26,1,Negative,Dermacentor variabilis,HARV_006.20230626.IXOSCA.N,6,2023
HARV,HARV_006,deciduousForest,190.8,2023-06-26,1,Positive,Ixodes scapularis,HARV_006.20230626.IXOSCA.N,6,2023
HARV,HARV_006,deciduousForest,190.8,2023-06-26,1,Negative,Amblyomma americanum,HARV_006.20230626.IXOSCA.N,6,2023
HARV,HARV_006,deciduousForest,190.8,2023-06-26,1,Negative,Anaplasma phagocytophilum,HARV_006.20230626.IXOSCA.N,6,2023
HARV,HARV_006,deciduousForest,190.8,2023-06-26,1,Negative,Amblyomma americanum,HARV_006.20230626.IXOSCA.N,6,2023
HARV,HARV_006,deciduousForest,190.8,2023-06-26,1,Negative,Amblyomma americanum,HARV_006.20230626.IXOSCA.N,6,2023
HARV,HARV_006,deciduousForest,190.8,2023-06-26,1,Negative,Borrelia sp.,HARV_006.20230626.IXOSCA.N,6,2023
HARV,HARV_006,deciduousForest,190.8,2023-06-26,1,Negative,Ehrlichia muris-like,HARV_006.20230626.IXOSCA.N,6,2023
HARV,HARV_006,deciduousForest,190.8,2023-06-26,1,Positive,Ixodes scapularis,HARV_006.20230626.IXOSCA.N,6,2023
HARV,HARV_006,deciduousForest,190.8,2023-06-26,1,Negative,Amblyomma americanum,HARV_006.20230626.IXOSCA.N,6,2023
HARV,HARV_006,deciduousForest,190.8,2023-06-26,1,Negative,Borrelia miyamotoi,HARV_006.20230626.IXOSCA.N,6,2023
HARV,HARV_006,deciduousForest,190.8,2023-06-26,1,Negative,Amblyomma americanum,HARV_006.20230626.IXOSCA.N,6,2023
HARV,HARV_006,deciduousForest,190.8,2023-06-26,1,Negative,Borrelia burgdorferi sensu lato,HARV_006.20230626.IXOSCA.N,6,2023
HARV,HARV_006,deciduousForest,190.8,2023-06-26,1,Negative,Anaplasma phagocytophilum,HARV_006.20230626.IXOSCA.N,6,2023
HARV,HARV_001,deciduousForest,202.1,2023-06-30,1,Negative,Anaplasma phagocytophilum,HARV_001.20230630.IXOSCA.N,6,2023
HARV,HARV_001,deciduousForest,202.1,2023-06-30,1,Negative,Dermacentor variabilis,HARV_001.20230630.IXOSCA.N,6,2023
HARV,HARV_001,deciduousForest,202.1,2023-06-30,1,Negative,Anaplasma phagocytophilum,HARV_001.20230630.IXOSCA.N,6,2023
HARV,HARV_001,deciduousForest,202.1,2023-06-30,1,Negative,Borrelia miyamotoi,HARV_001.20230630.IXOSCA.N,6,2023
HARV,HARV_001,deciduousForest,202.1,2023-06-30,1,Negative,Borrelia sp.,HARV_001.20230630.IXOSCA.N,6,2023
HARV,HARV_001,deciduousForest,202.1,2023-06-30,1,Negative,Ehrlichia muris-like,HARV_001.20230630.IXOSCA.N,6,2023
HARV,HARV_001,deciduousForest,202.1,2023-06-30,1,Positive,Ixodes scapularis,HARV_001.20230630.IXOSCA.N,6,2023
HARV,HARV_001,deciduousForest,202.1,2023-06-30,1,Negative,Ehrlichia muris-like,HARV_001.20230630.IXOSCA.N,6,2023
HARV,HARV_001,deciduousForest,202.1,2023-06-30,1,Negative,Babesia microti,HARV_001.20230630.IXOSCA.N,6,2023
HARV,HARV_001,deciduousForest,202.1,2023-06-30,1,Negative,Ehrlichia muris-like,HARV_001.20230630.IXOSCA.N,6,2023
HARV,HARV_001,deciduousForest,202.1,2023-06-30,1,Negative,Dermacentor variabilis,HARV_001.20230630.IXOSCA.N,6,2023
HARV,HARV_001,deciduousForest,202.1,2023-06-30,1,Negative,Borrelia mayonii,HARV_001.20230630.IXOSCA.N,6,2023
HARV,HARV_001,deciduousForest,202.1,2023-06-30,1,Negative,Borrelia miyamotoi,HARV_001.20230630.IXOSCA.N,6,2023
HARV,HARV_001,deciduousForest,202.1,2023-06-30,1,Positive,Ixodes scapularis,HARV_001.20230630.IXOSCA.N,6,2023
HARV,HARV_001,deciduousForest,202.1,2023-06-30,1,Positive,Ixodes scapularis,HARV_001.20230630.IXOSCA.N,6,2023
HARV,HARV_001,deciduousForest,202.1,2023-06-30,1,Positive,Borrelia sp.,HARV_001.20230630.IXOSCA.N,6,2023
HARV,HARV_001,deciduousForest,202.1,2023-06-30,1,Negative,Amblyomma americanum,HARV_001.20230630.IXOSCA.N,6,2023
HARV,HARV_001,deciduousForest,202.1,2023-06-30,1,Negative,Borrelia sp.,HARV_001.20230630.IXOSCA.N,6,2023
HARV,HARV_001,deciduousForest,202.1,2023-06-30,1,Negative,Dermacentor variabilis,HARV_001.20230630.IXOSCA.N,6,2023
HARV,HARV_001,deciduousForest,202.1,2023-06-30,1,Negative,Borrelia sp.,HARV_001.20230630.IXOSCA.N,6,2023
HARV,HARV_001,deciduousForest,202.1,2023-06-30,1,Negative,Borrelia miyamotoi,HARV_001.20230630.IXOSCA.N,6,2023
HARV,HARV_001,deciduousForest,202.1,2023-06-30,1,Negative,Babesia microti,HARV_001.20230630.IXOSCA.N,6,2023
HARV,HARV_001,deciduousForest,202.1,2023-06-30,1,Negative,Borrelia burgdorferi sensu lato,HARV_001.20230630.IXOSCA.N,6,2023
HARV,HARV_001,deciduousForest,202.1,2023-06-30,1,Negative,Borrelia burgdorferi sensu lato,HARV_001.20230630.IXOSCA.N,6,2023
HARV,HARV_001,deciduousForest,202.1,2023-06-30,1,Negative,Borrelia sp.,HARV_001.20230630.IXOSCA.N,6,2023
HARV,HARV_001,deciduousForest,202.1,2023-06-30,1,Negative,Babesia microti,HARV_001.20230630.IXOSCA.N,6,2023
HARV,HARV_001,deciduousForest,202.1,2023-06-30,1,Positive,Ixodes scapularis,HARV_001.20230630.IXOSCA.N,6,2023
HARV,HARV_001,deciduousForest,202.1,2023-06-30,1,Negative,Borrelia miyamotoi,HARV_001.20230630.IXOSCA.N,6,2023
HARV,HARV_001,deciduousForest,202.1,2023-06-30,1,Negative,Amblyomma americanum,HARV_001.20230630.IXOSCA.N,6,2023
HARV,HARV_001,deciduousForest,202.1,2023-06-30,1,Negative,Borrelia mayonii,HARV_001.20230630.IXOSCA.N,6,2023
HARV,HARV_001,deciduousForest,202.1,2023-06-30,1,Negative,Borrelia burgdorferi sensu lato,HARV_001.20230630.IXOSCA.N,6,2023
HARV,HARV_001,deciduousForest,202.1,2023-06-30,1,Positive,Borrelia miyamotoi,HARV_001.20230630.IXOSCA.N,6,2023
HARV,HARV_001,deciduousForest,202.1,2023-06-30,1,Negative,Borrelia miyamotoi,HARV_001.20230630.IXOSCA.N,6,2023
HARV,HARV_001,deciduousForest,202.1,2023-06-30,1,Negative,Babesia microti,HARV_001.20230630.IXOSCA.N,6,2023
HARV,HARV_001,deciduousForest,202.1,2023-06-30,1,Negative,Anaplasma phagocytophilum,HARV_001.20230630.IXOSCA.N,6,2023
HARV,HARV_001,deciduousForest,202.1,2023-06-30,1,Negative,Dermacentor variabilis,HARV_001.20230630.IXOSCA.N,6,2023
HARV,HARV_001,deciduousForest,202.1,2023-06-30,1,Negative,Borrelia miyamotoi,HARV_001.20230630.IXOSCA.N,6,2023
HARV,HARV_001,deciduousForest,202.1,2023-06-30,1,Negative,Borrelia mayonii,HARV_001.20230630.IXOSCA.N,6,2023
HARV,HARV_001,deciduousForest,202.1,2023-06-30,1,Negative,Borrelia mayonii,HARV_001.20230630.IXOSCA.N,6,2023
HARV,HARV_001,deciduousForest,202.1,2023-06-30,1,Negative,Ixodes pacificus,HARV_001.20230630.IXOSCA.N,6,2023
HARV,HARV_001,deciduousForest,202.1,2023-06-30,1,Negative,Anaplasma phagocytophilum,HARV_001.20230630.IXOSCA.N,6,2023
HARV,HARV_001,deciduousForest,202.1,2023-06-30,1,Negative,Ehrlichia muris-like,HARV_001.20230630.IXOSCA.N,6,2023
HARV,HARV_001,deciduousForest,202.1,2023-06-30,1,Negative,Borrelia mayonii,HARV_001.20230630.IXOSCA.N,6,2023
HARV,HARV_001,deciduousForest,202.1,2023-06-30,1,Negative,Anaplasma phagocytophilum,HARV_001.20230630.IXOSCA.N,6,2023
HARV,HARV_001,deciduousForest,202.1,2023-06-30,1,Negative,Dermacentor variabilis,HARV_001.20230630.IXOSCA.N,6,2023
HARV,HARV_001,deciduousForest,202.1,2023-06-30,1,Negative,Borrelia miyamotoi,HARV_001.20230630.IXOSCA.N,6,2023
HARV,HARV_001,deciduousForest,202.1,2023-06-30,1,Negative,Ixodes pacificus,HARV_001.20230630.IXOSCA.N,6,2023
HARV,HARV_001,deciduousForest,202.1,2023-06-30,1,Negative,Borrelia sp.,HARV_001.20230630.IXOSCA.N,6,2023
HARV,HARV_001,deciduousForest,202.1,2023-06-30,1,Negative,Ixodes pacificus,HARV_001.20230630.IXOSCA.N,6,2023
HARV,HARV_001,deciduousForest,202.1,2023-06-30,1,Negative,Ixodes pacificus,HARV_001.20230630.IXOSCA.N,6,2023
HARV,HARV_001,deciduousForest,202.1,2023-06-30,1,Positive,Ixodes scapularis,HARV_001.20230630.IXOSCA.N,6,2023
HARV,HARV_001,deciduousForest,202.1,2023-06-30,1,Negative,Anaplasma phagocytophilum,HARV_001.20230630.IXOSCA.N,6,2023
HARV,HARV_001,deciduousForest,202.1,2023-06-30,1,Negative,Borrelia sp.,HARV_001.20230630.IXOSCA.N,6,2023
HARV,HARV_001,deciduousForest,202.1,2023-06-30,1,Negative,Ehrlichia muris-like,HARV_001.20230630.IXOSCA.N,6,2023
HARV,HARV_001,deciduousForest,202.1,2023-06-30,1,Negative,Babesia microti,HARV_001.20230630.IXOSCA.N,6,2023
HARV,HARV_001,deciduousForest,202.1,2023-06-30,1,Negative,Borrelia burgdorferi sensu lato,HARV_001.20230630.IXOSCA.N,6,2023
HARV,HARV_001,deciduousForest,202.1,2023-06-30,1,Positive,Ixodes scapularis,HARV_001.20230630.IXOSCA.N,6,2023
HARV,HARV_001,deciduousForest,202.1,2023-06-30,1,Negative,Borrelia mayonii,HARV_001.20230630.IXOSCA.N,6,2023
HARV,HARV_001,deciduousForest,202.1,2023-06-30,1,Negative,Ixodes pacificus,HARV_001.20230630.IXOSCA.N,6,2023
HARV,HARV_001,deciduousForest,202.1,2023-06-30,1,Positive,Borrelia sp.,HARV_001.20230630.IXOSCA.N,6,2023
HARV,HARV_001,deciduousForest,202.1,2023-06-30,1,Negative,Borrelia burgdorferi sensu lato,HARV_001.20230630.IXOSCA.N,6,2023
HARV,HARV_001,deciduousForest,202.1,2023-06-30,1,Negative,Amblyomma americanum,HARV_001.20230630.IXOSCA.N,6,2023
HARV,HARV_001,deciduousForest,202.1,2023-06-30,1,Negative,Ixodes pacificus,HARV_001.20230630.IXOSCA.N,6,2023
HARV,HARV_001,deciduousForest,202.1,2023-06-30,1,Negative,Borrelia sp.,HARV_001.20230630.IXOSCA.N,6,2023
HARV,HARV_001,deciduousForest,202.1,2023-06-30,1,Negative,Amblyomma americanum,HARV_001.20230630.IXOSCA.N,6,2023
HARV,HARV_001,deciduousForest,202.1,2023-06-30,1,Negative,Ixodes pacificus,HARV_001.20230630.IXOSCA.N,6,2023
HARV,HARV_001,deciduousForest,202.1,2023-06-30,1,Negative,Borrelia burgdorferi sensu lato,HARV_001.20230630.IXOSCA.N,6,2023
HARV,HARV_001,deciduousForest,202.1,2023-06-30,1,Negative,Babesia microti,HARV_001.20230630.IXOSCA.N,6,2023
HARV,HARV_001,deciduousForest,202.1,2023-06-30,1,Negative,Amblyomma americanum,HARV_001.20230630.IXOSCA.N,6,2023
HARV,HARV_001,deciduousForest,202.1,2023-06-30,1,Negative,Borrelia miyamotoi,HARV_001.20230630.IXOSCA.N,6,2023
HARV,HARV_001,deciduousForest,202.1,2023-06-30,1,Negative,Dermacentor variabilis,HARV_001.20230630.IXOSCA.N,6,2023
HARV,HARV_001,deciduousForest,202.1,2023-06-30,1,Negative,Dermacentor variabilis,HARV_001.20230630.IXOSCA.N,6,2023
HARV,HARV_001,deciduousForest,202.1,2023-06-30,1,Negative,Borrelia miyamotoi,HARV_001.20230630.IXOSCA.N,6,2023
HARV,HARV_001,deciduousForest,202.1,2023-06-30,1,Positive,Ixodes scapularis,HARV_001.20230630.IXOSCA.N,6,2023
HARV,HARV_001,deciduousForest,202.1,2023-06-30,1,Negative,Borrelia sp.,HARV_001.20230630.IXOSCA.N,6,2023
HARV,HARV_001,deciduousForest,202.1,2023-06-30,1,Negative,Amblyomma americanum,HARV_001.20230630.IXOSCA.N,6,2023
HARV,HARV_001,deciduousForest,202.1,2023-06-30,1,Negative,Dermacentor variabilis,HARV_001.20230630.IXOSCA.N,6,2023
HARV,HARV_001,deciduousForest,202.1,2023-06-30,1,Negative,Dermacentor variabilis,HARV_001.20230630.IXOSCA.N,6,2023
HARV,HARV_001,deciduousForest,202.1,2023-06-30,1,Negative,Babesia microti,HARV_001.20230630.IXOSCA.N,6,2023
HARV,HARV_001,deciduousForest,202.1,2023-06-30,1,Positive,Ixodes scapularis,HARV_001.20230630.IXOSCA.N,6,2023
HARV,HARV_001,deciduousForest,202.1,2023-06-30,1,Negative,Babesia microti,HARV_001.20230630.IXOSCA.N,6,2023
HARV,HARV_001,deciduousForest,202.1,2023-06-30,1,Positive,Borrelia burgdorferi sensu lato,HARV_001.20230630.IXOSCA.N,6,2023
HARV,HARV_001,deciduousForest,202.1,2023-06-30,1,Negative,Borrelia miyamotoi,HARV_001.20230630.IXOSCA.N,6,2023
HARV,HARV_001,deciduousForest,202.1,2023-06-30,1,Negative,Amblyomma americanum,HARV_001.20230630.IXOSCA.N,6,2023
HARV,HARV_001,deciduousForest,202.1,2023-06-30,1,Negative,Ehrlichia muris-like,HARV_001.20230630.IXOSCA.N,6,2023
HARV,HARV_001,deciduousForest,202.1,2023-06-30,1,Negative,Ixodes pacificus,HARV_001.20230630.IXOSCA.N,6,2023
HARV,HARV_001,deciduousForest,202.1,2023-06-30,1,Negative,Borrelia burgdorferi sensu lato,HARV_001.20230630.IXOSCA.N,6,2023
HARV,HARV_001,deciduousForest,202.1,2023-06-30,1,Negative,Dermacentor variabilis,HARV_001.20230630.IXOSCA.N,6,2023
HARV,HARV_001,deciduousForest,202.1,2023-06-30,1,Negative,Anaplasma phagocytophilum,HARV_001.20230630.IXOSCA.N,6,2023
HARV,HARV_001,deciduousForest,202.1,2023-06-30,1,Negative,Borrelia miyamotoi,HARV_001.20230630.IXOSCA.N,6,2023
HARV,HARV_001,deciduousForest,202.1,2023-06-30,1,Negative,Amblyomma americanum,HARV_001.20230630.IXOSCA.N,6,2023
HARV,HARV_001,deciduousForest,202.1,2023-06-30,1,Negative,Dermacentor variabilis,HARV_001.20230630.IXOSCA.N,6,2023
HARV,HARV_001,deciduousForest,202.1,2023-06-30,1,Negative,Ehrlichia muris-like,HARV_001.20230630.IXOSCA.N,6,2023
HARV,HARV_001,deciduousForest,202.1,2023-06-30,1,Positive,Borrelia burgdorferi sensu lato,HARV_001.20230630.IXOSCA.N,6,2023
HARV,HARV_001,deciduousForest,202.1,2023-06-30,1,Negative,Babesia microti,HARV_001.20230630.IXOSCA.N,6,2023
HARV,HARV_001,deciduousForest,202.1,2023-06-30,1,Negative,Ixodes pacificus,HARV_001.20230630.IXOSCA.N,6,2023
HARV,HARV_001,deciduousForest,202.1,2023-06-30,1,Negative,Anaplasma phagocytophilum,HARV_001.20230630.IXOSCA.N,6,2023
HARV,HARV_001,deciduousForest,202.1,2023-06-30,1,Positive,Borrelia burgdorferi sensu lato,HARV_001.20230630.IXOSCA.N,6,2023
HARV,HARV_001,deciduousForest,202.1,2023-06-30,1,Negative,Ehrlichia muris-like,HARV_001.20230630.IXOSCA.N,6,2023
HARV,HARV_001,deciduousForest,202.1,2023-06-30,1,Negative,Anaplasma phagocytophilum,HARV_001.20230630.IXOSCA.N,6,2023
HARV,HARV_001,deciduousForest,202.1,2023-06-30,1,Negative,Amblyomma americanum,HARV_001.20230630.IXOSCA.N,6,2023
HARV,HARV_001,deciduousForest,202.1,2023-06-30,1,Positive,Ixodes scapularis,HARV_001.20230630.IXOSCA.N,6,2023
HARV,HARV_001,deciduousForest,202.1,2023-06-30,1,Negative,Borrelia sp.,HARV_001.20230630.IXOSCA.N,6,2023
HARV,HARV_001,deciduousForest,202.1,2023-06-30,1,Negative,Borrelia mayonii,HARV_001.20230630.IXOSCA.N,6,2023
HARV,HARV_001,deciduousForest,202.1,2023-06-30,1,Negative,Anaplasma phagocytophilum,HARV_001.20230630.IXOSCA.N,6,2023
HARV,HARV_001,deciduousForest,202.1,2023-06-30,1,Positive,Ixodes scapularis,HARV_001.20230630.IXOSCA.N,6,2023
HARV,HARV_001,deciduousForest,202.1,2023-06-30,1,Negative,Amblyomma americanum,HARV_001.20230630.IXOSCA.N,6,2023
HARV,HARV_001,deciduousForest,202.1,2023-06-30,1,Positive,Ixodes scapularis,HARV_001.20230630.IXOSCA.N,6,2023
HARV,HARV_001,deciduousForest,202.1,2023-06-30,1,Positive,Ixodes scapularis,HARV_001.20230630.IXOSCA.N,6,2023
HARV,HARV_001,deciduousForest,202.1,2023-06-30,1,Negative,Amblyomma americanum,HARV_001.20230630.IXOSCA.N,6,2023
HARV,HARV_001,deciduousForest,202.1,2023-06-30,1,Negative,Borrelia mayonii,HARV_001.20230630.IXOSCA.N,6,2023
HARV,HARV_001,deciduousForest,202.1,2023-06-30,1,Negative,Borrelia miyamotoi,HARV_001.20230630.IXOSCA.N,6,2023
HARV,HARV_001,deciduousForest,202.1,2023-06-30,1,Positive,Ixodes scapularis,HARV_001.20230630.IXOSCA.N,6,2023
HARV,HARV_001,deciduousForest,202.1,2023-06-30,1,Negative,Amblyomma americanum,HARV_001.20230630.IXOSCA.N,6,2023
HARV,HARV_001,deciduousForest,202.1,2023-06-30,1,Negative,Ixodes pacificus,HARV_001.20230630.IXOSCA.N,6,2023
HARV,HARV_001,deciduousForest,202.1,2023-06-30,1,Negative,Anaplasma phagocytophilum,HARV_001.20230630.IXOSCA.N,6,2023
HARV,HARV_001,deciduousForest,202.1,2023-06-30,1,Negative,Anaplasma phagocytophilum,HARV_001.20230630.IXOSCA.N,6,2023
HARV,HARV_001,deciduousForest,202.1,2023-06-30,1,Positive,Borrelia burgdorferi sensu lato,HARV_001.20230630.IXOSCA.N,6,2023
HARV,HARV_001,deciduousForest,202.1,2023-06-30,1,Positive,Borrelia sp.,HARV_001.20230630.IXOSCA.N,6,2023
HARV,HARV_001,deciduousForest,202.1,2023-06-30,1,Negative,Borrelia mayonii,HARV_001.20230630.IXOSCA.N,6,2023
HARV,HARV_001,deciduousForest,202.1,2023-06-30,1,Negative,Borrelia mayonii,HARV_001.20230630.IXOSCA.N,6,2023
HARV,HARV_001,deciduousForest,202.1,2023-06-30,1,Negative,Borrelia sp.,HARV_001.20230630.IXOSCA.N,6,2023
HARV,HARV_001,deciduousForest,202.1,2023-06-30,1,Negative,Anaplasma phagocytophilum,HARV_001.20230630.IXOSCA.N,6,2023
HARV,HARV_001,deciduousForest,202.1,2023-06-30,1,Negative,Babesia microti,HARV_001.20230630.IXOSCA.N,6,2023
HARV,HARV_001,deciduousForest,202.1,2023-06-30,1,Negative,Ehrlichia muris-like,HARV_001.20230630.IXOSCA.N,6,2023
HARV,HARV_001,deciduousForest,202.1,2023-06-30,1,Negative,Amblyomma americanum,HARV_001.20230630.IXOSCA.N,6,2023
HARV,HARV_001,deciduousForest,202.1,2023-06-30,1,Negative,Dermacentor variabilis,HARV_001.20230630.IXOSCA.N,6,2023
HARV,HARV_001,deciduousForest,202.1,2023-06-30,1,Negative,Babesia microti,HARV_001.20230630.IXOSCA.N,6,2023
HARV,HARV_001,deciduousForest,202.1,2023-06-30,1,Negative,Borrelia burgdorferi sensu lato,HARV_001.20230630.IXOSCA.N,6,2023
HARV,HARV_001,deciduousForest,202.1,2023-06-30,1,Negative,Anaplasma phagocytophilum,HARV_001.20230630.IXOSCA.N,6,2023
HARV,HARV_001,deciduousForest,202.1,2023-06-30,1,Negative,Ixodes pacificus,HARV_001.20230630.IXOSCA.N,6,2023
HARV,HARV_001,deciduousForest,202.1,2023-06-30,1,Negative,Ehrlichia muris-like,HARV_001.20230630.IXOSCA.N,6,2023
HARV,HARV_001,deciduousForest,202.1,2023-06-30,1,Negative,Ehrlichia muris-like,HARV_001.20230630.IXOSCA.N,6,2023
HARV,HARV_001,deciduousForest,202.1,2023-06-30,1,Negative,Borrelia mayonii,HARV_001.20230630.IXOSCA.N,6,2023
HARV,HARV_001,deciduousForest,202.1,2023-06-30,1,Negative,Borrelia mayonii,HARV_001.20230630.IXOSCA.N,6,2023
HARV,HARV_001,deciduousForest,202.1,2023-06-30,1,Negative,Babesia microti,HARV_001.20230630.IXOSCA.N,6,2023
HARV,HARV_001,deciduousForest,202.1,2023-06-30,1,Negative,Borrelia mayonii,HARV_001.20230630.IXOSCA.N,6,2023
HARV,HARV_001,deciduousForest,202.1,2023-06-30,1,Negative,Ixodes pacificus,HARV_001.20230630.IXOSCA.N,6,2023
HARV,HARV_001,deciduousForest,202.1,2023-06-30,1,Negative,Borrelia burgdorferi sensu lato,HARV_001.20230630.IXOSCA.N,6,2023
HARV,HARV_001,deciduousForest,202.1,2023-06-30,1,Negative,Babesia microti,HARV_001.20230630.IXOSCA.N,6,2023
HARV,HARV_001,deciduousForest,202.1,2023-06-30,1,Negative,Dermacentor variabilis,HARV_001.20230630.IXOSCA.N,6,2023
HARV,HARV_001,deciduousForest,202.1,2023-06-30,1,Negative,Ehrlichia muris-like,HARV_001.20230630.IXOSCA.N,6,2023
HARV,HARV_001,deciduousForest,202.1,2023-06-30,1,Negative,Ehrlichia muris-like,HARV_001.20230630.IXOSCA.N,6,2023
HARV,HARV_001,deciduousForest,202.1,2023-06-30,1,Negative,Borrelia miyamotoi,HARV_001.20230630.IXOSCA.N,6,2023
HARV,HARV_001,deciduousForest,202.1,2023-06-30,1,Negative,Amblyomma americanum,HARV_001.20230630.IXOSCA.N,6,2023
HARV,HARV_001,deciduousForest,202.1,2023-06-30,1,Positive,Borrelia sp.,HARV_001.20230630.IXOSCA.N,6,2023
HARV,HARV_001,deciduousForest,202.1,2023-06-30,1,Negative,Dermacentor variabilis,HARV_001.20230630.IXOSCA.N,6,2023
HARV,HARV_001,deciduousForest,202.1,2023-06-30,1,Negative,Babesia microti,HARV_001.20230630.IXOSCA.N,6,2023
HARV,HARV_001,deciduousForest,202.1,2023-06-30,1,Negative,Borrelia mayonii,HARV_001.20230630.IXOSCA.N,6,2023
HARV,HARV_001,deciduousForest,202.1,2023-06-30,1,Negative,Anaplasma phagocytophilum,HARV_001.20230630.IXOSCA.N,6,2023
HARV,HARV_001,deciduousForest,202.1,2023-06-30,1,Negative,Dermacentor variabilis,HARV_001.20230630.IXOSCA.N,6,2023
HARV,HARV_001,deciduousForest,202.1,2023-06-30,1,Negative,Ehrlichia muris-like,HARV_001.20230630.IXOSCA.N,6,2023
HARV,HARV_001,deciduousForest,202.1,2023-06-30,1,Negative,Dermacentor variabilis,HARV_001.20230630.IXOSCA.N,6,2023
HARV,HARV_001,deciduousForest,202.1,2023-06-30,1,Negative,Ehrlichia muris-like,HARV_001.20230630.IXOSCA.N,6,2023
HARV,HARV_001,deciduousForest,202.1,2023-06-30,1,Negative,Borrelia mayonii,HARV_001.20230630.IXOSCA.N,6,2023
HARV,HARV_001,deciduousForest,202.1,2023-06-30,1,Positive,Ixodes scapularis,HARV_001.20230630.IXOSCA.N,6,2023
HARV,HARV_001,deciduousForest,202.1,2023-06-30,1,Negative,Amblyomma americanum,HARV_001.20230630.IXOSCA.N,6,2023
HARV,HARV_001,deciduousForest,202.1,2023-06-30,1,Negative,Borrelia burgdorferi sensu lato,HARV_001.20230630.IXOSCA.N,6,2023
HARV,HARV_001,deciduousForest,202.1,2023-06-30,1,Negative,Ixodes pacificus,HARV_001.20230630.IXOSCA.N,6,2023
HARV,HARV_001,deciduousForest,202.1,2023-06-30,1,Negative,Borrelia mayonii,HARV_001.20230630.IXOSCA.N,6,2023
HARV,HARV_001,deciduousForest,202.1,2023-06-30,1,Negative,Anaplasma phagocytophilum,HARV_001.20230630.IXOSCA.N,6,2023
HARV,HARV_001,deciduousForest,202.1,2023-06-30,1,Negative,Borrelia miyamotoi,HARV_001.20230630.IXOSCA.N,6,2023
HARV,HARV_001,deciduousForest,202.1,2023-06-30,1,Negative,Ixodes pacificus,HARV_001.20230630.IXOSCA.N,6,2023
HARV,HARV_001,deciduousForest,202.1,2023-06-30,1,Negative,Amblyomma americanum,HARV_001.20230630.IXOSCA.N,6,2023
HARV,HARV_001,deciduousForest,202.1,2023-06-30,1,Negative,Dermacentor variabilis,HARV_001.20230630.IXOSCA.N,6,2023
HARV,HARV_001,deciduousForest,202.1,2023-06-30,1,Negative,Borrelia miyamotoi,HARV_001.20230630.IXOSCA.N,6,2023
HARV,HARV_001,deciduousForest,202.1,2023-06-30,1,Positive,Ixodes scapularis,HARV_001.20230630.IXOSCA.N,6,2023
HARV,HARV_001,deciduousForest,202.1,2023-06-30,1,Positive,Borrelia burgdorferi sensu lato,HARV_001.20230630.IXOSCA.N,6,2023
HARV,HARV_001,deciduousForest,202.1,2023-06-30,1,Negative,Anaplasma phagocytophilum,HARV_001.20230630.IXOSCA.N,6,2023
HARV,HARV_001,deciduousForest,202.1,2023-06-30,1,Positive,Ixodes scapularis,HARV_001.20230630.IXOSCA.N,6,2023
HARV,HARV_001,deciduousForest,202.1,2023-06-30,1,Negative,Ehrlichia muris-like,HARV_001.20230630.IXOSCA.N,6,2023
HARV,HARV_001,deciduousForest,202.1,2023-06-30,1,Negative,Borrelia miyamotoi,HARV_001.20230630.IXOSCA.N,6,2023
HARV,HARV_001,deciduousForest,202.1,2023-06-30,1,Negative,Borrelia mayonii,HARV_001.20230630.IXOSCA.N,6,2023
HARV,HARV_001,deciduousForest,202.1,2023-06-30,1,Negative,Borrelia sp.,HARV_001.20230630.IXOSCA.N,6,2023
HARV,HARV_001,deciduousForest,202.1,2023-06-30,1,Positive,Ixodes scapularis,HARV_001.20230630.IXOSCA.N,6,2023
HARV,HARV_001,deciduousForest,202.1,2023-06-30,1,Negative,Babesia microti,HARV_001.20230630.IXOSCA.N,6,2023
HARV,HARV_001,deciduousForest,202.1,2023-06-30,1,Negative,Ixodes pacificus,HARV_001.20230630.IXOSCA.N,6,2023
HARV,HARV_001,deciduousForest,202.1,2023-06-30,1,Negative,Borrelia mayonii,HARV_001.20230630.IXOSCA.N,6,2023
HARV,HARV_001,deciduousForest,202.1,2023-06-30,1,Negative,Babesia microti,HARV_001.20230630.IXOSCA.N,6,2023
HARV,HARV_001,deciduousForest,202.1,2023-06-30,1,Negative,Amblyomma americanum,HARV_001.20230630.IXOSCA.N,6,2023
HARV,HARV_001,deciduousForest,202.1,2023-06-30,1,Negative,Ehrlichia muris-like,HARV_001.20230630.IXOSCA.N,6,2023
HARV,HARV_001,deciduousForest,202.1,2023-06-30,1,Negative,Ixodes pacificus,HARV_001.20230630.IXOSCA.N,6,2023
HARV,HARV_001,deciduousForest,202.1,2023-06-30,1,Negative,Borrelia burgdorferi sensu lato,HARV_001.20230630.IXOSCA.N,6,2023
HARV,HARV_001,deciduousForest,202.1,2023-06-30,1,Positive,Ixodes scapularis,HARV_001.20230630.IXOSCA.N,6,2023
HARV,HARV_001,deciduousForest,202.1,2023-06-30,1,Negative,Borrelia miyamotoi,HARV_001.20230630.IXOSCA.N,6,2023
HARV,HARV_001,deciduousForest,202.1,2023-06-30,1,Negative,Ixodes pacificus,HARV_001.20230630.IXOSCA.N,6,2023
HARV,HARV_001,deciduousForest,202.1,2023-06-30,1,Negative,Anaplasma phagocytophilum,HARV_001.20230630.IXOSCA.N,6,2023
HARV,HARV_001,deciduousForest,202.1,2023-06-30,1,Negative,Borrelia burgdorferi sensu lato,HARV_001.20230630.IXOSCA.N,6,2023
HARV,HARV_001,deciduousForest,202.1,2023-06-30,1,Negative,Babesia microti,HARV_001.20230630.IXOSCA.N,6,2023
HARV,HARV_001,deciduousForest,202.1,2023-06-30,1,Negative,Ixodes pacificus,HARV_001.20230630.IXOSCA.N,6,2023
HARV,HARV_001,deciduousForest,202.1,2023-06-30,1,Negative,Borrelia burgdorferi sensu lato,HARV_001.20230630.IXOSCA.N,6,2023
HARV,HARV_001,deciduousForest,202.1,2023-06-30,1,Positive,Borrelia sp.,HARV_001.20230630.IXOSCA.N,6,2023
HARV,HARV_001,deciduousForest,202.1,2023-06-30,1,Negative,Babesia microti,HARV_001.20230630.IXOSCA.N,6,2023
HARV,HARV_001,deciduousForest,202.1,2023-06-30,1,Positive,Borrelia sp.,HARV_001.20230630.IXOSCA.N,6,2023
HARV,HARV_001,deciduousForest,202.1,2023-06-30,1,Negative,Ehrlichia muris-like,HARV_001.20230630.IXOSCA.N,6,2023
HARV,HARV_001,deciduousForest,202.1,2023-06-30,1,Negative,Borrelia sp.,HARV_001.20230630.IXOSCA.N,6,2023
HARV,HARV_001,deciduousForest,202.1,2023-06-30,1,Negative,Amblyomma americanum,HARV_001.20230630.IXOSCA.N,6,2023
HARV,HARV_001,deciduousForest,202.1,2023-06-30,1,Negative,Dermacentor variabilis,HARV_001.20230630.IXOSCA.N,6,2023
HARV,HARV_004,mixedForest,182.6,2023-06-30,1,Negative,Anaplasma phagocytophilum,HARV_004.20230630.IXOSCA.N,6,2023
HARV,HARV_004,mixedForest,182.6,2023-06-30,1,Negative,Borrelia sp.,HARV_004.20230630.IXOSCA.N,6,2023
HARV,HARV_004,mixedForest,182.6,2023-06-30,1,Negative,Babesia microti,HARV_004.20230630.IXOSCA.N,6,2023
HARV,HARV_004,mixedForest,182.6,2023-06-30,1,Negative,Borrelia miyamotoi,HARV_004.20230630.IXOSCA.N,6,2023
HARV,HARV_004,mixedForest,182.6,2023-06-30,1,Negative,Borrelia burgdorferi sensu lato,HARV_004.20230630.IXOSCA.N,6,2023
HARV,HARV_004,mixedForest,182.6,2023-06-30,1,Negative,Dermacentor variabilis,HARV_004.20230630.IXOSCA.N,6,2023
HARV,HARV_004,mixedForest,182.6,2023-06-30,1,Negative,Borrelia mayonii,HARV_004.20230630.IXOSCA.N,6,2023
HARV,HARV_004,mixedForest,182.6,2023-06-30,1,Negative,Borrelia mayonii,HARV_004.20230630.IXOSCA.N,6,2023
HARV,HARV_004,mixedForest,182.6,2023-06-30,1,Negative,Anaplasma phagocytophilum,HARV_004.20230630.IXOSCA.N,6,2023
HARV,HARV_004,mixedForest,182.6,2023-06-30,1,Positive,Ixodes scapularis,HARV_004.20230630.IXOSCA.N,6,2023
HARV,HARV_004,mixedForest,182.6,2023-06-30,1,Positive,Ixodes scapularis,HARV_004.20230630.IXOSCA.N,6,2023
HARV,HARV_004,mixedForest,182.6,2023-06-30,1,Negative,Ixodes pacificus,HARV_004.20230630.IXOSCA.N,6,2023
HARV,HARV_004,mixedForest,182.6,2023-06-30,1,Negative,Amblyomma americanum,HARV_004.20230630.IXOSCA.N,6,2023
HARV,HARV_004,mixedForest,182.6,2023-06-30,1,Negative,Babesia microti,HARV_004.20230630.IXOSCA.N,6,2023
HARV,HARV_004,mixedForest,182.6,2023-06-30,1,Negative,Amblyomma americanum,HARV_004.20230630.IXOSCA.N,6,2023
HARV,HARV_004,mixedForest,182.6,2023-06-30,1,Negative,Borrelia burgdorferi sensu lato,HARV_004.20230630.IXOSCA.N,6,2023
HARV,HARV_004,mixedForest,182.6,2023-06-30,1,Negative,Dermacentor variabilis,HARV_004.20230630.IXOSCA.N,6,2023
HARV,HARV_004,mixedForest,182.6,2023-06-30,1,Negative,Ehrlichia muris-like,HARV_004.20230630.IXOSCA.N,6,2023
HARV,HARV_004,mixedForest,182.6,2023-06-30,1,Negative,Ixodes pacificus,HARV_004.20230630.IXOSCA.N,6,2023
HARV,HARV_004,mixedForest,182.6,2023-06-30,1,Negative,Borrelia miyamotoi,HARV_004.20230630.IXOSCA.N,6,2023
HARV,HARV_004,mixedForest,182.6,2023-06-30,1,Negative,Ehrlichia muris-like,HARV_004.20230630.IXOSCA.N,6,2023
HARV,HARV_004,mixedForest,182.6,2023-06-30,1,Negative,Borrelia sp.,HARV_004.20230630.IXOSCA.N,6,2023
HARV,HARV_026,evergreenForest,187.3,2023-06-30,1,Negative,Babesia microti,HARV_026.20230630.IXOSCA.N,6,2023
HARV,HARV_026,evergreenForest,187.3,2023-06-30,1,Negative,Babesia microti,HARV_026.20230630.IXOSCA.N,6,2023
HARV,HARV_026,evergreenForest,187.3,2023-06-30,1,Negative,Borrelia miyamotoi,HARV_026.20230630.IXOSCA.N,6,2023
HARV,HARV_026,evergreenForest,187.3,2023-06-30,1,Negative,Ehrlichia muris-like,HARV_026.20230630.IXOSCA.N,6,2023
HARV,HARV_026,evergreenForest,187.3,2023-06-30,1,Negative,Amblyomma americanum,HARV_026.20230630.IXOSCA.N,6,2023
HARV,HARV_026,evergreenForest,187.3,2023-06-30,1,Negative,Amblyomma americanum,HARV_026.20230630.IXOSCA.N,6,2023
HARV,HARV_026,evergreenForest,187.3,2023-06-30,1,Negative,Babesia microti,HARV_026.20230630.IXOSCA.N,6,2023
HARV,HARV_026,evergreenForest,187.3,2023-06-30,1,Negative,Borrelia burgdorferi sensu lato,HARV_026.20230630.IXOSCA.N,6,2023
HARV,HARV_026,evergreenForest,187.3,2023-06-30,1,Negative,Anaplasma phagocytophilum,HARV_026.20230630.IXOSCA.N,6,2023
HARV,HARV_026,evergreenForest,187.3,2023-06-30,1,Positive,Ixodes scapularis,HARV_026.20230630.IXOSCA.N,6,2023
HARV,HARV_026,evergreenForest,187.3,2023-06-30,1,Negative,Amblyomma americanum,HARV_026.20230630.IXOSCA.N,6,2023
HARV,HARV_026,evergreenForest,187.3,2023-06-30,1,Negative,Ixodes pacificus,HARV_026.20230630.IXOSCA.N,6,2023
HARV,HARV_026,evergreenForest,187.3,2023-06-30,1,Positive,Borrelia burgdorferi sensu lato,HARV_026.20230630.IXOSCA.N,6,2023
HARV,HARV_026,evergreenForest,187.3,2023-06-30,1,Negative,Anaplasma phagocytophilum,HARV_026.20230630.IXOSCA.N,6,2023
HARV,HARV_026,evergreenForest,187.3,2023-06-30,1,Negative,Borrelia miyamotoi,HARV_026.20230630.IXOSCA.N,6,2023
HARV,HARV_026,evergreenForest,187.3,2023-06-30,1,Negative,Borrelia miyamotoi,HARV_026.20230630.IXOSCA.N,6,2023
HARV,HARV_026,evergreenForest,187.3,2023-06-30,1,Negative,Borrelia burgdorferi sensu lato,HARV_026.20230630.IXOSCA.N,6,2023
HARV,HARV_026,evergreenForest,187.3,2023-06-30,1,Negative,Ehrlichia muris-like,HARV_026.20230630.IXOSCA.N,6,2023
HARV,HARV_026,evergreenForest,187.3,2023-06-30,1,Negative,Borrelia sp.,HARV_026.20230630.IXOSCA.N,6,2023
HARV,HARV_026,evergreenForest,187.3,2023-06-30,1,Negative,Amblyomma americanum,HARV_026.20230630.IXOSCA.N,6,2023
HARV,HARV_026,evergreenForest,187.3,2023-06-30,1,Negative,Borrelia mayonii,HARV_026.20230630.IXOSCA.N,6,2023
HARV,HARV_026,evergreenForest,187.3,2023-06-30,1,Negative,Dermacentor variabilis,HARV_026.20230630.IXOSCA.N,6,2023
HARV,HARV_026,evergreenForest,187.3,2023-06-30,1,Negative,Borrelia mayonii,HARV_026.20230630.IXOSCA.N,6,2023
HARV,HARV_026,evergreenForest,187.3,2023-06-30,1,Negative,Borrelia mayonii,HARV_026.20230630.IXOSCA.N,6,2023
HARV,HARV_026,evergreenForest,187.3,2023-06-30,1,Positive,Ixodes scapularis,HARV_026.20230630.IXOSCA.N,6,2023
HARV,HARV_026,evergreenForest,187.3,2023-06-30,1,Negative,Anaplasma phagocytophilum,HARV_026.20230630.IXOSCA.N,6,2023
HARV,HARV_026,evergreenForest,187.3,2023-06-30,1,Negative,Amblyomma americanum,HARV_026.20230630.IXOSCA.N,6,2023
HARV,HARV_026,evergreenForest,187.3,2023-06-30,1,Negative,Borrelia miyamotoi,HARV_026.20230630.IXOSCA.N,6,2023
HARV,HARV_026,evergreenForest,187.3,2023-06-30,1,Negative,Babesia microti,HARV_026.20230630.IXOSCA.N,6,2023
HARV,HARV_026,evergreenForest,187.3,2023-06-30,1,Negative,Dermacentor variabilis,HARV_026.20230630.IXOSCA.N,6,2023
HARV,HARV_026,evergreenForest,187.3,2023-06-30,1,Negative,Dermacentor variabilis,HARV_026.20230630.IXOSCA.N,6,2023
HARV,HARV_026,evergreenForest,187.3,2023-06-30,1,Positive,Ixodes scapularis,HARV_026.20230630.IXOSCA.N,6,2023
HARV,HARV_026,evergreenForest,187.3,2023-06-30,1,Negative,Borrelia mayonii,HARV_026.20230630.IXOSCA.N,6,2023
HARV,HARV_026,evergreenForest,187.3,2023-06-30,1,Negative,Ixodes pacificus,HARV_026.20230630.IXOSCA.N,6,2023
HARV,HARV_026,evergreenForest,187.3,2023-06-30,1,Negative,Borrelia burgdorferi sensu lato,HARV_026.20230630.IXOSCA.N,6,2023
HARV,HARV_026,evergreenForest,187.3,2023-06-30,1,Negative,Babesia microti,HARV_026.20230630.IXOSCA.N,6,2023
HARV,HARV_026,evergreenForest,187.3,2023-06-30,1,Negative,Borrelia mayonii,HARV_026.20230630.IXOSCA.N,6,2023
HARV,HARV_026,evergreenForest,187.3,2023-06-30,1,Negative,Dermacentor variabilis,HARV_026.20230630.IXOSCA.N,6,2023
HARV,HARV_026,evergreenForest,187.3,2023-06-30,1,Positive,Ixodes scapularis,HARV_026.20230630.IXOSCA.N,6,2023
HARV,HARV_026,evergreenForest,187.3,2023-06-30,1,Negative,Ehrlichia muris-like,HARV_026.20230630.IXOSCA.N,6,2023
HARV,HARV_026,evergreenForest,187.3,2023-06-30,1,Positive,Ixodes scapularis,HARV_026.20230630.IXOSCA.N,6,2023
HARV,HARV_026,evergreenForest,187.3,2023-06-30,1,Negative,Borrelia miyamotoi,HARV_026.20230630.IXOSCA.N,6,2023
HARV,HARV_026,evergreenForest,187.3,2023-06-30,1,Negative,Ehrlichia muris-like,HARV_026.20230630.IXOSCA.N,6,2023
HARV,HARV_026,evergreenForest,187.3,2023-06-30,1,Negative,Anaplasma phagocytophilum,HARV_026.20230630.IXOSCA.N,6,2023
HARV,HARV_026,evergreenForest,187.3,2023-06-30,1,Positive,Ixodes scapularis,HARV_026.20230630.IXOSCA.N,6,2023
HARV,HARV_026,evergreenForest,187.3,2023-06-30,1,Negative,Dermacentor variabilis,HARV_026.20230630.IXOSCA.N,6,2023
HARV,HARV_026,evergreenForest,187.3,2023-06-30,1,Negative,Ixodes pacificus,HARV_026.20230630.IXOSCA.N,6,2023
HARV,HARV_026,evergreenForest,187.3,2023-06-30,1,Negative,Babesia microti,HARV_026.20230630.IXOSCA.N,6,2023
HARV,HARV_026,evergreenForest,187.3,2023-06-30,1,Negative,Babesia microti,HARV_026.20230630.IXOSCA.N,6,2023
HARV,HARV_026,evergreenForest,187.3,2023-06-30,1,Negative,Borrelia mayonii,HARV_026.20230630.IXOSCA.N,6,2023
HARV,HARV_026,evergreenForest,187.3,2023-06-30,1,Positive,Ixodes scapularis,HARV_026.20230630.IXOSCA.N,6,2023
HARV,HARV_026,evergreenForest,187.3,2023-06-30,1,Negative,Borrelia burgdorferi sensu lato,HARV_026.20230630.IXOSCA.N,6,2023
HARV,HARV_026,evergreenForest,187.3,2023-06-30,1,Negative,Dermacentor variabilis,HARV_026.20230630.IXOSCA.N,6,2023
HARV,HARV_026,evergreenForest,187.3,2023-06-30,1,Negative,Ixodes pacificus,HARV_026.20230630.IXOSCA.N,6,2023
HARV,HARV_026,evergreenForest,187.3,2023-06-30,1,Negative,Borrelia mayonii,HARV_026.20230630.IXOSCA.N,6,2023
HARV,HARV_026,evergreenForest,187.3,2023-06-30,1,Negative,Borrelia sp.,HARV_026.20230630.IXOSCA.N,6,2023
HARV,HARV_026,evergreenForest,187.3,2023-06-30,1,Negative,Anaplasma phagocytophilum,HARV_026.20230630.IXOSCA.N,6,2023
HARV,HARV_026,evergreenForest,187.3,2023-06-30,1,Negative,Amblyomma americanum,HARV_026.20230630.IXOSCA.N,6,2023
HARV,HARV_026,evergreenForest,187.3,2023-06-30,1,Negative,Borrelia sp.,HARV_026.20230630.IXOSCA.N,6,2023
HARV,HARV_026,evergreenForest,187.3,2023-06-30,1,Negative,Borrelia miyamotoi,HARV_026.20230630.IXOSCA.N,6,2023
HARV,HARV_026,evergreenForest,187.3,2023-06-30,1,Negative,Ixodes pacificus,HARV_026.20230630.IXOSCA.N,6,2023
HARV,HARV_026,evergreenForest,187.3,2023-06-30,1,Positive,Borrelia sp.,HARV_026.20230630.IXOSCA.N,6,2023
HARV,HARV_026,evergreenForest,187.3,2023-06-30,1,Negative,Amblyomma americanum,HARV_026.20230630.IXOSCA.N,6,2023
HARV,HARV_026,evergreenForest,187.3,2023-06-30,1,Negative,Borrelia sp.,HARV_026.20230630.IXOSCA.N,6,2023
HARV,HARV_026,evergreenForest,187.3,2023-06-30,1,Negative,Ixodes pacificus,HARV_026.20230630.IXOSCA.N,6,2023
HARV,HARV_026,evergreenForest,187.3,2023-06-30,1,Negative,Ehrlichia muris-like,HARV_026.20230630.IXOSCA.N,6,2023
HARV,HARV_026,evergreenForest,187.3,2023-06-30,1,Negative,Borrelia burgdorferi sensu lato,HARV_026.20230630.IXOSCA.N,6,2023
HARV,HARV_026,evergreenForest,187.3,2023-06-30,1,Negative,Borrelia miyamotoi,HARV_026.20230630.IXOSCA.N,6,2023
HARV,HARV_026,evergreenForest,187.3,2023-06-30,1,Negative,Anaplasma phagocytophilum,HARV_026.20230630.IXOSCA.N,6,2023
HARV,HARV_026,evergreenForest,187.3,2023-06-30,1,Negative,Borrelia burgdorferi sensu lato,HARV_026.20230630.IXOSCA.N,6,2023
HARV,HARV_026,evergreenForest,187.3,2023-06-30,1,Negative,Dermacentor variabilis,HARV_026.20230630.IXOSCA.N,6,2023
HARV,HARV_026,evergreenForest,187.3,2023-06-30,1,Negative,Ixodes pacificus,HARV_026.20230630.IXOSCA.N,6,2023
HARV,HARV_026,evergreenForest,187.3,2023-06-30,1,Negative,Ehrlichia muris-like,HARV_026.20230630.IXOSCA.N,6,2023
HARV,HARV_026,evergreenForest,187.3,2023-06-30,1,Negative,Anaplasma phagocytophilum,HARV_026.20230630.IXOSCA.N,6,2023
HARV,HARV_026,evergreenForest,187.3,2023-06-30,1,Negative,Ehrlichia muris-like,HARV_026.20230630.IXOSCA.N,6,2023
HARV,HARV_026,evergreenForest,187.3,2023-06-30,1,Negative,Borrelia sp.,HARV_026.20230630.IXOSCA.N,6,2023
HARV,HARV_026,evergreenForest,187.3,2023-06-30,1,Negative,Borrelia sp.,HARV_026.20230630.IXOSCA.N,6,2023
HARV,HARV_002,deciduousForest,187.7,2023-06-30,1,Negative,Dermacentor variabilis,HARV_002.20230630.IXOSCA.N,6,2023
HARV,HARV_002,deciduousForest,187.7,2023-06-30,1,Negative,Dermacentor variabilis,HARV_002.20230630.IXOSCA.N,6,2023
HARV,HARV_002,deciduousForest,187.7,2023-06-30,1,Positive,Ixodes scapularis,HARV_002.20230630.IXOSCA.N,6,2023
HARV,HARV_002,deciduousForest,187.7,2023-06-30,1,Negative,Borrelia burgdorferi sensu lato,HARV_002.20230630.IXOSCA.N,6,2023
HARV,HARV_002,deciduousForest,187.7,2023-06-30,1,Negative,Ixodes pacificus,HARV_002.20230630.IXOSCA.N,6,2023
HARV,HARV_002,deciduousForest,187.7,2023-06-30,1,Negative,Amblyomma americanum,HARV_002.20230630.IXOSCA.N,6,2023
HARV,HARV_002,deciduousForest,187.7,2023-06-30,1,Negative,Anaplasma phagocytophilum,HARV_002.20230630.IXOSCA.N,6,2023
HARV,HARV_002,deciduousForest,187.7,2023-06-30,1,Positive,Ixodes scapularis,HARV_002.20230630.IXOSCA.N,6,2023
HARV,HARV_002,deciduousForest,187.7,2023-06-30,1,Positive,Borrelia miyamotoi,HARV_002.20230630.IXOSCA.N,6,2023
HARV,HARV_002,deciduousForest,187.7,2023-06-30,1,Negative,Borrelia miyamotoi,HARV_002.20230630.IXOSCA.N,6,2023
HARV,HARV_002,deciduousForest,187.7,2023-06-30,1,Negative,Amblyomma americanum,HARV_002.20230630.IXOSCA.N,6,2023
HARV,HARV_002,deciduousForest,187.7,2023-06-30,1,Negative,Borrelia mayonii,HARV_002.20230630.IXOSCA.N,6,2023
HARV,HARV_002,deciduousForest,187.7,2023-06-30,1,Negative,Babesia microti,HARV_002.20230630.IXOSCA.N,6,2023
HARV,HARV_002,deciduousForest,187.7,2023-06-30,1,Negative,Ehrlichia muris-like,HARV_002.20230630.IXOSCA.N,6,2023
HARV,HARV_002,deciduousForest,187.7,2023-06-30,1,Negative,Amblyomma americanum,HARV_002.20230630.IXOSCA.N,6,2023
HARV,HARV_002,deciduousForest,187.7,2023-06-30,1,Negative,Anaplasma phagocytophilum,HARV_002.20230630.IXOSCA.N,6,2023
HARV,HARV_002,deciduousForest,187.7,2023-06-30,1,Negative,Borrelia burgdorferi sensu lato,HARV_002.20230630.IXOSCA.N,6,2023
HARV,HARV_002,deciduousForest,187.7,2023-06-30,1,Negative,Dermacentor variabilis,HARV_002.20230630.IXOSCA.N,6,2023
HARV,HARV_002,deciduousForest,187.7,2023-06-30,1,Positive,Ixodes scapularis,HARV_002.20230630.IXOSCA.N,6,2023
HARV,HARV_002,deciduousForest,187.7,2023-06-30,1,Negative,Borrelia sp.,HARV_002.20230630.IXOSCA.N,6,2023
HARV,HARV_002,deciduousForest,187.7,2023-06-30,1,Negative,Borrelia miyamotoi,HARV_002.20230630.IXOSCA.N,6,2023
HARV,HARV_002,deciduousForest,187.7,2023-06-30,1,Negative,Ixodes pacificus,HARV_002.20230630.IXOSCA.N,6,2023
HARV,HARV_002,deciduousForest,187.7,2023-06-30,1,Negative,Borrelia sp.,HARV_002.20230630.IXOSCA.N,6,2023
HARV,HARV_002,deciduousForest,187.7,2023-06-30,1,Positive,Borrelia sp.,HARV_002.20230630.IXOSCA.N,6,2023
HARV,HARV_002,deciduousForest,187.7,2023-06-30,1,Negative,Dermacentor variabilis,HARV_002.20230630.IXOSCA.N,6,2023
HARV,HARV_002,deciduousForest,187.7,2023-06-30,1,Negative,Amblyomma americanum,HARV_002.20230630.IXOSCA.N,6,2023
HARV,HARV_002,deciduousForest,187.7,2023-06-30,1,Negative,Borrelia mayonii,HARV_002.20230630.IXOSCA.N,6,2023
HARV,HARV_002,deciduousForest,187.7,2023-06-30,1,Negative,Ehrlichia muris-like,HARV_002.20230630.IXOSCA.N,6,2023
HARV,HARV_002,deciduousForest,187.7,2023-06-30,1,Negative,Borrelia mayonii,HARV_002.20230630.IXOSCA.N,6,2023
HARV,HARV_002,deciduousForest,187.7,2023-06-30,1,Negative,Anaplasma phagocytophilum,HARV_002.20230630.IXOSCA.N,6,2023
HARV,HARV_002,deciduousForest,187.7,2023-06-30,1,Negative,Borrelia miyamotoi,HARV_002.20230630.IXOSCA.N,6,2023
HARV,HARV_002,deciduousForest,187.7,2023-06-30,1,Negative,Babesia microti,HARV_002.20230630.IXOSCA.N,6,2023
HARV,HARV_002,deciduousForest,187.7,2023-06-30,1,Negative,Borrelia sp.,HARV_002.20230630.IXOSCA.N,6,2023
HARV,HARV_002,deciduousForest,187.7,2023-06-30,1,Negative,Ixodes pacificus,HARV_002.20230630.IXOSCA.N,6,2023
HARV,HARV_002,deciduousForest,187.7,2023-06-30,1,Negative,Borrelia mayonii,HARV_002.20230630.IXOSCA.N,6,2023
HARV,HARV_002,deciduousForest,187.7,2023-06-30,1,Positive,Babesia microti,HARV_002.20230630.IXOSCA.N,6,2023
HARV,HARV_002,deciduousForest,187.7,2023-06-30,1,Negative,Ixodes pacificus,HARV_002.20230630.IXOSCA.N,6,2023
HARV,HARV_002,deciduousForest,187.7,2023-06-30,1,Positive,Ixodes scapularis,HARV_002.20230630.IXOSCA.N,6,2023
HARV,HARV_002,deciduousForest,187.7,2023-06-30,1,Negative,Anaplasma phagocytophilum,HARV_002.20230630.IXOSCA.N,6,2023
HARV,HARV_002,deciduousForest,187.7,2023-06-30,1,Negative,Ehrlichia muris-like,HARV_002.20230630.IXOSCA.N,6,2023
HARV,HARV_002,deciduousForest,187.7,2023-06-30,1,Negative,Borrelia burgdorferi sensu lato,HARV_002.20230630.IXOSCA.N,6,2023
HARV,HARV_002,deciduousForest,187.7,2023-06-30,1,Negative,Ehrlichia muris-like,HARV_002.20230630.IXOSCA.N,6,2023
HARV,HARV_002,deciduousForest,187.7,2023-06-30,1,Negative,Borrelia burgdorferi sensu lato,HARV_002.20230630.IXOSCA.N,6,2023
HARV,HARV_002,deciduousForest,187.7,2023-06-30,1,Positive,Babesia microti,HARV_002.20230630.IXOSCA.N,6,2023
